Airtable UUID,Total_Covered_Lives,Weight_Rank_1_to_5
CHIR_IDrecwCLGDesRaFkwcr-290099-AKAdvanced Contro,132640,4
CHIR_IDrecwCLGDesRaFkwcr-290099-AKAdvanced Contro,46891,3
CHIR_IDrecwCLGDesRaFkwcr-290099-AKAdvanced Contro,58482,3
CHIR_IDrecwCLGDesRaFkwcr-290099-AKAdvanced Contro,704405,5
CHIR_IDrecwCLGDesRaFkwcr-290099-AKAdvanced Contro,740513,5
CHIR_IDrecwCLGDesRaFkwcr-290099-AKAdvanced Contro,197468,4
CHIR_IDrecwCLGDesRaFkwcr-290099-AKAdvanced Contro,378144,5
CHIR_IDrecwCLGDesRaFkwcr-290099-AKAdvanced Contro,67059,3
CHIR_IDrecwCLGDesRaFkwcr-290099-AKAdvanced Contro,73720,3
CHIR_IDrecwCLGDesRaFkwcr-290099-AKAdvanced Contro,857532,5
CHIR_IDrecwCLGDesRaFkwcr-290099-AKAdvanced Contro,418676,5
CHIR_IDrecwCLGDesRaFkwcr-290099-AKAdvanced Contro,9592,1
CHIR_IDrecwCLGDesRaFkwcr-290099-AKAdvanced Contro,55779,3
CHIR_IDrecwCLGDesRaFkwcr-290099-AKAdvanced Contro,49999,3
CHIR_IDrecwCLGDesRaFkwcr-290099-AKAdvanced Contro,812430,5
CHIR_IDrecwCLGDesRaFkwcr-290099-AKAdvanced Contro,175857,4
CHIR_IDrecwCLGDesRaFkwcr-290099-AKAdvanced Contro,177639,4
CHIR_IDrecwCLGDesRaFkwcr-290099-AKAdvanced Contro,58362,3
CHIR_IDrecwCLGDesRaFkwcr-290099-AKAdvanced Contro,118854,4
CHIR_IDrecwCLGDesRaFkwcr-290099-AKAdvanced Contro,179689,4
CHIR_IDrecwCLGDesRaFkwcr-290099-AKAdvanced Contro,533634,5
CHIR_IDrecwCLGDesRaFkwcr-290099-AKAdvanced Contro,130809,4
CHIR_IDrecwCLGDesRaFkwcr-290099-AKAdvanced Contro,268339,4
CHIR_IDrecwCLGDesRaFkwcr-290099-AKAdvanced Contro,83122,3
CHIR_IDrecwCLGDesRaFkwcr-290099-AKAdvanced Contro,337061,5
CHIR_IDrecwCLGDesRaFkwcr-290099-AKAdvanced Contro,79188,3
CHIR_IDrecwCLGDesRaFkwcr-290099-AKAdvanced Contro,33876,2
CHIR_IDrecwCLGDesRaFkwcr-290099-AKAdvanced Contro,239473,4
CHIR_IDrecwCLGDesRaFkwcr-290099-AKAdvanced Contro,51518,3
CHIR_IDrecwCLGDesRaFkwcr-290099-AKAdvanced Contro,53999,3
CHIR_IDrecwCLGDesRaFkwcr-290099-AKAdvanced Contro,2964,1
CHIR_IDrecwCLGDesRaFkwcr-290099-AKAdvanced Contro,961192,5
CHIR_IDrec9ghBDY96gYPxhh-290179-NJNew Jersey Educ,961192,5
CHIR_IDrecwCLGDesRaFkwcr-290099-AKAdvanced Contro,25518,2
CHIR_IDrecwCLGDesRaFkwcr-290099-AKAdvanced Contro,122894,4
CHIR_IDrecwCLGDesRaFkwcr-290099-AKAdvanced Contro,985870,5
CHIR_IDrecwCLGDesRaFkwcr-290099-AKAdvanced Contro,533018,5
CHIR_IDrecwCLGDesRaFkwcr-290099-AKAdvanced Contro,185349,4
CHIR_IDrecwCLGDesRaFkwcr-290099-AKAdvanced Contro,259277,4
CHIR_IDrecwCLGDesRaFkwcr-290099-AKAdvanced Contro,876274,5
CHIR_IDrecwCLGDesRaFkwcr-290099-AKAdvanced Contro,19441,2
CHIR_IDrecwCLGDesRaFkwcr-290099-AKAdvanced Contro,104383,4
CHIR_IDrecwCLGDesRaFkwcr-290099-AKAdvanced Contro,14332,2
CHIR_IDrecwCLGDesRaFkwcr-290099-AKAdvanced Contro,244706,4
CHIR_IDrecwCLGDesRaFkwcr-290099-AKAdvanced Contro,2445489,5
CHIR_IDrecwCLGDesRaFkwcr-290099-AKAdvanced Contro,161219,4
CHIR_IDrecwCLGDesRaFkwcr-290099-AKAdvanced Contro,597181,5
CHIR_IDrecwCLGDesRaFkwcr-290099-AKAdvanced Contro,15696,2
CHIR_IDrecwCLGDesRaFkwcr-290099-AKAdvanced Contro,318833,5
CHIR_IDrecwCLGDesRaFkwcr-290099-AKAdvanced Contro,144841,4
CHIR_IDrecwCLGDesRaFkwcr-290099-AKAdvanced Contro,91412,3
CHIR_IDrecwCLGDesRaFkwcr-290099-AKAdvanced Contro,15250,2
CHIR_IDrecthjnRCE5vRUEYp-198183-AKValue Drug Form,1219824,5
CHIR_IDrecJUkHMhy9wFydai-316783-AKCigna National ,16398,2
CHIR_IDrecLeYx1W3KeMjAbG-286395-AKStandard Plus P,16398,2
CHIR_IDrec19rlq1vtNSOYbr-136993-AKCigna Advantage,16398,2
CHIR_IDrecSc9PHbFNuB92wa-268516-AKCigna Total Sav,16398,2
CHIR_IDrecopGdpAEow8JYII-136991-AKCigna Performan,16398,2
CHIR_IDrecFKQWY0a58xrntl-268479-AKCigna Specialty,16398,2
CHIR_IDrecalp2Vf0dSYE8zP-268488-AKCigna Value 4-T,16398,2
CHIR_IDrecrSc38zq5JJ64ol-198422-AKCigna Legacy (S,16398,2
CHIR_IDrecSlQXSljxNDjwxP-268477-AKCigna Standard ,16398,2
CHIR_IDrecvhsz05Tb03gEcw-268489-AKCigna Specialty,16398,2
CHIR_IDrecJd5kD6r5l5kdhh-136990-AKCigna Performan,16398,2
CHIR_IDrec12S6n89bo0pR1H-268513-AKCigna Legacy (P,16398,2
CHIR_IDrecl2FUMKjFmSeaLa-151892-AKCigna Standard ,16398,2
CHIR_IDrech1mbeY7bu1smZ5-136992-AKCigna Advantage,16398,2
CHIR_IDrecQ40lXEB3LnrTmV-268511-AKCigna Legacy (P,16398,2
CHIR_IDreceJlrorRcUoCUC9-268502-AKCigna Legacy (S,16398,2
CHIR_IDrecbPqYntfpVpF3T2-198426-AKCigna Value 3-T,16398,2
CHIR_IDrecuANwgvoPFcpMrm-268528-AKStandard and Pe,16398,2
CHIR_IDrecLhChQdPINtnJPv-268503-AKCigna Specialty,16398,2
CHIR_IDrecHL5acZB4MwThLP-268529-AKValue and Advan,16398,2
CHIR_IDrecIjID5czWzbR1pX-268530-AKLegacy (Standar,16398,2
CHIR_IDrec9TSEoHzm9YHyfK-286394-AKStandard Plan G,16398,2
CHIR_IDreccbA3CpSYRKM9Bt-268535-AKStandard Preven,16398,2
CHIR_IDrecy6gS3Y8oF9iVFd-268534-AKValue and Advan,16398,2
CHIR_IDreceaPYwYqvhwfdbY-268533-AKLegacy (Standar,16398,2
CHIR_IDrec9lezhyppiduMS8-290284-AKLegacy Diabetic,16398,2
CHIR_IDrecz2TOibqNJzGEDX-268532-AKStandard and Pe,16398,2
CHIR_IDrecRDqVEDerLMP7jF-268518-AKCigna National ,16398,2
CHIR_IDrec69p4dVMkC7nJwK-316780-AKCigna National ,16398,2
CHIR_IDrecbkHlq7SP7Ogt7i-316781-AKCigna National ,16398,2
CHIR_IDrecvcjPMepVksvuhe-316782-AKCigna National ,16398,2
CHIR_IDrecb56e5cJCQ6Hmf5-316785-AKCigna National ,16398,2
CHIR_IDrecJUkHMhy9wFydai-316783-AKCigna National ,102118,4
CHIR_IDrecLeYx1W3KeMjAbG-286395-AKStandard Plus P,102118,4
CHIR_IDrec19rlq1vtNSOYbr-136993-AKCigna Advantage,102118,4
CHIR_IDrecSc9PHbFNuB92wa-268516-AKCigna Total Sav,102118,4
CHIR_IDrecopGdpAEow8JYII-136991-AKCigna Performan,102118,4
CHIR_IDrecFKQWY0a58xrntl-268479-AKCigna Specialty,102118,4
CHIR_IDrecalp2Vf0dSYE8zP-268488-AKCigna Value 4-T,102118,4
CHIR_IDrecrSc38zq5JJ64ol-198422-AKCigna Legacy (S,102118,4
CHIR_IDrecSlQXSljxNDjwxP-268477-AKCigna Standard ,102118,4
CHIR_IDrecvhsz05Tb03gEcw-268489-AKCigna Specialty,102118,4
CHIR_IDrecJd5kD6r5l5kdhh-136990-AKCigna Performan,102118,4
CHIR_IDrec12S6n89bo0pR1H-268513-AKCigna Legacy (P,102118,4
CHIR_IDrecl2FUMKjFmSeaLa-151892-AKCigna Standard ,102118,4
CHIR_IDrech1mbeY7bu1smZ5-136992-AKCigna Advantage,102118,4
CHIR_IDrecQ40lXEB3LnrTmV-268511-AKCigna Legacy (P,102118,4
CHIR_IDreceJlrorRcUoCUC9-268502-AKCigna Legacy (S,102118,4
CHIR_IDrecbPqYntfpVpF3T2-198426-AKCigna Value 3-T,102118,4
CHIR_IDrecuANwgvoPFcpMrm-268528-AKStandard and Pe,102118,4
CHIR_IDrecLhChQdPINtnJPv-268503-AKCigna Specialty,102118,4
CHIR_IDrecHL5acZB4MwThLP-268529-AKValue and Advan,102118,4
CHIR_IDrecIjID5czWzbR1pX-268530-AKLegacy (Standar,102118,4
CHIR_IDrec9TSEoHzm9YHyfK-286394-AKStandard Plan G,102118,4
CHIR_IDreccbA3CpSYRKM9Bt-268535-AKStandard Preven,102118,4
CHIR_IDrecy6gS3Y8oF9iVFd-268534-AKValue and Advan,102118,4
CHIR_IDreceaPYwYqvhwfdbY-268533-AKLegacy (Standar,102118,4
CHIR_IDrec9lezhyppiduMS8-290284-AKLegacy Diabetic,102118,4
CHIR_IDrecz2TOibqNJzGEDX-268532-AKStandard and Pe,102118,4
CHIR_IDrecRDqVEDerLMP7jF-268518-AKCigna National ,102118,4
CHIR_IDrec69p4dVMkC7nJwK-316780-AKCigna National ,102118,4
CHIR_IDrecbkHlq7SP7Ogt7i-316781-AKCigna National ,102118,4
CHIR_IDrecvcjPMepVksvuhe-316782-AKCigna National ,102118,4
CHIR_IDrecb56e5cJCQ6Hmf5-316785-AKCigna National ,102118,4
CHIR_IDrecJUkHMhy9wFydai-316783-AKCigna National ,97360,4
CHIR_IDrecLeYx1W3KeMjAbG-286395-AKStandard Plus P,97360,4
CHIR_IDrec19rlq1vtNSOYbr-136993-AKCigna Advantage,97360,4
CHIR_IDrecSc9PHbFNuB92wa-268516-AKCigna Total Sav,97360,4
CHIR_IDrecopGdpAEow8JYII-136991-AKCigna Performan,97360,4
CHIR_IDrecFKQWY0a58xrntl-268479-AKCigna Specialty,97360,4
CHIR_IDrecalp2Vf0dSYE8zP-268488-AKCigna Value 4-T,97360,4
CHIR_IDrecrSc38zq5JJ64ol-198422-AKCigna Legacy (S,97360,4
CHIR_IDrecSlQXSljxNDjwxP-268477-AKCigna Standard ,97360,4
CHIR_IDrecvhsz05Tb03gEcw-268489-AKCigna Specialty,97360,4
CHIR_IDrecJd5kD6r5l5kdhh-136990-AKCigna Performan,97360,4
CHIR_IDrec12S6n89bo0pR1H-268513-AKCigna Legacy (P,97360,4
CHIR_IDrecl2FUMKjFmSeaLa-151892-AKCigna Standard ,97360,4
CHIR_IDrech1mbeY7bu1smZ5-136992-AKCigna Advantage,97360,4
CHIR_IDrecQ40lXEB3LnrTmV-268511-AKCigna Legacy (P,97360,4
CHIR_IDreceJlrorRcUoCUC9-268502-AKCigna Legacy (S,97360,4
CHIR_IDrecbPqYntfpVpF3T2-198426-AKCigna Value 3-T,97360,4
CHIR_IDrecuANwgvoPFcpMrm-268528-AKStandard and Pe,97360,4
CHIR_IDrecLhChQdPINtnJPv-268503-AKCigna Specialty,97360,4
CHIR_IDrecHL5acZB4MwThLP-268529-AKValue and Advan,97360,4
CHIR_IDrecIjID5czWzbR1pX-268530-AKLegacy (Standar,97360,4
CHIR_IDrec9TSEoHzm9YHyfK-286394-AKStandard Plan G,97360,4
CHIR_IDreccbA3CpSYRKM9Bt-268535-AKStandard Preven,97360,4
CHIR_IDrecy6gS3Y8oF9iVFd-268534-AKValue and Advan,97360,4
CHIR_IDreceaPYwYqvhwfdbY-268533-AKLegacy (Standar,97360,4
CHIR_IDrec9lezhyppiduMS8-290284-AKLegacy Diabetic,97360,4
CHIR_IDrecz2TOibqNJzGEDX-268532-AKStandard and Pe,97360,4
CHIR_IDrecRDqVEDerLMP7jF-268518-AKCigna National ,97360,4
CHIR_IDrec69p4dVMkC7nJwK-316780-AKCigna National ,97360,4
CHIR_IDrecbkHlq7SP7Ogt7i-316781-AKCigna National ,97360,4
CHIR_IDrecvcjPMepVksvuhe-316782-AKCigna National ,97360,4
CHIR_IDrecb56e5cJCQ6Hmf5-316785-AKCigna National ,97360,4
CHIR_IDrec8XHi8XHpAmgl09-301799-AZOscar and Cigna,352125,5
CHIR_IDrecJUkHMhy9wFydai-316783-AKCigna National ,352125,5
CHIR_IDrec7AIzuLz4CznuBE-315720-AZCigna Premiere ,352125,5
CHIR_IDrec1TkkGpQ2uF6bDK-199850-AZCigna Rx Premie,352125,5
CHIR_IDrecLeYx1W3KeMjAbG-286395-AKStandard Plus P,352125,5
CHIR_IDrec19rlq1vtNSOYbr-136993-AKCigna Advantage,352125,5
CHIR_IDrecSc9PHbFNuB92wa-268516-AKCigna Total Sav,352125,5
CHIR_IDrecopGdpAEow8JYII-136991-AKCigna Performan,352125,5
CHIR_IDrecFKQWY0a58xrntl-268479-AKCigna Specialty,352125,5
CHIR_IDrecalp2Vf0dSYE8zP-268488-AKCigna Value 4-T,352125,5
CHIR_IDrecrSc38zq5JJ64ol-198422-AKCigna Legacy (S,352125,5
CHIR_IDrecSlQXSljxNDjwxP-268477-AKCigna Standard ,352125,5
CHIR_IDrecvhsz05Tb03gEcw-268489-AKCigna Specialty,352125,5
CHIR_IDrecJd5kD6r5l5kdhh-136990-AKCigna Performan,352125,5
CHIR_IDrec12S6n89bo0pR1H-268513-AKCigna Legacy (P,352125,5
CHIR_IDrecl2FUMKjFmSeaLa-151892-AKCigna Standard ,352125,5
CHIR_IDrech1mbeY7bu1smZ5-136992-AKCigna Advantage,352125,5
CHIR_IDrecQ40lXEB3LnrTmV-268511-AKCigna Legacy (P,352125,5
CHIR_IDreceJlrorRcUoCUC9-268502-AKCigna Legacy (S,352125,5
CHIR_IDrecbPqYntfpVpF3T2-198426-AKCigna Value 3-T,352125,5
CHIR_IDrecuANwgvoPFcpMrm-268528-AKStandard and Pe,352125,5
CHIR_IDrecLhChQdPINtnJPv-268503-AKCigna Specialty,352125,5
CHIR_IDrecHL5acZB4MwThLP-268529-AKValue and Advan,352125,5
CHIR_IDrecIjID5czWzbR1pX-268530-AKLegacy (Standar,352125,5
CHIR_IDrec9TSEoHzm9YHyfK-286394-AKStandard Plan G,352125,5
CHIR_IDreccbA3CpSYRKM9Bt-268535-AKStandard Preven,352125,5
CHIR_IDrecy6gS3Y8oF9iVFd-268534-AKValue and Advan,352125,5
CHIR_IDreceaPYwYqvhwfdbY-268533-AKLegacy (Standar,352125,5
CHIR_IDrec9lezhyppiduMS8-290284-AKLegacy Diabetic,352125,5
CHIR_IDrecz2TOibqNJzGEDX-268532-AKStandard and Pe,352125,5
CHIR_IDrecRDqVEDerLMP7jF-268518-AKCigna National ,352125,5
CHIR_IDrec69p4dVMkC7nJwK-316780-AKCigna National ,352125,5
CHIR_IDrecbkHlq7SP7Ogt7i-316781-AKCigna National ,352125,5
CHIR_IDrecvcjPMepVksvuhe-316782-AKCigna National ,352125,5
CHIR_IDrecb56e5cJCQ6Hmf5-316785-AKCigna National ,352125,5
CHIR_IDrecCKd9ou6oLEKtG8-316796-CACigna National ,887262,5
CHIR_IDrec2wHHlTA6YHpzo6-316797-CACigna National ,887262,5
CHIR_IDrecFVf6CGLVgwPnNp-316787-CACigna National ,887262,5
CHIR_IDrecz9PX0eb2hqzpIV-316786-CACigna National ,887262,5
CHIR_IDrecjT083Nk14tOagv-316788-CACigna National ,887262,5
CHIR_IDrecYMNmvk80tSBU2X-301803-CAOscar and Cigna,887262,5
CHIR_IDreca9XzQkdTf86EUo-316794-CACigna National ,887262,5
CHIR_IDrecJUkHMhy9wFydai-316783-AKCigna National ,887262,5
CHIR_IDrecZp60qazvEOCOIe-316793-CACigna National ,887262,5
CHIR_IDrecwKFCq7JLOuT0Bi-316789-CACigna National ,887262,5
CHIR_IDrecusdGJp8vXTL9qw-316792-CACigna National ,887262,5
CHIR_IDrec3JRUHq6kAMUXBe-268519-CACigna National ,887262,5
CHIR_IDrecx3sTGQuwDRV5AK-268520-CACigna National ,887262,5
CHIR_IDrecLeYx1W3KeMjAbG-286395-AKStandard Plus P,887262,5
CHIR_IDrectHaioBXOsI6cqX-268501-CACigna Advantage,887262,5
CHIR_IDreco8dzvWMiavZF7e-268500-CACigna Advantage,887262,5
CHIR_IDrec5boxnyE0YH8kjB-268497-CACigna Performan,887262,5
CHIR_IDrecsyKu9FxwVFcOyd-268498-CACigna Performan,887262,5
CHIR_IDrecLf3fWd431A9nHM-268514-CACigna Legacy (P,887262,5
CHIR_IDrecYVBm9MdEPWXQeU-268515-CACigna Legacy (P,887262,5
CHIR_IDrecnYvV4HVyFnTJWs-268496-CACigna Specialty,887262,5
CHIR_IDrecsV0fdNb8FvaEPw-268491-CACigna Value 3-T,887262,5
CHIR_IDrecOujHsueib5cDzA-268493-CACigna Value 4-T,887262,5
CHIR_IDrecmnXCnXMOZRdmLV-268481-CACigna Standard ,887262,5
CHIR_IDreczN89f6WNs77hqx-268486-CACigna Specialty,887262,5
CHIR_IDrecsVOQur4ZI5L2A9-268492-CACigna Value 3-T,887262,5
CHIR_IDrecIfPO3U7ZvTTZCs-268494-CACigna Value 4-T,887262,5
CHIR_IDrecsPx1FO1IQwUgn1-268495-CACigna Specialty,887262,5
CHIR_IDrecLamNQ2VlIRIz2r-268483-CACigna Standard ,887262,5
CHIR_IDrecynhegPVjTmxsw5-268482-CACigna Standard ,887262,5
CHIR_IDrec4Qr94xDlYrbRga-268504-CACigna Legacy (S,887262,5
CHIR_IDrecF2s1rGKZjNLRgl-268505-CACigna Legacy (S,887262,5
CHIR_IDrecBE4b7RoZccHPkC-268510-CACigna Specialty,887262,5
CHIR_IDrecRiX2gUWorPfloW-268509-CACigna Specialty,887262,5
CHIR_IDrecdXPtGEJHO8qAel-268507-CACigna Legacy (S,887262,5
CHIR_IDrecIVRi7gup9Oe04p-268506-CACigna Legacy (S,887262,5
CHIR_IDrec19rlq1vtNSOYbr-136993-AKCigna Advantage,887262,5
CHIR_IDrecSc9PHbFNuB92wa-268516-AKCigna Total Sav,887262,5
CHIR_IDrecopGdpAEow8JYII-136991-AKCigna Performan,887262,5
CHIR_IDrecFKQWY0a58xrntl-268479-AKCigna Specialty,887262,5
CHIR_IDrec2htHm6fFJXcnVe-268485-CACigna Specialty,887262,5
CHIR_IDrecalp2Vf0dSYE8zP-268488-AKCigna Value 4-T,887262,5
CHIR_IDrecrSc38zq5JJ64ol-198422-AKCigna Legacy (S,887262,5
CHIR_IDrecSlQXSljxNDjwxP-268477-AKCigna Standard ,887262,5
CHIR_IDrecvhsz05Tb03gEcw-268489-AKCigna Specialty,887262,5
CHIR_IDrecJd5kD6r5l5kdhh-136990-AKCigna Performan,887262,5
CHIR_IDrec12S6n89bo0pR1H-268513-AKCigna Legacy (P,887262,5
CHIR_IDrecl2FUMKjFmSeaLa-151892-AKCigna Standard ,887262,5
CHIR_IDrech1mbeY7bu1smZ5-136992-AKCigna Advantage,887262,5
CHIR_IDrecQ40lXEB3LnrTmV-268511-AKCigna Legacy (P,887262,5
CHIR_IDreceJlrorRcUoCUC9-268502-AKCigna Legacy (S,887262,5
CHIR_IDrecbPqYntfpVpF3T2-198426-AKCigna Value 3-T,887262,5
CHIR_IDrecuANwgvoPFcpMrm-268528-AKStandard and Pe,887262,5
CHIR_IDrecLhChQdPINtnJPv-268503-AKCigna Specialty,887262,5
CHIR_IDrecHL5acZB4MwThLP-268529-AKValue and Advan,887262,5
CHIR_IDrecIjID5czWzbR1pX-268530-AKLegacy (Standar,887262,5
CHIR_IDrec9TSEoHzm9YHyfK-286394-AKStandard Plan G,887262,5
CHIR_IDreccbA3CpSYRKM9Bt-268535-AKStandard Preven,887262,5
CHIR_IDrec71qAIVXcOAfMpZ-268517-CACigna Total Sav,887262,5
CHIR_IDreck4PQrMrU1HNgAH-268484-CACigna Standard ,887262,5
CHIR_IDrechaSNIScHw2dU0W-316791-CACigna National ,887262,5
CHIR_IDrecy6gS3Y8oF9iVFd-268534-AKValue and Advan,887262,5
CHIR_IDreceaPYwYqvhwfdbY-268533-AKLegacy (Standar,887262,5
CHIR_IDrec9lezhyppiduMS8-290284-AKLegacy Diabetic,887262,5
CHIR_IDrecz2TOibqNJzGEDX-268532-AKStandard and Pe,887262,5
CHIR_IDrecRDqVEDerLMP7jF-268518-AKCigna National ,887262,5
CHIR_IDrec69p4dVMkC7nJwK-316780-AKCigna National ,887262,5
CHIR_IDrecbkHlq7SP7Ogt7i-316781-AKCigna National ,887262,5
CHIR_IDrecvcjPMepVksvuhe-316782-AKCigna National ,887262,5
CHIR_IDrecb56e5cJCQ6Hmf5-316785-AKCigna National ,887262,5
CHIR_IDrecJUkHMhy9wFydai-316783-AKCigna National ,563495,5
CHIR_IDrecu6kCoiBjWI3ilg-199851-COCigna Rx Essent,563495,5
CHIR_IDrecLeYx1W3KeMjAbG-286395-AKStandard Plus P,563495,5
CHIR_IDrec19rlq1vtNSOYbr-136993-AKCigna Advantage,563495,5
CHIR_IDrecSc9PHbFNuB92wa-268516-AKCigna Total Sav,563495,5
CHIR_IDrecopGdpAEow8JYII-136991-AKCigna Performan,563495,5
CHIR_IDrecFKQWY0a58xrntl-268479-AKCigna Specialty,563495,5
CHIR_IDrecalp2Vf0dSYE8zP-268488-AKCigna Value 4-T,563495,5
CHIR_IDrecrSc38zq5JJ64ol-198422-AKCigna Legacy (S,563495,5
CHIR_IDrecSlQXSljxNDjwxP-268477-AKCigna Standard ,563495,5
CHIR_IDrecvhsz05Tb03gEcw-268489-AKCigna Specialty,563495,5
CHIR_IDrecJd5kD6r5l5kdhh-136990-AKCigna Performan,563495,5
CHIR_IDrec12S6n89bo0pR1H-268513-AKCigna Legacy (P,563495,5
CHIR_IDrecl2FUMKjFmSeaLa-151892-AKCigna Standard ,563495,5
CHIR_IDrech1mbeY7bu1smZ5-136992-AKCigna Advantage,563495,5
CHIR_IDrecQ40lXEB3LnrTmV-268511-AKCigna Legacy (P,563495,5
CHIR_IDreceJlrorRcUoCUC9-268502-AKCigna Legacy (S,563495,5
CHIR_IDrecbPqYntfpVpF3T2-198426-AKCigna Value 3-T,563495,5
CHIR_IDrecuANwgvoPFcpMrm-268528-AKStandard and Pe,563495,5
CHIR_IDrecLhChQdPINtnJPv-268503-AKCigna Specialty,563495,5
CHIR_IDrecHL5acZB4MwThLP-268529-AKValue and Advan,563495,5
CHIR_IDrecIjID5czWzbR1pX-268530-AKLegacy (Standar,563495,5
CHIR_IDrec9TSEoHzm9YHyfK-286394-AKStandard Plan G,563495,5
CHIR_IDreccbA3CpSYRKM9Bt-268535-AKStandard Preven,563495,5
CHIR_IDrecy6gS3Y8oF9iVFd-268534-AKValue and Advan,563495,5
CHIR_IDreceaPYwYqvhwfdbY-268533-AKLegacy (Standar,563495,5
CHIR_IDrec9lezhyppiduMS8-290284-AKLegacy Diabetic,563495,5
CHIR_IDrecz2TOibqNJzGEDX-268532-AKStandard and Pe,563495,5
CHIR_IDrecRDqVEDerLMP7jF-268518-AKCigna National ,563495,5
CHIR_IDrec69p4dVMkC7nJwK-316780-AKCigna National ,563495,5
CHIR_IDrecbkHlq7SP7Ogt7i-316781-AKCigna National ,563495,5
CHIR_IDrecvcjPMepVksvuhe-316782-AKCigna National ,563495,5
CHIR_IDrecb56e5cJCQ6Hmf5-316785-AKCigna National ,563495,5
CHIR_IDrecavtiNO8tA0sADe-301806-CTOscar and Cigna,352200,5
CHIR_IDrecJUkHMhy9wFydai-316783-AKCigna National ,352200,5
CHIR_IDrecLeYx1W3KeMjAbG-286395-AKStandard Plus P,352200,5
CHIR_IDrec19rlq1vtNSOYbr-136993-AKCigna Advantage,352200,5
CHIR_IDrecSc9PHbFNuB92wa-268516-AKCigna Total Sav,352200,5
CHIR_IDrecopGdpAEow8JYII-136991-AKCigna Performan,352200,5
CHIR_IDrecFKQWY0a58xrntl-268479-AKCigna Specialty,352200,5
CHIR_IDrecalp2Vf0dSYE8zP-268488-AKCigna Value 4-T,352200,5
CHIR_IDrecrSc38zq5JJ64ol-198422-AKCigna Legacy (S,352200,5
CHIR_IDrecSlQXSljxNDjwxP-268477-AKCigna Standard ,352200,5
CHIR_IDrecvhsz05Tb03gEcw-268489-AKCigna Specialty,352200,5
CHIR_IDrecJd5kD6r5l5kdhh-136990-AKCigna Performan,352200,5
CHIR_IDrec12S6n89bo0pR1H-268513-AKCigna Legacy (P,352200,5
CHIR_IDrecl2FUMKjFmSeaLa-151892-AKCigna Standard ,352200,5
CHIR_IDrech1mbeY7bu1smZ5-136992-AKCigna Advantage,352200,5
CHIR_IDrecQ40lXEB3LnrTmV-268511-AKCigna Legacy (P,352200,5
CHIR_IDreceJlrorRcUoCUC9-268502-AKCigna Legacy (S,352200,5
CHIR_IDrecbPqYntfpVpF3T2-198426-AKCigna Value 3-T,352200,5
CHIR_IDrecuANwgvoPFcpMrm-268528-AKStandard and Pe,352200,5
CHIR_IDrecLhChQdPINtnJPv-268503-AKCigna Specialty,352200,5
CHIR_IDrecHL5acZB4MwThLP-268529-AKValue and Advan,352200,5
CHIR_IDrecIjID5czWzbR1pX-268530-AKLegacy (Standar,352200,5
CHIR_IDrec9TSEoHzm9YHyfK-286394-AKStandard Plan G,352200,5
CHIR_IDreccbA3CpSYRKM9Bt-268535-AKStandard Preven,352200,5
CHIR_IDrecy6gS3Y8oF9iVFd-268534-AKValue and Advan,352200,5
CHIR_IDreceaPYwYqvhwfdbY-268533-AKLegacy (Standar,352200,5
CHIR_IDrec9lezhyppiduMS8-290284-AKLegacy Diabetic,352200,5
CHIR_IDrecz2TOibqNJzGEDX-268532-AKStandard and Pe,352200,5
CHIR_IDrecRDqVEDerLMP7jF-268518-AKCigna National ,352200,5
CHIR_IDrec69p4dVMkC7nJwK-316780-AKCigna National ,352200,5
CHIR_IDrecbkHlq7SP7Ogt7i-316781-AKCigna National ,352200,5
CHIR_IDrecvcjPMepVksvuhe-316782-AKCigna National ,352200,5
CHIR_IDrecb56e5cJCQ6Hmf5-316785-AKCigna National ,352200,5
CHIR_IDrecJUkHMhy9wFydai-316783-AKCigna National ,35242,2
CHIR_IDrecLeYx1W3KeMjAbG-286395-AKStandard Plus P,35242,2
CHIR_IDrec19rlq1vtNSOYbr-136993-AKCigna Advantage,35242,2
CHIR_IDrecSc9PHbFNuB92wa-268516-AKCigna Total Sav,35242,2
CHIR_IDrecopGdpAEow8JYII-136991-AKCigna Performan,35242,2
CHIR_IDrecFKQWY0a58xrntl-268479-AKCigna Specialty,35242,2
CHIR_IDrecalp2Vf0dSYE8zP-268488-AKCigna Value 4-T,35242,2
CHIR_IDrecrSc38zq5JJ64ol-198422-AKCigna Legacy (S,35242,2
CHIR_IDrecSlQXSljxNDjwxP-268477-AKCigna Standard ,35242,2
CHIR_IDrecvhsz05Tb03gEcw-268489-AKCigna Specialty,35242,2
CHIR_IDrecJd5kD6r5l5kdhh-136990-AKCigna Performan,35242,2
CHIR_IDrec12S6n89bo0pR1H-268513-AKCigna Legacy (P,35242,2
CHIR_IDrecl2FUMKjFmSeaLa-151892-AKCigna Standard ,35242,2
CHIR_IDrech1mbeY7bu1smZ5-136992-AKCigna Advantage,35242,2
CHIR_IDrecQ40lXEB3LnrTmV-268511-AKCigna Legacy (P,35242,2
CHIR_IDreceJlrorRcUoCUC9-268502-AKCigna Legacy (S,35242,2
CHIR_IDrecbPqYntfpVpF3T2-198426-AKCigna Value 3-T,35242,2
CHIR_IDrecuANwgvoPFcpMrm-268528-AKStandard and Pe,35242,2
CHIR_IDrecLhChQdPINtnJPv-268503-AKCigna Specialty,35242,2
CHIR_IDrecHL5acZB4MwThLP-268529-AKValue and Advan,35242,2
CHIR_IDrecIjID5czWzbR1pX-268530-AKLegacy (Standar,35242,2
CHIR_IDrec9TSEoHzm9YHyfK-286394-AKStandard Plan G,35242,2
CHIR_IDreccbA3CpSYRKM9Bt-268535-AKStandard Preven,35242,2
CHIR_IDrecy6gS3Y8oF9iVFd-268534-AKValue and Advan,35242,2
CHIR_IDreceaPYwYqvhwfdbY-268533-AKLegacy (Standar,35242,2
CHIR_IDrec9lezhyppiduMS8-290284-AKLegacy Diabetic,35242,2
CHIR_IDrecz2TOibqNJzGEDX-268532-AKStandard and Pe,35242,2
CHIR_IDrecRDqVEDerLMP7jF-268518-AKCigna National ,35242,2
CHIR_IDrec69p4dVMkC7nJwK-316780-AKCigna National ,35242,2
CHIR_IDrecbkHlq7SP7Ogt7i-316781-AKCigna National ,35242,2
CHIR_IDrecvcjPMepVksvuhe-316782-AKCigna National ,35242,2
CHIR_IDrecb56e5cJCQ6Hmf5-316785-AKCigna National ,35242,2
CHIR_IDrecJUkHMhy9wFydai-316783-AKCigna National ,46945,3
CHIR_IDrecLeYx1W3KeMjAbG-286395-AKStandard Plus P,46945,3
CHIR_IDrec19rlq1vtNSOYbr-136993-AKCigna Advantage,46945,3
CHIR_IDrecSc9PHbFNuB92wa-268516-AKCigna Total Sav,46945,3
CHIR_IDrecopGdpAEow8JYII-136991-AKCigna Performan,46945,3
CHIR_IDrecFKQWY0a58xrntl-268479-AKCigna Specialty,46945,3
CHIR_IDrecalp2Vf0dSYE8zP-268488-AKCigna Value 4-T,46945,3
CHIR_IDrecrSc38zq5JJ64ol-198422-AKCigna Legacy (S,46945,3
CHIR_IDrecSlQXSljxNDjwxP-268477-AKCigna Standard ,46945,3
CHIR_IDrecvhsz05Tb03gEcw-268489-AKCigna Specialty,46945,3
CHIR_IDrecJd5kD6r5l5kdhh-136990-AKCigna Performan,46945,3
CHIR_IDrec12S6n89bo0pR1H-268513-AKCigna Legacy (P,46945,3
CHIR_IDrecl2FUMKjFmSeaLa-151892-AKCigna Standard ,46945,3
CHIR_IDrech1mbeY7bu1smZ5-136992-AKCigna Advantage,46945,3
CHIR_IDrecQ40lXEB3LnrTmV-268511-AKCigna Legacy (P,46945,3
CHIR_IDreceJlrorRcUoCUC9-268502-AKCigna Legacy (S,46945,3
CHIR_IDrecbPqYntfpVpF3T2-198426-AKCigna Value 3-T,46945,3
CHIR_IDrecuANwgvoPFcpMrm-268528-AKStandard and Pe,46945,3
CHIR_IDrecLhChQdPINtnJPv-268503-AKCigna Specialty,46945,3
CHIR_IDrecHL5acZB4MwThLP-268529-AKValue and Advan,46945,3
CHIR_IDrecIjID5czWzbR1pX-268530-AKLegacy (Standar,46945,3
CHIR_IDrec9TSEoHzm9YHyfK-286394-AKStandard Plan G,46945,3
CHIR_IDreccbA3CpSYRKM9Bt-268535-AKStandard Preven,46945,3
CHIR_IDrecy6gS3Y8oF9iVFd-268534-AKValue and Advan,46945,3
CHIR_IDreceaPYwYqvhwfdbY-268533-AKLegacy (Standar,46945,3
CHIR_IDrec9lezhyppiduMS8-290284-AKLegacy Diabetic,46945,3
CHIR_IDrecz2TOibqNJzGEDX-268532-AKStandard and Pe,46945,3
CHIR_IDrecRDqVEDerLMP7jF-268518-AKCigna National ,46945,3
CHIR_IDrec69p4dVMkC7nJwK-316780-AKCigna National ,46945,3
CHIR_IDrecbkHlq7SP7Ogt7i-316781-AKCigna National ,46945,3
CHIR_IDrecvcjPMepVksvuhe-316782-AKCigna National ,46945,3
CHIR_IDrecb56e5cJCQ6Hmf5-316785-AKCigna National ,46945,3
CHIR_IDrecJUkHMhy9wFydai-316783-AKCigna National ,1174017,5
CHIR_IDrecSGoB9fMDWK7rxb-199852-FLCigna Rx Plus 5,1174017,5
CHIR_IDrecd4qtuaL8eFOiQO-315721-FLCigna Plus 4-Ti,1174017,5
CHIR_IDrecLeYx1W3KeMjAbG-286395-AKStandard Plus P,1174017,5
CHIR_IDrec19rlq1vtNSOYbr-136993-AKCigna Advantage,1174017,5
CHIR_IDrecSc9PHbFNuB92wa-268516-AKCigna Total Sav,1174017,5
CHIR_IDrecopGdpAEow8JYII-136991-AKCigna Performan,1174017,5
CHIR_IDrecFKQWY0a58xrntl-268479-AKCigna Specialty,1174017,5
CHIR_IDrecalp2Vf0dSYE8zP-268488-AKCigna Value 4-T,1174017,5
CHIR_IDrecrSc38zq5JJ64ol-198422-AKCigna Legacy (S,1174017,5
CHIR_IDrecSlQXSljxNDjwxP-268477-AKCigna Standard ,1174017,5
CHIR_IDrecvhsz05Tb03gEcw-268489-AKCigna Specialty,1174017,5
CHIR_IDrecJd5kD6r5l5kdhh-136990-AKCigna Performan,1174017,5
CHIR_IDrec12S6n89bo0pR1H-268513-AKCigna Legacy (P,1174017,5
CHIR_IDrecl2FUMKjFmSeaLa-151892-AKCigna Standard ,1174017,5
CHIR_IDrech1mbeY7bu1smZ5-136992-AKCigna Advantage,1174017,5
CHIR_IDrecQ40lXEB3LnrTmV-268511-AKCigna Legacy (P,1174017,5
CHIR_IDreceJlrorRcUoCUC9-268502-AKCigna Legacy (S,1174017,5
CHIR_IDrecbPqYntfpVpF3T2-198426-AKCigna Value 3-T,1174017,5
CHIR_IDrecuANwgvoPFcpMrm-268528-AKStandard and Pe,1174017,5
CHIR_IDrecLhChQdPINtnJPv-268503-AKCigna Specialty,1174017,5
CHIR_IDrecHL5acZB4MwThLP-268529-AKValue and Advan,1174017,5
CHIR_IDrecIjID5czWzbR1pX-268530-AKLegacy (Standar,1174017,5
CHIR_IDrec9TSEoHzm9YHyfK-286394-AKStandard Plan G,1174017,5
CHIR_IDreccbA3CpSYRKM9Bt-268535-AKStandard Preven,1174017,5
CHIR_IDrecy6gS3Y8oF9iVFd-268534-AKValue and Advan,1174017,5
CHIR_IDreceaPYwYqvhwfdbY-268533-AKLegacy (Standar,1174017,5
CHIR_IDrec9lezhyppiduMS8-290284-AKLegacy Diabetic,1174017,5
CHIR_IDrecz2TOibqNJzGEDX-268532-AKStandard and Pe,1174017,5
CHIR_IDrecRDqVEDerLMP7jF-268518-AKCigna National ,1174017,5
CHIR_IDrec69p4dVMkC7nJwK-316780-AKCigna National ,1174017,5
CHIR_IDrecbkHlq7SP7Ogt7i-316781-AKCigna National ,1174017,5
CHIR_IDrecvcjPMepVksvuhe-316782-AKCigna National ,1174017,5
CHIR_IDrecb56e5cJCQ6Hmf5-316785-AKCigna National ,1174017,5
CHIR_IDrecXKPcpVxGYyghZt-301923-GAOscar and Cigna,586917,5
CHIR_IDrecJUkHMhy9wFydai-316783-AKCigna National ,586917,5
CHIR_IDrecHyYRqsK42c4Ufu-290261-GACigna Plus 5-Ti,586917,5
CHIR_IDrecLeYx1W3KeMjAbG-286395-AKStandard Plus P,586917,5
CHIR_IDrec19rlq1vtNSOYbr-136993-AKCigna Advantage,586917,5
CHIR_IDrecSc9PHbFNuB92wa-268516-AKCigna Total Sav,586917,5
CHIR_IDrecopGdpAEow8JYII-136991-AKCigna Performan,586917,5
CHIR_IDrecFKQWY0a58xrntl-268479-AKCigna Specialty,586917,5
CHIR_IDrecalp2Vf0dSYE8zP-268488-AKCigna Value 4-T,586917,5
CHIR_IDrecrSc38zq5JJ64ol-198422-AKCigna Legacy (S,586917,5
CHIR_IDrecSlQXSljxNDjwxP-268477-AKCigna Standard ,586917,5
CHIR_IDrecvhsz05Tb03gEcw-268489-AKCigna Specialty,586917,5
CHIR_IDrecJd5kD6r5l5kdhh-136990-AKCigna Performan,586917,5
CHIR_IDrec12S6n89bo0pR1H-268513-AKCigna Legacy (P,586917,5
CHIR_IDrecl2FUMKjFmSeaLa-151892-AKCigna Standard ,586917,5
CHIR_IDrech1mbeY7bu1smZ5-136992-AKCigna Advantage,586917,5
CHIR_IDrecQ40lXEB3LnrTmV-268511-AKCigna Legacy (P,586917,5
CHIR_IDreceJlrorRcUoCUC9-268502-AKCigna Legacy (S,586917,5
CHIR_IDrecbPqYntfpVpF3T2-198426-AKCigna Value 3-T,586917,5
CHIR_IDrecuANwgvoPFcpMrm-268528-AKStandard and Pe,586917,5
CHIR_IDrecLhChQdPINtnJPv-268503-AKCigna Specialty,586917,5
CHIR_IDrecHL5acZB4MwThLP-268529-AKValue and Advan,586917,5
CHIR_IDrecIjID5czWzbR1pX-268530-AKLegacy (Standar,586917,5
CHIR_IDrec9TSEoHzm9YHyfK-286394-AKStandard Plan G,586917,5
CHIR_IDreccbA3CpSYRKM9Bt-268535-AKStandard Preven,586917,5
CHIR_IDrecy6gS3Y8oF9iVFd-268534-AKValue and Advan,586917,5
CHIR_IDreceaPYwYqvhwfdbY-268533-AKLegacy (Standar,586917,5
CHIR_IDrec9lezhyppiduMS8-290284-AKLegacy Diabetic,586917,5
CHIR_IDrecz2TOibqNJzGEDX-268532-AKStandard and Pe,586917,5
CHIR_IDrecRDqVEDerLMP7jF-268518-AKCigna National ,586917,5
CHIR_IDrec69p4dVMkC7nJwK-316780-AKCigna National ,586917,5
CHIR_IDrecbkHlq7SP7Ogt7i-316781-AKCigna National ,586917,5
CHIR_IDrecvcjPMepVksvuhe-316782-AKCigna National ,586917,5
CHIR_IDrecb56e5cJCQ6Hmf5-316785-AKCigna National ,586917,5
CHIR_IDrecJUkHMhy9wFydai-316783-AKCigna National ,58701,3
CHIR_IDrecLeYx1W3KeMjAbG-286395-AKStandard Plus P,58701,3
CHIR_IDrec19rlq1vtNSOYbr-136993-AKCigna Advantage,58701,3
CHIR_IDrecSc9PHbFNuB92wa-268516-AKCigna Total Sav,58701,3
CHIR_IDrecopGdpAEow8JYII-136991-AKCigna Performan,58701,3
CHIR_IDrecFKQWY0a58xrntl-268479-AKCigna Specialty,58701,3
CHIR_IDrecalp2Vf0dSYE8zP-268488-AKCigna Value 4-T,58701,3
CHIR_IDrecrSc38zq5JJ64ol-198422-AKCigna Legacy (S,58701,3
CHIR_IDrecSlQXSljxNDjwxP-268477-AKCigna Standard ,58701,3
CHIR_IDrecvhsz05Tb03gEcw-268489-AKCigna Specialty,58701,3
CHIR_IDrecJd5kD6r5l5kdhh-136990-AKCigna Performan,58701,3
CHIR_IDrec12S6n89bo0pR1H-268513-AKCigna Legacy (P,58701,3
CHIR_IDrecl2FUMKjFmSeaLa-151892-AKCigna Standard ,58701,3
CHIR_IDrech1mbeY7bu1smZ5-136992-AKCigna Advantage,58701,3
CHIR_IDrecQ40lXEB3LnrTmV-268511-AKCigna Legacy (P,58701,3
CHIR_IDreceJlrorRcUoCUC9-268502-AKCigna Legacy (S,58701,3
CHIR_IDrecbPqYntfpVpF3T2-198426-AKCigna Value 3-T,58701,3
CHIR_IDrecuANwgvoPFcpMrm-268528-AKStandard and Pe,58701,3
CHIR_IDrecLhChQdPINtnJPv-268503-AKCigna Specialty,58701,3
CHIR_IDrecHL5acZB4MwThLP-268529-AKValue and Advan,58701,3
CHIR_IDrecIjID5czWzbR1pX-268530-AKLegacy (Standar,58701,3
CHIR_IDrec9TSEoHzm9YHyfK-286394-AKStandard Plan G,58701,3
CHIR_IDreccbA3CpSYRKM9Bt-268535-AKStandard Preven,58701,3
CHIR_IDrecy6gS3Y8oF9iVFd-268534-AKValue and Advan,58701,3
CHIR_IDreceaPYwYqvhwfdbY-268533-AKLegacy (Standar,58701,3
CHIR_IDrec9lezhyppiduMS8-290284-AKLegacy Diabetic,58701,3
CHIR_IDrecz2TOibqNJzGEDX-268532-AKStandard and Pe,58701,3
CHIR_IDrecRDqVEDerLMP7jF-268518-AKCigna National ,58701,3
CHIR_IDrec69p4dVMkC7nJwK-316780-AKCigna National ,58701,3
CHIR_IDrecbkHlq7SP7Ogt7i-316781-AKCigna National ,58701,3
CHIR_IDrecvcjPMepVksvuhe-316782-AKCigna National ,58701,3
CHIR_IDrecb56e5cJCQ6Hmf5-316785-AKCigna National ,58701,3
CHIR_IDrecJUkHMhy9wFydai-316783-AKCigna National ,93971,4
CHIR_IDrecLeYx1W3KeMjAbG-286395-AKStandard Plus P,93971,4
CHIR_IDrec19rlq1vtNSOYbr-136993-AKCigna Advantage,93971,4
CHIR_IDrecSc9PHbFNuB92wa-268516-AKCigna Total Sav,93971,4
CHIR_IDrecopGdpAEow8JYII-136991-AKCigna Performan,93971,4
CHIR_IDrecFKQWY0a58xrntl-268479-AKCigna Specialty,93971,4
CHIR_IDrecalp2Vf0dSYE8zP-268488-AKCigna Value 4-T,93971,4
CHIR_IDrecrSc38zq5JJ64ol-198422-AKCigna Legacy (S,93971,4
CHIR_IDrecSlQXSljxNDjwxP-268477-AKCigna Standard ,93971,4
CHIR_IDrecvhsz05Tb03gEcw-268489-AKCigna Specialty,93971,4
CHIR_IDrecJd5kD6r5l5kdhh-136990-AKCigna Performan,93971,4
CHIR_IDrec12S6n89bo0pR1H-268513-AKCigna Legacy (P,93971,4
CHIR_IDrecl2FUMKjFmSeaLa-151892-AKCigna Standard ,93971,4
CHIR_IDrech1mbeY7bu1smZ5-136992-AKCigna Advantage,93971,4
CHIR_IDrecQ40lXEB3LnrTmV-268511-AKCigna Legacy (P,93971,4
CHIR_IDreceJlrorRcUoCUC9-268502-AKCigna Legacy (S,93971,4
CHIR_IDrecbPqYntfpVpF3T2-198426-AKCigna Value 3-T,93971,4
CHIR_IDrecuANwgvoPFcpMrm-268528-AKStandard and Pe,93971,4
CHIR_IDrecLhChQdPINtnJPv-268503-AKCigna Specialty,93971,4
CHIR_IDrecHL5acZB4MwThLP-268529-AKValue and Advan,93971,4
CHIR_IDrecIjID5czWzbR1pX-268530-AKLegacy (Standar,93971,4
CHIR_IDrec9TSEoHzm9YHyfK-286394-AKStandard Plan G,93971,4
CHIR_IDreccbA3CpSYRKM9Bt-268535-AKStandard Preven,93971,4
CHIR_IDrecy6gS3Y8oF9iVFd-268534-AKValue and Advan,93971,4
CHIR_IDreceaPYwYqvhwfdbY-268533-AKLegacy (Standar,93971,4
CHIR_IDrec9lezhyppiduMS8-290284-AKLegacy Diabetic,93971,4
CHIR_IDrecz2TOibqNJzGEDX-268532-AKStandard and Pe,93971,4
CHIR_IDrecRDqVEDerLMP7jF-268518-AKCigna National ,93971,4
CHIR_IDrec69p4dVMkC7nJwK-316780-AKCigna National ,93971,4
CHIR_IDrecbkHlq7SP7Ogt7i-316781-AKCigna National ,93971,4
CHIR_IDrecvcjPMepVksvuhe-316782-AKCigna National ,93971,4
CHIR_IDrecb56e5cJCQ6Hmf5-316785-AKCigna National ,93971,4
CHIR_IDrecJUkHMhy9wFydai-316783-AKCigna National ,53996,3
CHIR_IDrecLeYx1W3KeMjAbG-286395-AKStandard Plus P,53996,3
CHIR_IDrec19rlq1vtNSOYbr-136993-AKCigna Advantage,53996,3
CHIR_IDrecSc9PHbFNuB92wa-268516-AKCigna Total Sav,53996,3
CHIR_IDrecopGdpAEow8JYII-136991-AKCigna Performan,53996,3
CHIR_IDrecFKQWY0a58xrntl-268479-AKCigna Specialty,53996,3
CHIR_IDrecalp2Vf0dSYE8zP-268488-AKCigna Value 4-T,53996,3
CHIR_IDrecrSc38zq5JJ64ol-198422-AKCigna Legacy (S,53996,3
CHIR_IDrecSlQXSljxNDjwxP-268477-AKCigna Standard ,53996,3
CHIR_IDrecvhsz05Tb03gEcw-268489-AKCigna Specialty,53996,3
CHIR_IDrecJd5kD6r5l5kdhh-136990-AKCigna Performan,53996,3
CHIR_IDrec12S6n89bo0pR1H-268513-AKCigna Legacy (P,53996,3
CHIR_IDrecl2FUMKjFmSeaLa-151892-AKCigna Standard ,53996,3
CHIR_IDrech1mbeY7bu1smZ5-136992-AKCigna Advantage,53996,3
CHIR_IDrecQ40lXEB3LnrTmV-268511-AKCigna Legacy (P,53996,3
CHIR_IDreceJlrorRcUoCUC9-268502-AKCigna Legacy (S,53996,3
CHIR_IDrecbPqYntfpVpF3T2-198426-AKCigna Value 3-T,53996,3
CHIR_IDrecuANwgvoPFcpMrm-268528-AKStandard and Pe,53996,3
CHIR_IDrecLhChQdPINtnJPv-268503-AKCigna Specialty,53996,3
CHIR_IDrecHL5acZB4MwThLP-268529-AKValue and Advan,53996,3
CHIR_IDrecIjID5czWzbR1pX-268530-AKLegacy (Standar,53996,3
CHIR_IDrec9TSEoHzm9YHyfK-286394-AKStandard Plan G,53996,3
CHIR_IDreccbA3CpSYRKM9Bt-268535-AKStandard Preven,53996,3
CHIR_IDrecy6gS3Y8oF9iVFd-268534-AKValue and Advan,53996,3
CHIR_IDreceaPYwYqvhwfdbY-268533-AKLegacy (Standar,53996,3
CHIR_IDrec9lezhyppiduMS8-290284-AKLegacy Diabetic,53996,3
CHIR_IDrecz2TOibqNJzGEDX-268532-AKStandard and Pe,53996,3
CHIR_IDrecRDqVEDerLMP7jF-268518-AKCigna National ,53996,3
CHIR_IDrec69p4dVMkC7nJwK-316780-AKCigna National ,53996,3
CHIR_IDrecbkHlq7SP7Ogt7i-316781-AKCigna National ,53996,3
CHIR_IDrecvcjPMepVksvuhe-316782-AKCigna National ,53996,3
CHIR_IDrecb56e5cJCQ6Hmf5-316785-AKCigna National ,53996,3
CHIR_IDrecJUkHMhy9wFydai-316783-AKCigna National ,58461,3
CHIR_IDrec1IHz2OOJpSBvYd-315723-ILCigna Plus 4-Ti,58461,3
CHIR_IDrectUEMNRDRT1oaFG-199853-ILCigna Rx Plus 5,58461,3
CHIR_IDrecLeYx1W3KeMjAbG-286395-AKStandard Plus P,58461,3
CHIR_IDrec19rlq1vtNSOYbr-136993-AKCigna Advantage,58461,3
CHIR_IDrecSc9PHbFNuB92wa-268516-AKCigna Total Sav,58461,3
CHIR_IDrecopGdpAEow8JYII-136991-AKCigna Performan,58461,3
CHIR_IDrecFKQWY0a58xrntl-268479-AKCigna Specialty,58461,3
CHIR_IDrecalp2Vf0dSYE8zP-268488-AKCigna Value 4-T,58461,3
CHIR_IDrecrSc38zq5JJ64ol-198422-AKCigna Legacy (S,58461,3
CHIR_IDrecSlQXSljxNDjwxP-268477-AKCigna Standard ,58461,3
CHIR_IDrecvhsz05Tb03gEcw-268489-AKCigna Specialty,58461,3
CHIR_IDrecJd5kD6r5l5kdhh-136990-AKCigna Performan,58461,3
CHIR_IDrec12S6n89bo0pR1H-268513-AKCigna Legacy (P,58461,3
CHIR_IDrecl2FUMKjFmSeaLa-151892-AKCigna Standard ,58461,3
CHIR_IDrech1mbeY7bu1smZ5-136992-AKCigna Advantage,58461,3
CHIR_IDrecQ40lXEB3LnrTmV-268511-AKCigna Legacy (P,58461,3
CHIR_IDreceJlrorRcUoCUC9-268502-AKCigna Legacy (S,58461,3
CHIR_IDrecbPqYntfpVpF3T2-198426-AKCigna Value 3-T,58461,3
CHIR_IDrecuANwgvoPFcpMrm-268528-AKStandard and Pe,58461,3
CHIR_IDrecLhChQdPINtnJPv-268503-AKCigna Specialty,58461,3
CHIR_IDrecHL5acZB4MwThLP-268529-AKValue and Advan,58461,3
CHIR_IDrecIjID5czWzbR1pX-268530-AKLegacy (Standar,58461,3
CHIR_IDrec9TSEoHzm9YHyfK-286394-AKStandard Plan G,58461,3
CHIR_IDreccbA3CpSYRKM9Bt-268535-AKStandard Preven,58461,3
CHIR_IDrecy6gS3Y8oF9iVFd-268534-AKValue and Advan,58461,3
CHIR_IDreceaPYwYqvhwfdbY-268533-AKLegacy (Standar,58461,3
CHIR_IDrec9lezhyppiduMS8-290284-AKLegacy Diabetic,58461,3
CHIR_IDrecz2TOibqNJzGEDX-268532-AKStandard and Pe,58461,3
CHIR_IDrecRDqVEDerLMP7jF-268518-AKCigna National ,58461,3
CHIR_IDrec69p4dVMkC7nJwK-316780-AKCigna National ,58461,3
CHIR_IDrecbkHlq7SP7Ogt7i-316781-AKCigna National ,58461,3
CHIR_IDrecvcjPMepVksvuhe-316782-AKCigna National ,58461,3
CHIR_IDrecb56e5cJCQ6Hmf5-316785-AKCigna National ,58461,3
CHIR_IDrecJUkHMhy9wFydai-316783-AKCigna National ,35231,2
CHIR_IDrecsjld1rrbq7890t-315724-INCigna Premiere ,35231,2
CHIR_IDrecubku9V573IgvWv-315717-INCigna Premiere ,35231,2
CHIR_IDrecLeYx1W3KeMjAbG-286395-AKStandard Plus P,35231,2
CHIR_IDrec19rlq1vtNSOYbr-136993-AKCigna Advantage,35231,2
CHIR_IDrecSc9PHbFNuB92wa-268516-AKCigna Total Sav,35231,2
CHIR_IDrecopGdpAEow8JYII-136991-AKCigna Performan,35231,2
CHIR_IDrecFKQWY0a58xrntl-268479-AKCigna Specialty,35231,2
CHIR_IDrecalp2Vf0dSYE8zP-268488-AKCigna Value 4-T,35231,2
CHIR_IDrecrSc38zq5JJ64ol-198422-AKCigna Legacy (S,35231,2
CHIR_IDrecSlQXSljxNDjwxP-268477-AKCigna Standard ,35231,2
CHIR_IDrecvhsz05Tb03gEcw-268489-AKCigna Specialty,35231,2
CHIR_IDrecJd5kD6r5l5kdhh-136990-AKCigna Performan,35231,2
CHIR_IDrec12S6n89bo0pR1H-268513-AKCigna Legacy (P,35231,2
CHIR_IDrecl2FUMKjFmSeaLa-151892-AKCigna Standard ,35231,2
CHIR_IDrech1mbeY7bu1smZ5-136992-AKCigna Advantage,35231,2
CHIR_IDrecQ40lXEB3LnrTmV-268511-AKCigna Legacy (P,35231,2
CHIR_IDreceJlrorRcUoCUC9-268502-AKCigna Legacy (S,35231,2
CHIR_IDrecbPqYntfpVpF3T2-198426-AKCigna Value 3-T,35231,2
CHIR_IDrecuANwgvoPFcpMrm-268528-AKStandard and Pe,35231,2
CHIR_IDrecLhChQdPINtnJPv-268503-AKCigna Specialty,35231,2
CHIR_IDrecHL5acZB4MwThLP-268529-AKValue and Advan,35231,2
CHIR_IDrecIjID5czWzbR1pX-268530-AKLegacy (Standar,35231,2
CHIR_IDrec9TSEoHzm9YHyfK-286394-AKStandard Plan G,35231,2
CHIR_IDreccbA3CpSYRKM9Bt-268535-AKStandard Preven,35231,2
CHIR_IDrecy6gS3Y8oF9iVFd-268534-AKValue and Advan,35231,2
CHIR_IDreceaPYwYqvhwfdbY-268533-AKLegacy (Standar,35231,2
CHIR_IDrec9lezhyppiduMS8-290284-AKLegacy Diabetic,35231,2
CHIR_IDrecz2TOibqNJzGEDX-268532-AKStandard and Pe,35231,2
CHIR_IDrecRDqVEDerLMP7jF-268518-AKCigna National ,35231,2
CHIR_IDrec69p4dVMkC7nJwK-316780-AKCigna National ,35231,2
CHIR_IDrecbkHlq7SP7Ogt7i-316781-AKCigna National ,35231,2
CHIR_IDrecvcjPMepVksvuhe-316782-AKCigna National ,35231,2
CHIR_IDrecb56e5cJCQ6Hmf5-316785-AKCigna National ,35231,2
CHIR_IDrecxQnO4owR1lVQM4-301931-KSOscar and Cigna,117329,4
CHIR_IDrecJUkHMhy9wFydai-316783-AKCigna National ,117329,4
CHIR_IDrecLeYx1W3KeMjAbG-286395-AKStandard Plus P,117329,4
CHIR_IDrec19rlq1vtNSOYbr-136993-AKCigna Advantage,117329,4
CHIR_IDrecSc9PHbFNuB92wa-268516-AKCigna Total Sav,117329,4
CHIR_IDrecopGdpAEow8JYII-136991-AKCigna Performan,117329,4
CHIR_IDrecFKQWY0a58xrntl-268479-AKCigna Specialty,117329,4
CHIR_IDrecalp2Vf0dSYE8zP-268488-AKCigna Value 4-T,117329,4
CHIR_IDrecrSc38zq5JJ64ol-198422-AKCigna Legacy (S,117329,4
CHIR_IDrecSlQXSljxNDjwxP-268477-AKCigna Standard ,117329,4
CHIR_IDrecvhsz05Tb03gEcw-268489-AKCigna Specialty,117329,4
CHIR_IDrecJd5kD6r5l5kdhh-136990-AKCigna Performan,117329,4
CHIR_IDrec12S6n89bo0pR1H-268513-AKCigna Legacy (P,117329,4
CHIR_IDrecl2FUMKjFmSeaLa-151892-AKCigna Standard ,117329,4
CHIR_IDrech1mbeY7bu1smZ5-136992-AKCigna Advantage,117329,4
CHIR_IDrecQ40lXEB3LnrTmV-268511-AKCigna Legacy (P,117329,4
CHIR_IDreceJlrorRcUoCUC9-268502-AKCigna Legacy (S,117329,4
CHIR_IDrecbPqYntfpVpF3T2-198426-AKCigna Value 3-T,117329,4
CHIR_IDrecuANwgvoPFcpMrm-268528-AKStandard and Pe,117329,4
CHIR_IDrecLhChQdPINtnJPv-268503-AKCigna Specialty,117329,4
CHIR_IDrecHL5acZB4MwThLP-268529-AKValue and Advan,117329,4
CHIR_IDrecIjID5czWzbR1pX-268530-AKLegacy (Standar,117329,4
CHIR_IDrec9TSEoHzm9YHyfK-286394-AKStandard Plan G,117329,4
CHIR_IDreccbA3CpSYRKM9Bt-268535-AKStandard Preven,117329,4
CHIR_IDrecy6gS3Y8oF9iVFd-268534-AKValue and Advan,117329,4
CHIR_IDreceaPYwYqvhwfdbY-268533-AKLegacy (Standar,117329,4
CHIR_IDrec9lezhyppiduMS8-290284-AKLegacy Diabetic,117329,4
CHIR_IDrecz2TOibqNJzGEDX-268532-AKStandard and Pe,117329,4
CHIR_IDrecRDqVEDerLMP7jF-268518-AKCigna National ,117329,4
CHIR_IDrec69p4dVMkC7nJwK-316780-AKCigna National ,117329,4
CHIR_IDrecbkHlq7SP7Ogt7i-316781-AKCigna National ,117329,4
CHIR_IDrecvcjPMepVksvuhe-316782-AKCigna National ,117329,4
CHIR_IDrecb56e5cJCQ6Hmf5-316785-AKCigna National ,117329,4
CHIR_IDrecJUkHMhy9wFydai-316783-AKCigna National ,98615,4
CHIR_IDrecLeYx1W3KeMjAbG-286395-AKStandard Plus P,98615,4
CHIR_IDrec19rlq1vtNSOYbr-136993-AKCigna Advantage,98615,4
CHIR_IDrecSc9PHbFNuB92wa-268516-AKCigna Total Sav,98615,4
CHIR_IDrecopGdpAEow8JYII-136991-AKCigna Performan,98615,4
CHIR_IDrecFKQWY0a58xrntl-268479-AKCigna Specialty,98615,4
CHIR_IDrecalp2Vf0dSYE8zP-268488-AKCigna Value 4-T,98615,4
CHIR_IDrecrSc38zq5JJ64ol-198422-AKCigna Legacy (S,98615,4
CHIR_IDrecSlQXSljxNDjwxP-268477-AKCigna Standard ,98615,4
CHIR_IDrecvhsz05Tb03gEcw-268489-AKCigna Specialty,98615,4
CHIR_IDrecJd5kD6r5l5kdhh-136990-AKCigna Performan,98615,4
CHIR_IDrec12S6n89bo0pR1H-268513-AKCigna Legacy (P,98615,4
CHIR_IDrecl2FUMKjFmSeaLa-151892-AKCigna Standard ,98615,4
CHIR_IDrech1mbeY7bu1smZ5-136992-AKCigna Advantage,98615,4
CHIR_IDrecQ40lXEB3LnrTmV-268511-AKCigna Legacy (P,98615,4
CHIR_IDreceJlrorRcUoCUC9-268502-AKCigna Legacy (S,98615,4
CHIR_IDrecbPqYntfpVpF3T2-198426-AKCigna Value 3-T,98615,4
CHIR_IDrecuANwgvoPFcpMrm-268528-AKStandard and Pe,98615,4
CHIR_IDrecLhChQdPINtnJPv-268503-AKCigna Specialty,98615,4
CHIR_IDrecHL5acZB4MwThLP-268529-AKValue and Advan,98615,4
CHIR_IDrecIjID5czWzbR1pX-268530-AKLegacy (Standar,98615,4
CHIR_IDrec9TSEoHzm9YHyfK-286394-AKStandard Plan G,98615,4
CHIR_IDreccbA3CpSYRKM9Bt-268535-AKStandard Preven,98615,4
CHIR_IDrecy6gS3Y8oF9iVFd-268534-AKValue and Advan,98615,4
CHIR_IDreceaPYwYqvhwfdbY-268533-AKLegacy (Standar,98615,4
CHIR_IDrec9lezhyppiduMS8-290284-AKLegacy Diabetic,98615,4
CHIR_IDrecz2TOibqNJzGEDX-268532-AKStandard and Pe,98615,4
CHIR_IDrecRDqVEDerLMP7jF-268518-AKCigna National ,98615,4
CHIR_IDrec69p4dVMkC7nJwK-316780-AKCigna National ,98615,4
CHIR_IDrecbkHlq7SP7Ogt7i-316781-AKCigna National ,98615,4
CHIR_IDrecvcjPMepVksvuhe-316782-AKCigna National ,98615,4
CHIR_IDrecb56e5cJCQ6Hmf5-316785-AKCigna National ,98615,4
CHIR_IDrecJUkHMhy9wFydai-316783-AKCigna National ,169052,4
CHIR_IDrecLeYx1W3KeMjAbG-286395-AKStandard Plus P,169052,4
CHIR_IDrec19rlq1vtNSOYbr-136993-AKCigna Advantage,169052,4
CHIR_IDrecSc9PHbFNuB92wa-268516-AKCigna Total Sav,169052,4
CHIR_IDrecopGdpAEow8JYII-136991-AKCigna Performan,169052,4
CHIR_IDrecFKQWY0a58xrntl-268479-AKCigna Specialty,169052,4
CHIR_IDrecalp2Vf0dSYE8zP-268488-AKCigna Value 4-T,169052,4
CHIR_IDrecrSc38zq5JJ64ol-198422-AKCigna Legacy (S,169052,4
CHIR_IDrecSlQXSljxNDjwxP-268477-AKCigna Standard ,169052,4
CHIR_IDrecvhsz05Tb03gEcw-268489-AKCigna Specialty,169052,4
CHIR_IDrecJd5kD6r5l5kdhh-136990-AKCigna Performan,169052,4
CHIR_IDrec12S6n89bo0pR1H-268513-AKCigna Legacy (P,169052,4
CHIR_IDrecl2FUMKjFmSeaLa-151892-AKCigna Standard ,169052,4
CHIR_IDrech1mbeY7bu1smZ5-136992-AKCigna Advantage,169052,4
CHIR_IDrecQ40lXEB3LnrTmV-268511-AKCigna Legacy (P,169052,4
CHIR_IDreceJlrorRcUoCUC9-268502-AKCigna Legacy (S,169052,4
CHIR_IDrecbPqYntfpVpF3T2-198426-AKCigna Value 3-T,169052,4
CHIR_IDrecuANwgvoPFcpMrm-268528-AKStandard and Pe,169052,4
CHIR_IDrecLhChQdPINtnJPv-268503-AKCigna Specialty,169052,4
CHIR_IDrecHL5acZB4MwThLP-268529-AKValue and Advan,169052,4
CHIR_IDrecIjID5czWzbR1pX-268530-AKLegacy (Standar,169052,4
CHIR_IDrec9TSEoHzm9YHyfK-286394-AKStandard Plan G,169052,4
CHIR_IDreccbA3CpSYRKM9Bt-268535-AKStandard Preven,169052,4
CHIR_IDrecy6gS3Y8oF9iVFd-268534-AKValue and Advan,169052,4
CHIR_IDreceaPYwYqvhwfdbY-268533-AKLegacy (Standar,169052,4
CHIR_IDrec9lezhyppiduMS8-290284-AKLegacy Diabetic,169052,4
CHIR_IDrecz2TOibqNJzGEDX-268532-AKStandard and Pe,169052,4
CHIR_IDrecRDqVEDerLMP7jF-268518-AKCigna National ,169052,4
CHIR_IDrec69p4dVMkC7nJwK-316780-AKCigna National ,169052,4
CHIR_IDrecbkHlq7SP7Ogt7i-316781-AKCigna National ,169052,4
CHIR_IDrecvcjPMepVksvuhe-316782-AKCigna National ,169052,4
CHIR_IDrecb56e5cJCQ6Hmf5-316785-AKCigna National ,169052,4
CHIR_IDrecJUkHMhy9wFydai-316783-AKCigna National ,162899,4
CHIR_IDrecLeYx1W3KeMjAbG-286395-AKStandard Plus P,162899,4
CHIR_IDrec19rlq1vtNSOYbr-136993-AKCigna Advantage,162899,4
CHIR_IDrecSc9PHbFNuB92wa-268516-AKCigna Total Sav,162899,4
CHIR_IDrecopGdpAEow8JYII-136991-AKCigna Performan,162899,4
CHIR_IDrecFKQWY0a58xrntl-268479-AKCigna Specialty,162899,4
CHIR_IDrecalp2Vf0dSYE8zP-268488-AKCigna Value 4-T,162899,4
CHIR_IDrecrSc38zq5JJ64ol-198422-AKCigna Legacy (S,162899,4
CHIR_IDrecSlQXSljxNDjwxP-268477-AKCigna Standard ,162899,4
CHIR_IDrecvhsz05Tb03gEcw-268489-AKCigna Specialty,162899,4
CHIR_IDrecJd5kD6r5l5kdhh-136990-AKCigna Performan,162899,4
CHIR_IDrec12S6n89bo0pR1H-268513-AKCigna Legacy (P,162899,4
CHIR_IDrecl2FUMKjFmSeaLa-151892-AKCigna Standard ,162899,4
CHIR_IDrech1mbeY7bu1smZ5-136992-AKCigna Advantage,162899,4
CHIR_IDrecQ40lXEB3LnrTmV-268511-AKCigna Legacy (P,162899,4
CHIR_IDreceJlrorRcUoCUC9-268502-AKCigna Legacy (S,162899,4
CHIR_IDrecbPqYntfpVpF3T2-198426-AKCigna Value 3-T,162899,4
CHIR_IDrecuANwgvoPFcpMrm-268528-AKStandard and Pe,162899,4
CHIR_IDrecLhChQdPINtnJPv-268503-AKCigna Specialty,162899,4
CHIR_IDrecHL5acZB4MwThLP-268529-AKValue and Advan,162899,4
CHIR_IDrecIjID5czWzbR1pX-268530-AKLegacy (Standar,162899,4
CHIR_IDrec9TSEoHzm9YHyfK-286394-AKStandard Plan G,162899,4
CHIR_IDreccbA3CpSYRKM9Bt-268535-AKStandard Preven,162899,4
CHIR_IDrecy6gS3Y8oF9iVFd-268534-AKValue and Advan,162899,4
CHIR_IDreceaPYwYqvhwfdbY-268533-AKLegacy (Standar,162899,4
CHIR_IDrec9lezhyppiduMS8-290284-AKLegacy Diabetic,162899,4
CHIR_IDrecz2TOibqNJzGEDX-268532-AKStandard and Pe,162899,4
CHIR_IDrecRDqVEDerLMP7jF-268518-AKCigna National ,162899,4
CHIR_IDrec69p4dVMkC7nJwK-316780-AKCigna National ,162899,4
CHIR_IDrecbkHlq7SP7Ogt7i-316781-AKCigna National ,162899,4
CHIR_IDrecvcjPMepVksvuhe-316782-AKCigna National ,162899,4
CHIR_IDrecb56e5cJCQ6Hmf5-316785-AKCigna National ,162899,4
CHIR_IDrecJUkHMhy9wFydai-316783-AKCigna National ,504687,5
CHIR_IDrecLeYx1W3KeMjAbG-286395-AKStandard Plus P,504687,5
CHIR_IDrec19rlq1vtNSOYbr-136993-AKCigna Advantage,504687,5
CHIR_IDrecSc9PHbFNuB92wa-268516-AKCigna Total Sav,504687,5
CHIR_IDrecopGdpAEow8JYII-136991-AKCigna Performan,504687,5
CHIR_IDrecFKQWY0a58xrntl-268479-AKCigna Specialty,504687,5
CHIR_IDrecalp2Vf0dSYE8zP-268488-AKCigna Value 4-T,504687,5
CHIR_IDrecrSc38zq5JJ64ol-198422-AKCigna Legacy (S,504687,5
CHIR_IDrecSlQXSljxNDjwxP-268477-AKCigna Standard ,504687,5
CHIR_IDrecvhsz05Tb03gEcw-268489-AKCigna Specialty,504687,5
CHIR_IDrecJd5kD6r5l5kdhh-136990-AKCigna Performan,504687,5
CHIR_IDrec12S6n89bo0pR1H-268513-AKCigna Legacy (P,504687,5
CHIR_IDrecl2FUMKjFmSeaLa-151892-AKCigna Standard ,504687,5
CHIR_IDrech1mbeY7bu1smZ5-136992-AKCigna Advantage,504687,5
CHIR_IDrecQ40lXEB3LnrTmV-268511-AKCigna Legacy (P,504687,5
CHIR_IDreceJlrorRcUoCUC9-268502-AKCigna Legacy (S,504687,5
CHIR_IDrecbPqYntfpVpF3T2-198426-AKCigna Value 3-T,504687,5
CHIR_IDrecuANwgvoPFcpMrm-268528-AKStandard and Pe,504687,5
CHIR_IDrecLhChQdPINtnJPv-268503-AKCigna Specialty,504687,5
CHIR_IDrecHL5acZB4MwThLP-268529-AKValue and Advan,504687,5
CHIR_IDrecIjID5czWzbR1pX-268530-AKLegacy (Standar,504687,5
CHIR_IDrec9TSEoHzm9YHyfK-286394-AKStandard Plan G,504687,5
CHIR_IDreccbA3CpSYRKM9Bt-268535-AKStandard Preven,504687,5
CHIR_IDrecy6gS3Y8oF9iVFd-268534-AKValue and Advan,504687,5
CHIR_IDreceaPYwYqvhwfdbY-268533-AKLegacy (Standar,504687,5
CHIR_IDrec9lezhyppiduMS8-290284-AKLegacy Diabetic,504687,5
CHIR_IDrecz2TOibqNJzGEDX-268532-AKStandard and Pe,504687,5
CHIR_IDrecRDqVEDerLMP7jF-268518-AKCigna National ,504687,5
CHIR_IDrec69p4dVMkC7nJwK-316780-AKCigna National ,504687,5
CHIR_IDrecbkHlq7SP7Ogt7i-316781-AKCigna National ,504687,5
CHIR_IDrecvcjPMepVksvuhe-316782-AKCigna National ,504687,5
CHIR_IDrecb56e5cJCQ6Hmf5-316785-AKCigna National ,504687,5
CHIR_IDrecJUkHMhy9wFydai-316783-AKCigna National ,86883,3
CHIR_IDrecLeYx1W3KeMjAbG-286395-AKStandard Plus P,86883,3
CHIR_IDrec19rlq1vtNSOYbr-136993-AKCigna Advantage,86883,3
CHIR_IDrecSc9PHbFNuB92wa-268516-AKCigna Total Sav,86883,3
CHIR_IDrecopGdpAEow8JYII-136991-AKCigna Performan,86883,3
CHIR_IDrecFKQWY0a58xrntl-268479-AKCigna Specialty,86883,3
CHIR_IDrecalp2Vf0dSYE8zP-268488-AKCigna Value 4-T,86883,3
CHIR_IDrecrSc38zq5JJ64ol-198422-AKCigna Legacy (S,86883,3
CHIR_IDrecSlQXSljxNDjwxP-268477-AKCigna Standard ,86883,3
CHIR_IDrecvhsz05Tb03gEcw-268489-AKCigna Specialty,86883,3
CHIR_IDrecJd5kD6r5l5kdhh-136990-AKCigna Performan,86883,3
CHIR_IDrec12S6n89bo0pR1H-268513-AKCigna Legacy (P,86883,3
CHIR_IDrecl2FUMKjFmSeaLa-151892-AKCigna Standard ,86883,3
CHIR_IDrech1mbeY7bu1smZ5-136992-AKCigna Advantage,86883,3
CHIR_IDrecQ40lXEB3LnrTmV-268511-AKCigna Legacy (P,86883,3
CHIR_IDreceJlrorRcUoCUC9-268502-AKCigna Legacy (S,86883,3
CHIR_IDrecbPqYntfpVpF3T2-198426-AKCigna Value 3-T,86883,3
CHIR_IDrecuANwgvoPFcpMrm-268528-AKStandard and Pe,86883,3
CHIR_IDrecLhChQdPINtnJPv-268503-AKCigna Specialty,86883,3
CHIR_IDrecHL5acZB4MwThLP-268529-AKValue and Advan,86883,3
CHIR_IDrecIjID5czWzbR1pX-268530-AKLegacy (Standar,86883,3
CHIR_IDrec9TSEoHzm9YHyfK-286394-AKStandard Plan G,86883,3
CHIR_IDreccbA3CpSYRKM9Bt-268535-AKStandard Preven,86883,3
CHIR_IDrecy6gS3Y8oF9iVFd-268534-AKValue and Advan,86883,3
CHIR_IDreceaPYwYqvhwfdbY-268533-AKLegacy (Standar,86883,3
CHIR_IDrec9lezhyppiduMS8-290284-AKLegacy Diabetic,86883,3
CHIR_IDrecz2TOibqNJzGEDX-268532-AKStandard and Pe,86883,3
CHIR_IDrecRDqVEDerLMP7jF-268518-AKCigna National ,86883,3
CHIR_IDrec69p4dVMkC7nJwK-316780-AKCigna National ,86883,3
CHIR_IDrecbkHlq7SP7Ogt7i-316781-AKCigna National ,86883,3
CHIR_IDrecvcjPMepVksvuhe-316782-AKCigna National ,86883,3
CHIR_IDrecb56e5cJCQ6Hmf5-316785-AKCigna National ,86883,3
CHIR_IDrecJUkHMhy9wFydai-316783-AKCigna National ,140900,4
CHIR_IDrecLeYx1W3KeMjAbG-286395-AKStandard Plus P,140900,4
CHIR_IDrec19rlq1vtNSOYbr-136993-AKCigna Advantage,140900,4
CHIR_IDrecSc9PHbFNuB92wa-268516-AKCigna Total Sav,140900,4
CHIR_IDrecopGdpAEow8JYII-136991-AKCigna Performan,140900,4
CHIR_IDrecFKQWY0a58xrntl-268479-AKCigna Specialty,140900,4
CHIR_IDrecalp2Vf0dSYE8zP-268488-AKCigna Value 4-T,140900,4
CHIR_IDrecrSc38zq5JJ64ol-198422-AKCigna Legacy (S,140900,4
CHIR_IDrecSlQXSljxNDjwxP-268477-AKCigna Standard ,140900,4
CHIR_IDrecvhsz05Tb03gEcw-268489-AKCigna Specialty,140900,4
CHIR_IDrecJd5kD6r5l5kdhh-136990-AKCigna Performan,140900,4
CHIR_IDrec12S6n89bo0pR1H-268513-AKCigna Legacy (P,140900,4
CHIR_IDrecl2FUMKjFmSeaLa-151892-AKCigna Standard ,140900,4
CHIR_IDrech1mbeY7bu1smZ5-136992-AKCigna Advantage,140900,4
CHIR_IDrecQ40lXEB3LnrTmV-268511-AKCigna Legacy (P,140900,4
CHIR_IDreceJlrorRcUoCUC9-268502-AKCigna Legacy (S,140900,4
CHIR_IDrecbPqYntfpVpF3T2-198426-AKCigna Value 3-T,140900,4
CHIR_IDrecuANwgvoPFcpMrm-268528-AKStandard and Pe,140900,4
CHIR_IDrecLhChQdPINtnJPv-268503-AKCigna Specialty,140900,4
CHIR_IDrecHL5acZB4MwThLP-268529-AKValue and Advan,140900,4
CHIR_IDrecIjID5czWzbR1pX-268530-AKLegacy (Standar,140900,4
CHIR_IDrec9TSEoHzm9YHyfK-286394-AKStandard Plan G,140900,4
CHIR_IDreccbA3CpSYRKM9Bt-268535-AKStandard Preven,140900,4
CHIR_IDrecy6gS3Y8oF9iVFd-268534-AKValue and Advan,140900,4
CHIR_IDreceaPYwYqvhwfdbY-268533-AKLegacy (Standar,140900,4
CHIR_IDrec9lezhyppiduMS8-290284-AKLegacy Diabetic,140900,4
CHIR_IDrecz2TOibqNJzGEDX-268532-AKStandard and Pe,140900,4
CHIR_IDrecRDqVEDerLMP7jF-268518-AKCigna National ,140900,4
CHIR_IDrec69p4dVMkC7nJwK-316780-AKCigna National ,140900,4
CHIR_IDrecbkHlq7SP7Ogt7i-316781-AKCigna National ,140900,4
CHIR_IDrecvcjPMepVksvuhe-316782-AKCigna National ,140900,4
CHIR_IDrecb56e5cJCQ6Hmf5-316785-AKCigna National ,140900,4
CHIR_IDrecJUkHMhy9wFydai-316783-AKCigna National ,164430,4
CHIR_IDrecLeYx1W3KeMjAbG-286395-AKStandard Plus P,164430,4
CHIR_IDrec19rlq1vtNSOYbr-136993-AKCigna Advantage,164430,4
CHIR_IDrecSc9PHbFNuB92wa-268516-AKCigna Total Sav,164430,4
CHIR_IDrecopGdpAEow8JYII-136991-AKCigna Performan,164430,4
CHIR_IDrecFKQWY0a58xrntl-268479-AKCigna Specialty,164430,4
CHIR_IDrecalp2Vf0dSYE8zP-268488-AKCigna Value 4-T,164430,4
CHIR_IDrecrSc38zq5JJ64ol-198422-AKCigna Legacy (S,164430,4
CHIR_IDrecSlQXSljxNDjwxP-268477-AKCigna Standard ,164430,4
CHIR_IDrecvhsz05Tb03gEcw-268489-AKCigna Specialty,164430,4
CHIR_IDrecJd5kD6r5l5kdhh-136990-AKCigna Performan,164430,4
CHIR_IDrec12S6n89bo0pR1H-268513-AKCigna Legacy (P,164430,4
CHIR_IDrecl2FUMKjFmSeaLa-151892-AKCigna Standard ,164430,4
CHIR_IDrech1mbeY7bu1smZ5-136992-AKCigna Advantage,164430,4
CHIR_IDrecQ40lXEB3LnrTmV-268511-AKCigna Legacy (P,164430,4
CHIR_IDreceJlrorRcUoCUC9-268502-AKCigna Legacy (S,164430,4
CHIR_IDrecbPqYntfpVpF3T2-198426-AKCigna Value 3-T,164430,4
CHIR_IDrecuANwgvoPFcpMrm-268528-AKStandard and Pe,164430,4
CHIR_IDrecLhChQdPINtnJPv-268503-AKCigna Specialty,164430,4
CHIR_IDrecHL5acZB4MwThLP-268529-AKValue and Advan,164430,4
CHIR_IDrecIjID5czWzbR1pX-268530-AKLegacy (Standar,164430,4
CHIR_IDrec9TSEoHzm9YHyfK-286394-AKStandard Plan G,164430,4
CHIR_IDreccbA3CpSYRKM9Bt-268535-AKStandard Preven,164430,4
CHIR_IDrecy6gS3Y8oF9iVFd-268534-AKValue and Advan,164430,4
CHIR_IDreceaPYwYqvhwfdbY-268533-AKLegacy (Standar,164430,4
CHIR_IDrec9lezhyppiduMS8-290284-AKLegacy Diabetic,164430,4
CHIR_IDrecz2TOibqNJzGEDX-268532-AKStandard and Pe,164430,4
CHIR_IDrecRDqVEDerLMP7jF-268518-AKCigna National ,164430,4
CHIR_IDrec69p4dVMkC7nJwK-316780-AKCigna National ,164430,4
CHIR_IDrecbkHlq7SP7Ogt7i-316781-AKCigna National ,164430,4
CHIR_IDrecvcjPMepVksvuhe-316782-AKCigna National ,164430,4
CHIR_IDrecb56e5cJCQ6Hmf5-316785-AKCigna National ,164430,4
CHIR_IDrecx8Okyot4wI4XYs-301935-MOOscar and Cigna,352186,5
CHIR_IDrecJUkHMhy9wFydai-316783-AKCigna National ,352186,5
CHIR_IDrecLeYx1W3KeMjAbG-286395-AKStandard Plus P,352186,5
CHIR_IDrec19rlq1vtNSOYbr-136993-AKCigna Advantage,352186,5
CHIR_IDrecSc9PHbFNuB92wa-268516-AKCigna Total Sav,352186,5
CHIR_IDrecopGdpAEow8JYII-136991-AKCigna Performan,352186,5
CHIR_IDrecFKQWY0a58xrntl-268479-AKCigna Specialty,352186,5
CHIR_IDrecalp2Vf0dSYE8zP-268488-AKCigna Value 4-T,352186,5
CHIR_IDrecrSc38zq5JJ64ol-198422-AKCigna Legacy (S,352186,5
CHIR_IDrecSlQXSljxNDjwxP-268477-AKCigna Standard ,352186,5
CHIR_IDrecvhsz05Tb03gEcw-268489-AKCigna Specialty,352186,5
CHIR_IDrecJd5kD6r5l5kdhh-136990-AKCigna Performan,352186,5
CHIR_IDrec12S6n89bo0pR1H-268513-AKCigna Legacy (P,352186,5
CHIR_IDrecl2FUMKjFmSeaLa-151892-AKCigna Standard ,352186,5
CHIR_IDrech1mbeY7bu1smZ5-136992-AKCigna Advantage,352186,5
CHIR_IDrecQ40lXEB3LnrTmV-268511-AKCigna Legacy (P,352186,5
CHIR_IDreceJlrorRcUoCUC9-268502-AKCigna Legacy (S,352186,5
CHIR_IDrecbPqYntfpVpF3T2-198426-AKCigna Value 3-T,352186,5
CHIR_IDrecuANwgvoPFcpMrm-268528-AKStandard and Pe,352186,5
CHIR_IDrecLhChQdPINtnJPv-268503-AKCigna Specialty,352186,5
CHIR_IDrecHL5acZB4MwThLP-268529-AKValue and Advan,352186,5
CHIR_IDrecIjID5czWzbR1pX-268530-AKLegacy (Standar,352186,5
CHIR_IDrec9TSEoHzm9YHyfK-286394-AKStandard Plan G,352186,5
CHIR_IDreccbA3CpSYRKM9Bt-268535-AKStandard Preven,352186,5
CHIR_IDrecy6gS3Y8oF9iVFd-268534-AKValue and Advan,352186,5
CHIR_IDreceaPYwYqvhwfdbY-268533-AKLegacy (Standar,352186,5
CHIR_IDrec9lezhyppiduMS8-290284-AKLegacy Diabetic,352186,5
CHIR_IDrecz2TOibqNJzGEDX-268532-AKStandard and Pe,352186,5
CHIR_IDrecRDqVEDerLMP7jF-268518-AKCigna National ,352186,5
CHIR_IDrec69p4dVMkC7nJwK-316780-AKCigna National ,352186,5
CHIR_IDrecbkHlq7SP7Ogt7i-316781-AKCigna National ,352186,5
CHIR_IDrecvcjPMepVksvuhe-316782-AKCigna National ,352186,5
CHIR_IDrecb56e5cJCQ6Hmf5-316785-AKCigna National ,352186,5
CHIR_IDrecJUkHMhy9wFydai-316783-AKCigna National ,111488,4
CHIR_IDrecO8bdAH1bLHKmce-315727-MSCigna Plus 4-Ti,111488,4
CHIR_IDrec6K8dDay3YQXC4r-290262-MSCigna Plus 5-Ti,111488,4
CHIR_IDrecLeYx1W3KeMjAbG-286395-AKStandard Plus P,111488,4
CHIR_IDrec19rlq1vtNSOYbr-136993-AKCigna Advantage,111488,4
CHIR_IDrecSc9PHbFNuB92wa-268516-AKCigna Total Sav,111488,4
CHIR_IDrecopGdpAEow8JYII-136991-AKCigna Performan,111488,4
CHIR_IDrecFKQWY0a58xrntl-268479-AKCigna Specialty,111488,4
CHIR_IDrecalp2Vf0dSYE8zP-268488-AKCigna Value 4-T,111488,4
CHIR_IDrecrSc38zq5JJ64ol-198422-AKCigna Legacy (S,111488,4
CHIR_IDrecSlQXSljxNDjwxP-268477-AKCigna Standard ,111488,4
CHIR_IDrecvhsz05Tb03gEcw-268489-AKCigna Specialty,111488,4
CHIR_IDrecJd5kD6r5l5kdhh-136990-AKCigna Performan,111488,4
CHIR_IDrec12S6n89bo0pR1H-268513-AKCigna Legacy (P,111488,4
CHIR_IDrecl2FUMKjFmSeaLa-151892-AKCigna Standard ,111488,4
CHIR_IDrech1mbeY7bu1smZ5-136992-AKCigna Advantage,111488,4
CHIR_IDrecQ40lXEB3LnrTmV-268511-AKCigna Legacy (P,111488,4
CHIR_IDreceJlrorRcUoCUC9-268502-AKCigna Legacy (S,111488,4
CHIR_IDrecbPqYntfpVpF3T2-198426-AKCigna Value 3-T,111488,4
CHIR_IDrecuANwgvoPFcpMrm-268528-AKStandard and Pe,111488,4
CHIR_IDrecLhChQdPINtnJPv-268503-AKCigna Specialty,111488,4
CHIR_IDrecHL5acZB4MwThLP-268529-AKValue and Advan,111488,4
CHIR_IDrecIjID5czWzbR1pX-268530-AKLegacy (Standar,111488,4
CHIR_IDrec9TSEoHzm9YHyfK-286394-AKStandard Plan G,111488,4
CHIR_IDreccbA3CpSYRKM9Bt-268535-AKStandard Preven,111488,4
CHIR_IDrecy6gS3Y8oF9iVFd-268534-AKValue and Advan,111488,4
CHIR_IDreceaPYwYqvhwfdbY-268533-AKLegacy (Standar,111488,4
CHIR_IDrec9lezhyppiduMS8-290284-AKLegacy Diabetic,111488,4
CHIR_IDrecz2TOibqNJzGEDX-268532-AKStandard and Pe,111488,4
CHIR_IDrecRDqVEDerLMP7jF-268518-AKCigna National ,111488,4
CHIR_IDrec69p4dVMkC7nJwK-316780-AKCigna National ,111488,4
CHIR_IDrecbkHlq7SP7Ogt7i-316781-AKCigna National ,111488,4
CHIR_IDrecvcjPMepVksvuhe-316782-AKCigna National ,111488,4
CHIR_IDrecb56e5cJCQ6Hmf5-316785-AKCigna National ,111488,4
CHIR_IDrecJUkHMhy9wFydai-316783-AKCigna National ,117331,4
CHIR_IDrecLeYx1W3KeMjAbG-286395-AKStandard Plus P,117331,4
CHIR_IDrec19rlq1vtNSOYbr-136993-AKCigna Advantage,117331,4
CHIR_IDrecSc9PHbFNuB92wa-268516-AKCigna Total Sav,117331,4
CHIR_IDrecopGdpAEow8JYII-136991-AKCigna Performan,117331,4
CHIR_IDrecFKQWY0a58xrntl-268479-AKCigna Specialty,117331,4
CHIR_IDrecalp2Vf0dSYE8zP-268488-AKCigna Value 4-T,117331,4
CHIR_IDrecrSc38zq5JJ64ol-198422-AKCigna Legacy (S,117331,4
CHIR_IDrecSlQXSljxNDjwxP-268477-AKCigna Standard ,117331,4
CHIR_IDrecvhsz05Tb03gEcw-268489-AKCigna Specialty,117331,4
CHIR_IDrecJd5kD6r5l5kdhh-136990-AKCigna Performan,117331,4
CHIR_IDrec12S6n89bo0pR1H-268513-AKCigna Legacy (P,117331,4
CHIR_IDrecl2FUMKjFmSeaLa-151892-AKCigna Standard ,117331,4
CHIR_IDrech1mbeY7bu1smZ5-136992-AKCigna Advantage,117331,4
CHIR_IDrecQ40lXEB3LnrTmV-268511-AKCigna Legacy (P,117331,4
CHIR_IDreceJlrorRcUoCUC9-268502-AKCigna Legacy (S,117331,4
CHIR_IDrecbPqYntfpVpF3T2-198426-AKCigna Value 3-T,117331,4
CHIR_IDrecuANwgvoPFcpMrm-268528-AKStandard and Pe,117331,4
CHIR_IDrecLhChQdPINtnJPv-268503-AKCigna Specialty,117331,4
CHIR_IDrecHL5acZB4MwThLP-268529-AKValue and Advan,117331,4
CHIR_IDrecIjID5czWzbR1pX-268530-AKLegacy (Standar,117331,4
CHIR_IDrec9TSEoHzm9YHyfK-286394-AKStandard Plan G,117331,4
CHIR_IDreccbA3CpSYRKM9Bt-268535-AKStandard Preven,117331,4
CHIR_IDrecy6gS3Y8oF9iVFd-268534-AKValue and Advan,117331,4
CHIR_IDreceaPYwYqvhwfdbY-268533-AKLegacy (Standar,117331,4
CHIR_IDrec9lezhyppiduMS8-290284-AKLegacy Diabetic,117331,4
CHIR_IDrecz2TOibqNJzGEDX-268532-AKStandard and Pe,117331,4
CHIR_IDrecRDqVEDerLMP7jF-268518-AKCigna National ,117331,4
CHIR_IDrec69p4dVMkC7nJwK-316780-AKCigna National ,117331,4
CHIR_IDrecbkHlq7SP7Ogt7i-316781-AKCigna National ,117331,4
CHIR_IDrecvcjPMepVksvuhe-316782-AKCigna National ,117331,4
CHIR_IDrecb56e5cJCQ6Hmf5-316785-AKCigna National ,117331,4
CHIR_IDrecJUkHMhy9wFydai-316783-AKCigna National ,528229,5
CHIR_IDrecl7DpdEpmQtYnyD-199855-NCCigna Rx Plus 5,528229,5
CHIR_IDreciy9B9sDXpr2Dqs-315728-NCCigna Plus 4-Ti,528229,5
CHIR_IDrecLeYx1W3KeMjAbG-286395-AKStandard Plus P,528229,5
CHIR_IDrec19rlq1vtNSOYbr-136993-AKCigna Advantage,528229,5
CHIR_IDrecSc9PHbFNuB92wa-268516-AKCigna Total Sav,528229,5
CHIR_IDrecopGdpAEow8JYII-136991-AKCigna Performan,528229,5
CHIR_IDrecFKQWY0a58xrntl-268479-AKCigna Specialty,528229,5
CHIR_IDrecalp2Vf0dSYE8zP-268488-AKCigna Value 4-T,528229,5
CHIR_IDrecrSc38zq5JJ64ol-198422-AKCigna Legacy (S,528229,5
CHIR_IDrecSlQXSljxNDjwxP-268477-AKCigna Standard ,528229,5
CHIR_IDrecvhsz05Tb03gEcw-268489-AKCigna Specialty,528229,5
CHIR_IDrecJd5kD6r5l5kdhh-136990-AKCigna Performan,528229,5
CHIR_IDrec12S6n89bo0pR1H-268513-AKCigna Legacy (P,528229,5
CHIR_IDrecl2FUMKjFmSeaLa-151892-AKCigna Standard ,528229,5
CHIR_IDrech1mbeY7bu1smZ5-136992-AKCigna Advantage,528229,5
CHIR_IDrecQ40lXEB3LnrTmV-268511-AKCigna Legacy (P,528229,5
CHIR_IDreceJlrorRcUoCUC9-268502-AKCigna Legacy (S,528229,5
CHIR_IDrecbPqYntfpVpF3T2-198426-AKCigna Value 3-T,528229,5
CHIR_IDrecuANwgvoPFcpMrm-268528-AKStandard and Pe,528229,5
CHIR_IDrecLhChQdPINtnJPv-268503-AKCigna Specialty,528229,5
CHIR_IDrecHL5acZB4MwThLP-268529-AKValue and Advan,528229,5
CHIR_IDrecIjID5czWzbR1pX-268530-AKLegacy (Standar,528229,5
CHIR_IDrec9TSEoHzm9YHyfK-286394-AKStandard Plan G,528229,5
CHIR_IDreccbA3CpSYRKM9Bt-268535-AKStandard Preven,528229,5
CHIR_IDrecy6gS3Y8oF9iVFd-268534-AKValue and Advan,528229,5
CHIR_IDreceaPYwYqvhwfdbY-268533-AKLegacy (Standar,528229,5
CHIR_IDrec9lezhyppiduMS8-290284-AKLegacy Diabetic,528229,5
CHIR_IDrecz2TOibqNJzGEDX-268532-AKStandard and Pe,528229,5
CHIR_IDrecRDqVEDerLMP7jF-268518-AKCigna National ,528229,5
CHIR_IDrec69p4dVMkC7nJwK-316780-AKCigna National ,528229,5
CHIR_IDrecbkHlq7SP7Ogt7i-316781-AKCigna National ,528229,5
CHIR_IDrecvcjPMepVksvuhe-316782-AKCigna National ,528229,5
CHIR_IDrecb56e5cJCQ6Hmf5-316785-AKCigna National ,528229,5
CHIR_IDrecJUkHMhy9wFydai-316783-AKCigna National ,11641,1
CHIR_IDrecLeYx1W3KeMjAbG-286395-AKStandard Plus P,11641,1
CHIR_IDrec19rlq1vtNSOYbr-136993-AKCigna Advantage,11641,1
CHIR_IDrecSc9PHbFNuB92wa-268516-AKCigna Total Sav,11641,1
CHIR_IDrecopGdpAEow8JYII-136991-AKCigna Performan,11641,1
CHIR_IDrecFKQWY0a58xrntl-268479-AKCigna Specialty,11641,1
CHIR_IDrecalp2Vf0dSYE8zP-268488-AKCigna Value 4-T,11641,1
CHIR_IDrecrSc38zq5JJ64ol-198422-AKCigna Legacy (S,11641,1
CHIR_IDrecSlQXSljxNDjwxP-268477-AKCigna Standard ,11641,1
CHIR_IDrecvhsz05Tb03gEcw-268489-AKCigna Specialty,11641,1
CHIR_IDrecJd5kD6r5l5kdhh-136990-AKCigna Performan,11641,1
CHIR_IDrec12S6n89bo0pR1H-268513-AKCigna Legacy (P,11641,1
CHIR_IDrecl2FUMKjFmSeaLa-151892-AKCigna Standard ,11641,1
CHIR_IDrech1mbeY7bu1smZ5-136992-AKCigna Advantage,11641,1
CHIR_IDrecQ40lXEB3LnrTmV-268511-AKCigna Legacy (P,11641,1
CHIR_IDreceJlrorRcUoCUC9-268502-AKCigna Legacy (S,11641,1
CHIR_IDrecbPqYntfpVpF3T2-198426-AKCigna Value 3-T,11641,1
CHIR_IDrecuANwgvoPFcpMrm-268528-AKStandard and Pe,11641,1
CHIR_IDrecLhChQdPINtnJPv-268503-AKCigna Specialty,11641,1
CHIR_IDrecHL5acZB4MwThLP-268529-AKValue and Advan,11641,1
CHIR_IDrecIjID5czWzbR1pX-268530-AKLegacy (Standar,11641,1
CHIR_IDrec9TSEoHzm9YHyfK-286394-AKStandard Plan G,11641,1
CHIR_IDreccbA3CpSYRKM9Bt-268535-AKStandard Preven,11641,1
CHIR_IDrecy6gS3Y8oF9iVFd-268534-AKValue and Advan,11641,1
CHIR_IDreceaPYwYqvhwfdbY-268533-AKLegacy (Standar,11641,1
CHIR_IDrec9lezhyppiduMS8-290284-AKLegacy Diabetic,11641,1
CHIR_IDrecz2TOibqNJzGEDX-268532-AKStandard and Pe,11641,1
CHIR_IDrecRDqVEDerLMP7jF-268518-AKCigna National ,11641,1
CHIR_IDrec69p4dVMkC7nJwK-316780-AKCigna National ,11641,1
CHIR_IDrecbkHlq7SP7Ogt7i-316781-AKCigna National ,11641,1
CHIR_IDrecvcjPMepVksvuhe-316782-AKCigna National ,11641,1
CHIR_IDrecb56e5cJCQ6Hmf5-316785-AKCigna National ,11641,1
CHIR_IDrecJUkHMhy9wFydai-316783-AKCigna National ,41103,3
CHIR_IDrecLeYx1W3KeMjAbG-286395-AKStandard Plus P,41103,3
CHIR_IDrec19rlq1vtNSOYbr-136993-AKCigna Advantage,41103,3
CHIR_IDrecSc9PHbFNuB92wa-268516-AKCigna Total Sav,41103,3
CHIR_IDrecopGdpAEow8JYII-136991-AKCigna Performan,41103,3
CHIR_IDrecFKQWY0a58xrntl-268479-AKCigna Specialty,41103,3
CHIR_IDrecalp2Vf0dSYE8zP-268488-AKCigna Value 4-T,41103,3
CHIR_IDrecrSc38zq5JJ64ol-198422-AKCigna Legacy (S,41103,3
CHIR_IDrecSlQXSljxNDjwxP-268477-AKCigna Standard ,41103,3
CHIR_IDrecvhsz05Tb03gEcw-268489-AKCigna Specialty,41103,3
CHIR_IDrecJd5kD6r5l5kdhh-136990-AKCigna Performan,41103,3
CHIR_IDrec12S6n89bo0pR1H-268513-AKCigna Legacy (P,41103,3
CHIR_IDrecl2FUMKjFmSeaLa-151892-AKCigna Standard ,41103,3
CHIR_IDrech1mbeY7bu1smZ5-136992-AKCigna Advantage,41103,3
CHIR_IDrecQ40lXEB3LnrTmV-268511-AKCigna Legacy (P,41103,3
CHIR_IDreceJlrorRcUoCUC9-268502-AKCigna Legacy (S,41103,3
CHIR_IDrecbPqYntfpVpF3T2-198426-AKCigna Value 3-T,41103,3
CHIR_IDrecuANwgvoPFcpMrm-268528-AKStandard and Pe,41103,3
CHIR_IDrecLhChQdPINtnJPv-268503-AKCigna Specialty,41103,3
CHIR_IDrecHL5acZB4MwThLP-268529-AKValue and Advan,41103,3
CHIR_IDrecIjID5czWzbR1pX-268530-AKLegacy (Standar,41103,3
CHIR_IDrec9TSEoHzm9YHyfK-286394-AKStandard Plan G,41103,3
CHIR_IDreccbA3CpSYRKM9Bt-268535-AKStandard Preven,41103,3
CHIR_IDrecy6gS3Y8oF9iVFd-268534-AKValue and Advan,41103,3
CHIR_IDreceaPYwYqvhwfdbY-268533-AKLegacy (Standar,41103,3
CHIR_IDrec9lezhyppiduMS8-290284-AKLegacy Diabetic,41103,3
CHIR_IDrecz2TOibqNJzGEDX-268532-AKStandard and Pe,41103,3
CHIR_IDrecRDqVEDerLMP7jF-268518-AKCigna National ,41103,3
CHIR_IDrec69p4dVMkC7nJwK-316780-AKCigna National ,41103,3
CHIR_IDrecbkHlq7SP7Ogt7i-316781-AKCigna National ,41103,3
CHIR_IDrecvcjPMepVksvuhe-316782-AKCigna National ,41103,3
CHIR_IDrecb56e5cJCQ6Hmf5-316785-AKCigna National ,41103,3
CHIR_IDrecJUkHMhy9wFydai-316783-AKCigna National ,112604,4
CHIR_IDrecLeYx1W3KeMjAbG-286395-AKStandard Plus P,112604,4
CHIR_IDrec19rlq1vtNSOYbr-136993-AKCigna Advantage,112604,4
CHIR_IDrecSc9PHbFNuB92wa-268516-AKCigna Total Sav,112604,4
CHIR_IDrecopGdpAEow8JYII-136991-AKCigna Performan,112604,4
CHIR_IDrecFKQWY0a58xrntl-268479-AKCigna Specialty,112604,4
CHIR_IDrecalp2Vf0dSYE8zP-268488-AKCigna Value 4-T,112604,4
CHIR_IDrecrSc38zq5JJ64ol-198422-AKCigna Legacy (S,112604,4
CHIR_IDrecSlQXSljxNDjwxP-268477-AKCigna Standard ,112604,4
CHIR_IDrecvhsz05Tb03gEcw-268489-AKCigna Specialty,112604,4
CHIR_IDrecJd5kD6r5l5kdhh-136990-AKCigna Performan,112604,4
CHIR_IDrec12S6n89bo0pR1H-268513-AKCigna Legacy (P,112604,4
CHIR_IDrecl2FUMKjFmSeaLa-151892-AKCigna Standard ,112604,4
CHIR_IDrech1mbeY7bu1smZ5-136992-AKCigna Advantage,112604,4
CHIR_IDrecQ40lXEB3LnrTmV-268511-AKCigna Legacy (P,112604,4
CHIR_IDreceJlrorRcUoCUC9-268502-AKCigna Legacy (S,112604,4
CHIR_IDrecbPqYntfpVpF3T2-198426-AKCigna Value 3-T,112604,4
CHIR_IDrecuANwgvoPFcpMrm-268528-AKStandard and Pe,112604,4
CHIR_IDrecLhChQdPINtnJPv-268503-AKCigna Specialty,112604,4
CHIR_IDrecHL5acZB4MwThLP-268529-AKValue and Advan,112604,4
CHIR_IDrecIjID5czWzbR1pX-268530-AKLegacy (Standar,112604,4
CHIR_IDrec9TSEoHzm9YHyfK-286394-AKStandard Plan G,112604,4
CHIR_IDreccbA3CpSYRKM9Bt-268535-AKStandard Preven,112604,4
CHIR_IDrecy6gS3Y8oF9iVFd-268534-AKValue and Advan,112604,4
CHIR_IDreceaPYwYqvhwfdbY-268533-AKLegacy (Standar,112604,4
CHIR_IDrec9lezhyppiduMS8-290284-AKLegacy Diabetic,112604,4
CHIR_IDrecz2TOibqNJzGEDX-268532-AKStandard and Pe,112604,4
CHIR_IDrecRDqVEDerLMP7jF-268518-AKCigna National ,112604,4
CHIR_IDrec69p4dVMkC7nJwK-316780-AKCigna National ,112604,4
CHIR_IDrecbkHlq7SP7Ogt7i-316781-AKCigna National ,112604,4
CHIR_IDrecvcjPMepVksvuhe-316782-AKCigna National ,112604,4
CHIR_IDrecb56e5cJCQ6Hmf5-316785-AKCigna National ,112604,4
CHIR_IDrecJUkHMhy9wFydai-316783-AKCigna National ,1231753,5
CHIR_IDrecLeYx1W3KeMjAbG-286395-AKStandard Plus P,1231753,5
CHIR_IDrec19rlq1vtNSOYbr-136993-AKCigna Advantage,1231753,5
CHIR_IDrecSc9PHbFNuB92wa-268516-AKCigna Total Sav,1231753,5
CHIR_IDrecopGdpAEow8JYII-136991-AKCigna Performan,1231753,5
CHIR_IDrecFKQWY0a58xrntl-268479-AKCigna Specialty,1231753,5
CHIR_IDrecalp2Vf0dSYE8zP-268488-AKCigna Value 4-T,1231753,5
CHIR_IDrecrSc38zq5JJ64ol-198422-AKCigna Legacy (S,1231753,5
CHIR_IDrecSlQXSljxNDjwxP-268477-AKCigna Standard ,1231753,5
CHIR_IDrecvhsz05Tb03gEcw-268489-AKCigna Specialty,1231753,5
CHIR_IDrecJd5kD6r5l5kdhh-136990-AKCigna Performan,1231753,5
CHIR_IDrec12S6n89bo0pR1H-268513-AKCigna Legacy (P,1231753,5
CHIR_IDrecl2FUMKjFmSeaLa-151892-AKCigna Standard ,1231753,5
CHIR_IDrech1mbeY7bu1smZ5-136992-AKCigna Advantage,1231753,5
CHIR_IDrecQ40lXEB3LnrTmV-268511-AKCigna Legacy (P,1231753,5
CHIR_IDreceJlrorRcUoCUC9-268502-AKCigna Legacy (S,1231753,5
CHIR_IDrecbPqYntfpVpF3T2-198426-AKCigna Value 3-T,1231753,5
CHIR_IDrecuANwgvoPFcpMrm-268528-AKStandard and Pe,1231753,5
CHIR_IDrecLhChQdPINtnJPv-268503-AKCigna Specialty,1231753,5
CHIR_IDrecHL5acZB4MwThLP-268529-AKValue and Advan,1231753,5
CHIR_IDrecIjID5czWzbR1pX-268530-AKLegacy (Standar,1231753,5
CHIR_IDrec9TSEoHzm9YHyfK-286394-AKStandard Plan G,1231753,5
CHIR_IDreccbA3CpSYRKM9Bt-268535-AKStandard Preven,1231753,5
CHIR_IDrecy6gS3Y8oF9iVFd-268534-AKValue and Advan,1231753,5
CHIR_IDreceaPYwYqvhwfdbY-268533-AKLegacy (Standar,1231753,5
CHIR_IDrec9lezhyppiduMS8-290284-AKLegacy Diabetic,1231753,5
CHIR_IDrecz2TOibqNJzGEDX-268532-AKStandard and Pe,1231753,5
CHIR_IDrecRDqVEDerLMP7jF-268518-AKCigna National ,1231753,5
CHIR_IDrec69p4dVMkC7nJwK-316780-AKCigna National ,1231753,5
CHIR_IDrecbkHlq7SP7Ogt7i-316781-AKCigna National ,1231753,5
CHIR_IDrecvcjPMepVksvuhe-316782-AKCigna National ,1231753,5
CHIR_IDrecb56e5cJCQ6Hmf5-316785-AKCigna National ,1231753,5
CHIR_IDrecJUkHMhy9wFydai-316783-AKCigna National ,52892,3
CHIR_IDrecLeYx1W3KeMjAbG-286395-AKStandard Plus P,52892,3
CHIR_IDrec19rlq1vtNSOYbr-136993-AKCigna Advantage,52892,3
CHIR_IDrecSc9PHbFNuB92wa-268516-AKCigna Total Sav,52892,3
CHIR_IDrecopGdpAEow8JYII-136991-AKCigna Performan,52892,3
CHIR_IDrecFKQWY0a58xrntl-268479-AKCigna Specialty,52892,3
CHIR_IDrecalp2Vf0dSYE8zP-268488-AKCigna Value 4-T,52892,3
CHIR_IDrecrSc38zq5JJ64ol-198422-AKCigna Legacy (S,52892,3
CHIR_IDrecSlQXSljxNDjwxP-268477-AKCigna Standard ,52892,3
CHIR_IDrecvhsz05Tb03gEcw-268489-AKCigna Specialty,52892,3
CHIR_IDrecJd5kD6r5l5kdhh-136990-AKCigna Performan,52892,3
CHIR_IDrec12S6n89bo0pR1H-268513-AKCigna Legacy (P,52892,3
CHIR_IDrecl2FUMKjFmSeaLa-151892-AKCigna Standard ,52892,3
CHIR_IDrech1mbeY7bu1smZ5-136992-AKCigna Advantage,52892,3
CHIR_IDrecQ40lXEB3LnrTmV-268511-AKCigna Legacy (P,52892,3
CHIR_IDreceJlrorRcUoCUC9-268502-AKCigna Legacy (S,52892,3
CHIR_IDrecbPqYntfpVpF3T2-198426-AKCigna Value 3-T,52892,3
CHIR_IDrecuANwgvoPFcpMrm-268528-AKStandard and Pe,52892,3
CHIR_IDrecLhChQdPINtnJPv-268503-AKCigna Specialty,52892,3
CHIR_IDrecHL5acZB4MwThLP-268529-AKValue and Advan,52892,3
CHIR_IDrecIjID5czWzbR1pX-268530-AKLegacy (Standar,52892,3
CHIR_IDrec9TSEoHzm9YHyfK-286394-AKStandard Plan G,52892,3
CHIR_IDreccbA3CpSYRKM9Bt-268535-AKStandard Preven,52892,3
CHIR_IDrecy6gS3Y8oF9iVFd-268534-AKValue and Advan,52892,3
CHIR_IDreceaPYwYqvhwfdbY-268533-AKLegacy (Standar,52892,3
CHIR_IDrec9lezhyppiduMS8-290284-AKLegacy Diabetic,52892,3
CHIR_IDrecz2TOibqNJzGEDX-268532-AKStandard and Pe,52892,3
CHIR_IDrecRDqVEDerLMP7jF-268518-AKCigna National ,52892,3
CHIR_IDrec69p4dVMkC7nJwK-316780-AKCigna National ,52892,3
CHIR_IDrecbkHlq7SP7Ogt7i-316781-AKCigna National ,52892,3
CHIR_IDrecvcjPMepVksvuhe-316782-AKCigna National ,52892,3
CHIR_IDrecb56e5cJCQ6Hmf5-316785-AKCigna National ,52892,3
CHIR_IDrecJUkHMhy9wFydai-316783-AKCigna National ,117404,4
CHIR_IDrecLeYx1W3KeMjAbG-286395-AKStandard Plus P,117404,4
CHIR_IDrec19rlq1vtNSOYbr-136993-AKCigna Advantage,117404,4
CHIR_IDrecSc9PHbFNuB92wa-268516-AKCigna Total Sav,117404,4
CHIR_IDrecopGdpAEow8JYII-136991-AKCigna Performan,117404,4
CHIR_IDrecFKQWY0a58xrntl-268479-AKCigna Specialty,117404,4
CHIR_IDrecalp2Vf0dSYE8zP-268488-AKCigna Value 4-T,117404,4
CHIR_IDrecrSc38zq5JJ64ol-198422-AKCigna Legacy (S,117404,4
CHIR_IDrecSlQXSljxNDjwxP-268477-AKCigna Standard ,117404,4
CHIR_IDrecvhsz05Tb03gEcw-268489-AKCigna Specialty,117404,4
CHIR_IDrecJd5kD6r5l5kdhh-136990-AKCigna Performan,117404,4
CHIR_IDrec12S6n89bo0pR1H-268513-AKCigna Legacy (P,117404,4
CHIR_IDrecl2FUMKjFmSeaLa-151892-AKCigna Standard ,117404,4
CHIR_IDrech1mbeY7bu1smZ5-136992-AKCigna Advantage,117404,4
CHIR_IDrecQ40lXEB3LnrTmV-268511-AKCigna Legacy (P,117404,4
CHIR_IDreceJlrorRcUoCUC9-268502-AKCigna Legacy (S,117404,4
CHIR_IDrecbPqYntfpVpF3T2-198426-AKCigna Value 3-T,117404,4
CHIR_IDrecuANwgvoPFcpMrm-268528-AKStandard and Pe,117404,4
CHIR_IDrecLhChQdPINtnJPv-268503-AKCigna Specialty,117404,4
CHIR_IDrecHL5acZB4MwThLP-268529-AKValue and Advan,117404,4
CHIR_IDrecIjID5czWzbR1pX-268530-AKLegacy (Standar,117404,4
CHIR_IDrec9TSEoHzm9YHyfK-286394-AKStandard Plan G,117404,4
CHIR_IDreccbA3CpSYRKM9Bt-268535-AKStandard Preven,117404,4
CHIR_IDrecy6gS3Y8oF9iVFd-268534-AKValue and Advan,117404,4
CHIR_IDreceaPYwYqvhwfdbY-268533-AKLegacy (Standar,117404,4
CHIR_IDrec9lezhyppiduMS8-290284-AKLegacy Diabetic,117404,4
CHIR_IDrecz2TOibqNJzGEDX-268532-AKStandard and Pe,117404,4
CHIR_IDrecRDqVEDerLMP7jF-268518-AKCigna National ,117404,4
CHIR_IDrec69p4dVMkC7nJwK-316780-AKCigna National ,117404,4
CHIR_IDrecbkHlq7SP7Ogt7i-316781-AKCigna National ,117404,4
CHIR_IDrecvcjPMepVksvuhe-316782-AKCigna National ,117404,4
CHIR_IDrecb56e5cJCQ6Hmf5-316785-AKCigna National ,117404,4
CHIR_IDrecJUkHMhy9wFydai-316783-AKCigna National ,682031,5
CHIR_IDrecLeYx1W3KeMjAbG-286395-AKStandard Plus P,682031,5
CHIR_IDrec19rlq1vtNSOYbr-136993-AKCigna Advantage,682031,5
CHIR_IDrecSc9PHbFNuB92wa-268516-AKCigna Total Sav,682031,5
CHIR_IDrecopGdpAEow8JYII-136991-AKCigna Performan,682031,5
CHIR_IDrecFKQWY0a58xrntl-268479-AKCigna Specialty,682031,5
CHIR_IDrecalp2Vf0dSYE8zP-268488-AKCigna Value 4-T,682031,5
CHIR_IDrecrSc38zq5JJ64ol-198422-AKCigna Legacy (S,682031,5
CHIR_IDrecSlQXSljxNDjwxP-268477-AKCigna Standard ,682031,5
CHIR_IDrecvhsz05Tb03gEcw-268489-AKCigna Specialty,682031,5
CHIR_IDrecJd5kD6r5l5kdhh-136990-AKCigna Performan,682031,5
CHIR_IDrec12S6n89bo0pR1H-268513-AKCigna Legacy (P,682031,5
CHIR_IDrecl2FUMKjFmSeaLa-151892-AKCigna Standard ,682031,5
CHIR_IDrech1mbeY7bu1smZ5-136992-AKCigna Advantage,682031,5
CHIR_IDrecQ40lXEB3LnrTmV-268511-AKCigna Legacy (P,682031,5
CHIR_IDreceJlrorRcUoCUC9-268502-AKCigna Legacy (S,682031,5
CHIR_IDrecbPqYntfpVpF3T2-198426-AKCigna Value 3-T,682031,5
CHIR_IDrecuANwgvoPFcpMrm-268528-AKStandard and Pe,682031,5
CHIR_IDrecLhChQdPINtnJPv-268503-AKCigna Specialty,682031,5
CHIR_IDrecHL5acZB4MwThLP-268529-AKValue and Advan,682031,5
CHIR_IDrecIjID5czWzbR1pX-268530-AKLegacy (Standar,682031,5
CHIR_IDrec9TSEoHzm9YHyfK-286394-AKStandard Plan G,682031,5
CHIR_IDreccbA3CpSYRKM9Bt-268535-AKStandard Preven,682031,5
CHIR_IDrecy6gS3Y8oF9iVFd-268534-AKValue and Advan,682031,5
CHIR_IDreceaPYwYqvhwfdbY-268533-AKLegacy (Standar,682031,5
CHIR_IDrec9lezhyppiduMS8-290284-AKLegacy Diabetic,682031,5
CHIR_IDrecz2TOibqNJzGEDX-268532-AKStandard and Pe,682031,5
CHIR_IDrecRDqVEDerLMP7jF-268518-AKCigna National ,682031,5
CHIR_IDrec69p4dVMkC7nJwK-316780-AKCigna National ,682031,5
CHIR_IDrecbkHlq7SP7Ogt7i-316781-AKCigna National ,682031,5
CHIR_IDrecvcjPMepVksvuhe-316782-AKCigna National ,682031,5
CHIR_IDrecb56e5cJCQ6Hmf5-316785-AKCigna National ,682031,5
CHIR_IDrecJUkHMhy9wFydai-316783-AKCigna National ,364971,5
CHIR_IDrecLeYx1W3KeMjAbG-286395-AKStandard Plus P,364971,5
CHIR_IDrec19rlq1vtNSOYbr-136993-AKCigna Advantage,364971,5
CHIR_IDrecSc9PHbFNuB92wa-268516-AKCigna Total Sav,364971,5
CHIR_IDrecopGdpAEow8JYII-136991-AKCigna Performan,364971,5
CHIR_IDrecFKQWY0a58xrntl-268479-AKCigna Specialty,364971,5
CHIR_IDrecalp2Vf0dSYE8zP-268488-AKCigna Value 4-T,364971,5
CHIR_IDrecrSc38zq5JJ64ol-198422-AKCigna Legacy (S,364971,5
CHIR_IDrecSlQXSljxNDjwxP-268477-AKCigna Standard ,364971,5
CHIR_IDrecvhsz05Tb03gEcw-268489-AKCigna Specialty,364971,5
CHIR_IDrecJd5kD6r5l5kdhh-136990-AKCigna Performan,364971,5
CHIR_IDrec12S6n89bo0pR1H-268513-AKCigna Legacy (P,364971,5
CHIR_IDrecl2FUMKjFmSeaLa-151892-AKCigna Standard ,364971,5
CHIR_IDrech1mbeY7bu1smZ5-136992-AKCigna Advantage,364971,5
CHIR_IDrecQ40lXEB3LnrTmV-268511-AKCigna Legacy (P,364971,5
CHIR_IDreceJlrorRcUoCUC9-268502-AKCigna Legacy (S,364971,5
CHIR_IDrecbPqYntfpVpF3T2-198426-AKCigna Value 3-T,364971,5
CHIR_IDrecuANwgvoPFcpMrm-268528-AKStandard and Pe,364971,5
CHIR_IDrecLhChQdPINtnJPv-268503-AKCigna Specialty,364971,5
CHIR_IDrecHL5acZB4MwThLP-268529-AKValue and Advan,364971,5
CHIR_IDrecIjID5czWzbR1pX-268530-AKLegacy (Standar,364971,5
CHIR_IDrec9TSEoHzm9YHyfK-286394-AKStandard Plan G,364971,5
CHIR_IDreccbA3CpSYRKM9Bt-268535-AKStandard Preven,364971,5
CHIR_IDrecy6gS3Y8oF9iVFd-268534-AKValue and Advan,364971,5
CHIR_IDreceaPYwYqvhwfdbY-268533-AKLegacy (Standar,364971,5
CHIR_IDrec9lezhyppiduMS8-290284-AKLegacy Diabetic,364971,5
CHIR_IDrecz2TOibqNJzGEDX-268532-AKStandard and Pe,364971,5
CHIR_IDrecRDqVEDerLMP7jF-268518-AKCigna National ,364971,5
CHIR_IDrec69p4dVMkC7nJwK-316780-AKCigna National ,364971,5
CHIR_IDrecbkHlq7SP7Ogt7i-316781-AKCigna National ,364971,5
CHIR_IDrecvcjPMepVksvuhe-316782-AKCigna National ,364971,5
CHIR_IDrecb56e5cJCQ6Hmf5-316785-AKCigna National ,364971,5
CHIR_IDrecJUkHMhy9wFydai-316783-AKCigna National ,98316,4
CHIR_IDrecLeYx1W3KeMjAbG-286395-AKStandard Plus P,98316,4
CHIR_IDrec19rlq1vtNSOYbr-136993-AKCigna Advantage,98316,4
CHIR_IDrecSc9PHbFNuB92wa-268516-AKCigna Total Sav,98316,4
CHIR_IDrecopGdpAEow8JYII-136991-AKCigna Performan,98316,4
CHIR_IDrecFKQWY0a58xrntl-268479-AKCigna Specialty,98316,4
CHIR_IDrecalp2Vf0dSYE8zP-268488-AKCigna Value 4-T,98316,4
CHIR_IDrecrSc38zq5JJ64ol-198422-AKCigna Legacy (S,98316,4
CHIR_IDrecSlQXSljxNDjwxP-268477-AKCigna Standard ,98316,4
CHIR_IDrecvhsz05Tb03gEcw-268489-AKCigna Specialty,98316,4
CHIR_IDrecJd5kD6r5l5kdhh-136990-AKCigna Performan,98316,4
CHIR_IDrec12S6n89bo0pR1H-268513-AKCigna Legacy (P,98316,4
CHIR_IDrecl2FUMKjFmSeaLa-151892-AKCigna Standard ,98316,4
CHIR_IDrech1mbeY7bu1smZ5-136992-AKCigna Advantage,98316,4
CHIR_IDrecQ40lXEB3LnrTmV-268511-AKCigna Legacy (P,98316,4
CHIR_IDreceJlrorRcUoCUC9-268502-AKCigna Legacy (S,98316,4
CHIR_IDrecbPqYntfpVpF3T2-198426-AKCigna Value 3-T,98316,4
CHIR_IDrecuANwgvoPFcpMrm-268528-AKStandard and Pe,98316,4
CHIR_IDrecLhChQdPINtnJPv-268503-AKCigna Specialty,98316,4
CHIR_IDrecHL5acZB4MwThLP-268529-AKValue and Advan,98316,4
CHIR_IDrecIjID5czWzbR1pX-268530-AKLegacy (Standar,98316,4
CHIR_IDrec9TSEoHzm9YHyfK-286394-AKStandard Plan G,98316,4
CHIR_IDreccbA3CpSYRKM9Bt-268535-AKStandard Preven,98316,4
CHIR_IDrecy6gS3Y8oF9iVFd-268534-AKValue and Advan,98316,4
CHIR_IDreceaPYwYqvhwfdbY-268533-AKLegacy (Standar,98316,4
CHIR_IDrec9lezhyppiduMS8-290284-AKLegacy Diabetic,98316,4
CHIR_IDrecz2TOibqNJzGEDX-268532-AKStandard and Pe,98316,4
CHIR_IDrecRDqVEDerLMP7jF-268518-AKCigna National ,98316,4
CHIR_IDrec69p4dVMkC7nJwK-316780-AKCigna National ,98316,4
CHIR_IDrecbkHlq7SP7Ogt7i-316781-AKCigna National ,98316,4
CHIR_IDrecvcjPMepVksvuhe-316782-AKCigna National ,98316,4
CHIR_IDrecb56e5cJCQ6Hmf5-316785-AKCigna National ,98316,4
CHIR_IDrecJUkHMhy9wFydai-316783-AKCigna National ,80879,3
CHIR_IDrecLeYx1W3KeMjAbG-286395-AKStandard Plus P,80879,3
CHIR_IDrec19rlq1vtNSOYbr-136993-AKCigna Advantage,80879,3
CHIR_IDrecSc9PHbFNuB92wa-268516-AKCigna Total Sav,80879,3
CHIR_IDrecopGdpAEow8JYII-136991-AKCigna Performan,80879,3
CHIR_IDrecFKQWY0a58xrntl-268479-AKCigna Specialty,80879,3
CHIR_IDrecalp2Vf0dSYE8zP-268488-AKCigna Value 4-T,80879,3
CHIR_IDrecrSc38zq5JJ64ol-198422-AKCigna Legacy (S,80879,3
CHIR_IDrecSlQXSljxNDjwxP-268477-AKCigna Standard ,80879,3
CHIR_IDrecvhsz05Tb03gEcw-268489-AKCigna Specialty,80879,3
CHIR_IDrecJd5kD6r5l5kdhh-136990-AKCigna Performan,80879,3
CHIR_IDrec12S6n89bo0pR1H-268513-AKCigna Legacy (P,80879,3
CHIR_IDrecl2FUMKjFmSeaLa-151892-AKCigna Standard ,80879,3
CHIR_IDrech1mbeY7bu1smZ5-136992-AKCigna Advantage,80879,3
CHIR_IDrecQ40lXEB3LnrTmV-268511-AKCigna Legacy (P,80879,3
CHIR_IDreceJlrorRcUoCUC9-268502-AKCigna Legacy (S,80879,3
CHIR_IDrecbPqYntfpVpF3T2-198426-AKCigna Value 3-T,80879,3
CHIR_IDrecuANwgvoPFcpMrm-268528-AKStandard and Pe,80879,3
CHIR_IDrecLhChQdPINtnJPv-268503-AKCigna Specialty,80879,3
CHIR_IDrecHL5acZB4MwThLP-268529-AKValue and Advan,80879,3
CHIR_IDrecIjID5czWzbR1pX-268530-AKLegacy (Standar,80879,3
CHIR_IDrec9TSEoHzm9YHyfK-286394-AKStandard Plan G,80879,3
CHIR_IDreccbA3CpSYRKM9Bt-268535-AKStandard Preven,80879,3
CHIR_IDrecy6gS3Y8oF9iVFd-268534-AKValue and Advan,80879,3
CHIR_IDreceaPYwYqvhwfdbY-268533-AKLegacy (Standar,80879,3
CHIR_IDrec9lezhyppiduMS8-290284-AKLegacy Diabetic,80879,3
CHIR_IDrecz2TOibqNJzGEDX-268532-AKStandard and Pe,80879,3
CHIR_IDrecRDqVEDerLMP7jF-268518-AKCigna National ,80879,3
CHIR_IDrec69p4dVMkC7nJwK-316780-AKCigna National ,80879,3
CHIR_IDrecbkHlq7SP7Ogt7i-316781-AKCigna National ,80879,3
CHIR_IDrecvcjPMepVksvuhe-316782-AKCigna National ,80879,3
CHIR_IDrecb56e5cJCQ6Hmf5-316785-AKCigna National ,80879,3
CHIR_IDrecqcwFXQ0JRL9UiJ-309486-PAOscar and Cigna,352514,5
CHIR_IDrecJUkHMhy9wFydai-316783-AKCigna National ,352514,5
CHIR_IDrecLeYx1W3KeMjAbG-286395-AKStandard Plus P,352514,5
CHIR_IDrec19rlq1vtNSOYbr-136993-AKCigna Advantage,352514,5
CHIR_IDrecSc9PHbFNuB92wa-268516-AKCigna Total Sav,352514,5
CHIR_IDrecopGdpAEow8JYII-136991-AKCigna Performan,352514,5
CHIR_IDrecFKQWY0a58xrntl-268479-AKCigna Specialty,352514,5
CHIR_IDrecalp2Vf0dSYE8zP-268488-AKCigna Value 4-T,352514,5
CHIR_IDrecrSc38zq5JJ64ol-198422-AKCigna Legacy (S,352514,5
CHIR_IDrecSlQXSljxNDjwxP-268477-AKCigna Standard ,352514,5
CHIR_IDrecvhsz05Tb03gEcw-268489-AKCigna Specialty,352514,5
CHIR_IDrecJd5kD6r5l5kdhh-136990-AKCigna Performan,352514,5
CHIR_IDrec12S6n89bo0pR1H-268513-AKCigna Legacy (P,352514,5
CHIR_IDrecl2FUMKjFmSeaLa-151892-AKCigna Standard ,352514,5
CHIR_IDrech1mbeY7bu1smZ5-136992-AKCigna Advantage,352514,5
CHIR_IDrecQ40lXEB3LnrTmV-268511-AKCigna Legacy (P,352514,5
CHIR_IDreceJlrorRcUoCUC9-268502-AKCigna Legacy (S,352514,5
CHIR_IDrecbPqYntfpVpF3T2-198426-AKCigna Value 3-T,352514,5
CHIR_IDrecuANwgvoPFcpMrm-268528-AKStandard and Pe,352514,5
CHIR_IDrecLhChQdPINtnJPv-268503-AKCigna Specialty,352514,5
CHIR_IDrecHL5acZB4MwThLP-268529-AKValue and Advan,352514,5
CHIR_IDrecIjID5czWzbR1pX-268530-AKLegacy (Standar,352514,5
CHIR_IDrec9TSEoHzm9YHyfK-286394-AKStandard Plan G,352514,5
CHIR_IDreccbA3CpSYRKM9Bt-268535-AKStandard Preven,352514,5
CHIR_IDrecy6gS3Y8oF9iVFd-268534-AKValue and Advan,352514,5
CHIR_IDreceaPYwYqvhwfdbY-268533-AKLegacy (Standar,352514,5
CHIR_IDrec9lezhyppiduMS8-290284-AKLegacy Diabetic,352514,5
CHIR_IDrecz2TOibqNJzGEDX-268532-AKStandard and Pe,352514,5
CHIR_IDrecRDqVEDerLMP7jF-268518-AKCigna National ,352514,5
CHIR_IDrec69p4dVMkC7nJwK-316780-AKCigna National ,352514,5
CHIR_IDrecbkHlq7SP7Ogt7i-316781-AKCigna National ,352514,5
CHIR_IDrecvcjPMepVksvuhe-316782-AKCigna National ,352514,5
CHIR_IDrecb56e5cJCQ6Hmf5-316785-AKCigna National ,352514,5
CHIR_IDrecJUkHMhy9wFydai-316783-AKCigna National ,32868,2
CHIR_IDrecLeYx1W3KeMjAbG-286395-AKStandard Plus P,32868,2
CHIR_IDrec19rlq1vtNSOYbr-136993-AKCigna Advantage,32868,2
CHIR_IDrecSc9PHbFNuB92wa-268516-AKCigna Total Sav,32868,2
CHIR_IDrecopGdpAEow8JYII-136991-AKCigna Performan,32868,2
CHIR_IDrecFKQWY0a58xrntl-268479-AKCigna Specialty,32868,2
CHIR_IDrecalp2Vf0dSYE8zP-268488-AKCigna Value 4-T,32868,2
CHIR_IDrecrSc38zq5JJ64ol-198422-AKCigna Legacy (S,32868,2
CHIR_IDrecSlQXSljxNDjwxP-268477-AKCigna Standard ,32868,2
CHIR_IDrecvhsz05Tb03gEcw-268489-AKCigna Specialty,32868,2
CHIR_IDrecJd5kD6r5l5kdhh-136990-AKCigna Performan,32868,2
CHIR_IDrec12S6n89bo0pR1H-268513-AKCigna Legacy (P,32868,2
CHIR_IDrecl2FUMKjFmSeaLa-151892-AKCigna Standard ,32868,2
CHIR_IDrech1mbeY7bu1smZ5-136992-AKCigna Advantage,32868,2
CHIR_IDrecQ40lXEB3LnrTmV-268511-AKCigna Legacy (P,32868,2
CHIR_IDreceJlrorRcUoCUC9-268502-AKCigna Legacy (S,32868,2
CHIR_IDrecbPqYntfpVpF3T2-198426-AKCigna Value 3-T,32868,2
CHIR_IDrecuANwgvoPFcpMrm-268528-AKStandard and Pe,32868,2
CHIR_IDrecLhChQdPINtnJPv-268503-AKCigna Specialty,32868,2
CHIR_IDrecHL5acZB4MwThLP-268529-AKValue and Advan,32868,2
CHIR_IDrecIjID5czWzbR1pX-268530-AKLegacy (Standar,32868,2
CHIR_IDrec9TSEoHzm9YHyfK-286394-AKStandard Plan G,32868,2
CHIR_IDreccbA3CpSYRKM9Bt-268535-AKStandard Preven,32868,2
CHIR_IDrecy6gS3Y8oF9iVFd-268534-AKValue and Advan,32868,2
CHIR_IDreceaPYwYqvhwfdbY-268533-AKLegacy (Standar,32868,2
CHIR_IDrec9lezhyppiduMS8-290284-AKLegacy Diabetic,32868,2
CHIR_IDrecz2TOibqNJzGEDX-268532-AKStandard and Pe,32868,2
CHIR_IDrecRDqVEDerLMP7jF-268518-AKCigna National ,32868,2
CHIR_IDrec69p4dVMkC7nJwK-316780-AKCigna National ,32868,2
CHIR_IDrecbkHlq7SP7Ogt7i-316781-AKCigna National ,32868,2
CHIR_IDrecvcjPMepVksvuhe-316782-AKCigna National ,32868,2
CHIR_IDrecb56e5cJCQ6Hmf5-316785-AKCigna National ,32868,2
CHIR_IDrecJUkHMhy9wFydai-316783-AKCigna National ,234779,4
CHIR_IDrecLeYx1W3KeMjAbG-286395-AKStandard Plus P,234779,4
CHIR_IDrec19rlq1vtNSOYbr-136993-AKCigna Advantage,234779,4
CHIR_IDrecSc9PHbFNuB92wa-268516-AKCigna Total Sav,234779,4
CHIR_IDrecopGdpAEow8JYII-136991-AKCigna Performan,234779,4
CHIR_IDrecFKQWY0a58xrntl-268479-AKCigna Specialty,234779,4
CHIR_IDrecalp2Vf0dSYE8zP-268488-AKCigna Value 4-T,234779,4
CHIR_IDrecrSc38zq5JJ64ol-198422-AKCigna Legacy (S,234779,4
CHIR_IDrecSlQXSljxNDjwxP-268477-AKCigna Standard ,234779,4
CHIR_IDrecvhsz05Tb03gEcw-268489-AKCigna Specialty,234779,4
CHIR_IDrecJd5kD6r5l5kdhh-136990-AKCigna Performan,234779,4
CHIR_IDrec12S6n89bo0pR1H-268513-AKCigna Legacy (P,234779,4
CHIR_IDrecl2FUMKjFmSeaLa-151892-AKCigna Standard ,234779,4
CHIR_IDrech1mbeY7bu1smZ5-136992-AKCigna Advantage,234779,4
CHIR_IDrecQ40lXEB3LnrTmV-268511-AKCigna Legacy (P,234779,4
CHIR_IDreceJlrorRcUoCUC9-268502-AKCigna Legacy (S,234779,4
CHIR_IDrecbPqYntfpVpF3T2-198426-AKCigna Value 3-T,234779,4
CHIR_IDrecuANwgvoPFcpMrm-268528-AKStandard and Pe,234779,4
CHIR_IDrecLhChQdPINtnJPv-268503-AKCigna Specialty,234779,4
CHIR_IDrecHL5acZB4MwThLP-268529-AKValue and Advan,234779,4
CHIR_IDrecIjID5czWzbR1pX-268530-AKLegacy (Standar,234779,4
CHIR_IDrec9TSEoHzm9YHyfK-286394-AKStandard Plan G,234779,4
CHIR_IDreccbA3CpSYRKM9Bt-268535-AKStandard Preven,234779,4
CHIR_IDrecy6gS3Y8oF9iVFd-268534-AKValue and Advan,234779,4
CHIR_IDreceaPYwYqvhwfdbY-268533-AKLegacy (Standar,234779,4
CHIR_IDrec9lezhyppiduMS8-290284-AKLegacy Diabetic,234779,4
CHIR_IDrecz2TOibqNJzGEDX-268532-AKStandard and Pe,234779,4
CHIR_IDrecRDqVEDerLMP7jF-268518-AKCigna National ,234779,4
CHIR_IDrec69p4dVMkC7nJwK-316780-AKCigna National ,234779,4
CHIR_IDrecbkHlq7SP7Ogt7i-316781-AKCigna National ,234779,4
CHIR_IDrecvcjPMepVksvuhe-316782-AKCigna National ,234779,4
CHIR_IDrecb56e5cJCQ6Hmf5-316785-AKCigna National ,234779,4
CHIR_IDrecJUkHMhy9wFydai-316783-AKCigna National ,11670,1
CHIR_IDrecLeYx1W3KeMjAbG-286395-AKStandard Plus P,11670,1
CHIR_IDrec19rlq1vtNSOYbr-136993-AKCigna Advantage,11670,1
CHIR_IDrecSc9PHbFNuB92wa-268516-AKCigna Total Sav,11670,1
CHIR_IDrecopGdpAEow8JYII-136991-AKCigna Performan,11670,1
CHIR_IDrecFKQWY0a58xrntl-268479-AKCigna Specialty,11670,1
CHIR_IDrecalp2Vf0dSYE8zP-268488-AKCigna Value 4-T,11670,1
CHIR_IDrecrSc38zq5JJ64ol-198422-AKCigna Legacy (S,11670,1
CHIR_IDrecSlQXSljxNDjwxP-268477-AKCigna Standard ,11670,1
CHIR_IDrecvhsz05Tb03gEcw-268489-AKCigna Specialty,11670,1
CHIR_IDrecJd5kD6r5l5kdhh-136990-AKCigna Performan,11670,1
CHIR_IDrec12S6n89bo0pR1H-268513-AKCigna Legacy (P,11670,1
CHIR_IDrecl2FUMKjFmSeaLa-151892-AKCigna Standard ,11670,1
CHIR_IDrech1mbeY7bu1smZ5-136992-AKCigna Advantage,11670,1
CHIR_IDrecQ40lXEB3LnrTmV-268511-AKCigna Legacy (P,11670,1
CHIR_IDreceJlrorRcUoCUC9-268502-AKCigna Legacy (S,11670,1
CHIR_IDrecbPqYntfpVpF3T2-198426-AKCigna Value 3-T,11670,1
CHIR_IDrecuANwgvoPFcpMrm-268528-AKStandard and Pe,11670,1
CHIR_IDrecLhChQdPINtnJPv-268503-AKCigna Specialty,11670,1
CHIR_IDrecHL5acZB4MwThLP-268529-AKValue and Advan,11670,1
CHIR_IDrecIjID5czWzbR1pX-268530-AKLegacy (Standar,11670,1
CHIR_IDrec9TSEoHzm9YHyfK-286394-AKStandard Plan G,11670,1
CHIR_IDreccbA3CpSYRKM9Bt-268535-AKStandard Preven,11670,1
CHIR_IDrecy6gS3Y8oF9iVFd-268534-AKValue and Advan,11670,1
CHIR_IDreceaPYwYqvhwfdbY-268533-AKLegacy (Standar,11670,1
CHIR_IDrec9lezhyppiduMS8-290284-AKLegacy Diabetic,11670,1
CHIR_IDrecz2TOibqNJzGEDX-268532-AKStandard and Pe,11670,1
CHIR_IDrecRDqVEDerLMP7jF-268518-AKCigna National ,11670,1
CHIR_IDrec69p4dVMkC7nJwK-316780-AKCigna National ,11670,1
CHIR_IDrecbkHlq7SP7Ogt7i-316781-AKCigna National ,11670,1
CHIR_IDrecvcjPMepVksvuhe-316782-AKCigna National ,11670,1
CHIR_IDrecb56e5cJCQ6Hmf5-316785-AKCigna National ,11670,1
CHIR_IDrecV9Iw8f0i9iPXB0-302189-TNOscar and Cigna,704349,5
CHIR_IDrecJUkHMhy9wFydai-316783-AKCigna National ,704349,5
CHIR_IDrecIwMlQXmgXLizkc-315730-TNCigna Plus 4-Ti,704349,5
CHIR_IDrecFuxI7QC0T0swLz-199856-TNCigna Rx Plus 5,704349,5
CHIR_IDrecLeYx1W3KeMjAbG-286395-AKStandard Plus P,704349,5
CHIR_IDrec19rlq1vtNSOYbr-136993-AKCigna Advantage,704349,5
CHIR_IDrecSc9PHbFNuB92wa-268516-AKCigna Total Sav,704349,5
CHIR_IDrecopGdpAEow8JYII-136991-AKCigna Performan,704349,5
CHIR_IDrecFKQWY0a58xrntl-268479-AKCigna Specialty,704349,5
CHIR_IDrecalp2Vf0dSYE8zP-268488-AKCigna Value 4-T,704349,5
CHIR_IDrecrSc38zq5JJ64ol-198422-AKCigna Legacy (S,704349,5
CHIR_IDrecSlQXSljxNDjwxP-268477-AKCigna Standard ,704349,5
CHIR_IDrecvhsz05Tb03gEcw-268489-AKCigna Specialty,704349,5
CHIR_IDrecJd5kD6r5l5kdhh-136990-AKCigna Performan,704349,5
CHIR_IDrec12S6n89bo0pR1H-268513-AKCigna Legacy (P,704349,5
CHIR_IDrecl2FUMKjFmSeaLa-151892-AKCigna Standard ,704349,5
CHIR_IDrech1mbeY7bu1smZ5-136992-AKCigna Advantage,704349,5
CHIR_IDrecQ40lXEB3LnrTmV-268511-AKCigna Legacy (P,704349,5
CHIR_IDreceJlrorRcUoCUC9-268502-AKCigna Legacy (S,704349,5
CHIR_IDrecbPqYntfpVpF3T2-198426-AKCigna Value 3-T,704349,5
CHIR_IDrecuANwgvoPFcpMrm-268528-AKStandard and Pe,704349,5
CHIR_IDrecLhChQdPINtnJPv-268503-AKCigna Specialty,704349,5
CHIR_IDrecHL5acZB4MwThLP-268529-AKValue and Advan,704349,5
CHIR_IDrecIjID5czWzbR1pX-268530-AKLegacy (Standar,704349,5
CHIR_IDrec9TSEoHzm9YHyfK-286394-AKStandard Plan G,704349,5
CHIR_IDreccbA3CpSYRKM9Bt-268535-AKStandard Preven,704349,5
CHIR_IDrecy6gS3Y8oF9iVFd-268534-AKValue and Advan,704349,5
CHIR_IDreceaPYwYqvhwfdbY-268533-AKLegacy (Standar,704349,5
CHIR_IDrec9lezhyppiduMS8-290284-AKLegacy Diabetic,704349,5
CHIR_IDrecz2TOibqNJzGEDX-268532-AKStandard and Pe,704349,5
CHIR_IDrecRDqVEDerLMP7jF-268518-AKCigna National ,704349,5
CHIR_IDrec69p4dVMkC7nJwK-316780-AKCigna National ,704349,5
CHIR_IDrecbkHlq7SP7Ogt7i-316781-AKCigna National ,704349,5
CHIR_IDrecvcjPMepVksvuhe-316782-AKCigna National ,704349,5
CHIR_IDrecb56e5cJCQ6Hmf5-316785-AKCigna National ,704349,5
CHIR_IDrecJUkHMhy9wFydai-316783-AKCigna National ,1173913,5
CHIR_IDrec897RxDNvGubkQq-315719-TXCigna Plus 5-Ti,1173913,5
CHIR_IDrecprZRTEFB3PlkdA-315731-TXCigna Plus 4-Ti,1173913,5
CHIR_IDrecLeYx1W3KeMjAbG-286395-AKStandard Plus P,1173913,5
CHIR_IDrec19rlq1vtNSOYbr-136993-AKCigna Advantage,1173913,5
CHIR_IDrecSc9PHbFNuB92wa-268516-AKCigna Total Sav,1173913,5
CHIR_IDrecopGdpAEow8JYII-136991-AKCigna Performan,1173913,5
CHIR_IDrecFKQWY0a58xrntl-268479-AKCigna Specialty,1173913,5
CHIR_IDrecalp2Vf0dSYE8zP-268488-AKCigna Value 4-T,1173913,5
CHIR_IDrecrSc38zq5JJ64ol-198422-AKCigna Legacy (S,1173913,5
CHIR_IDrecSlQXSljxNDjwxP-268477-AKCigna Standard ,1173913,5
CHIR_IDrecvhsz05Tb03gEcw-268489-AKCigna Specialty,1173913,5
CHIR_IDrecJd5kD6r5l5kdhh-136990-AKCigna Performan,1173913,5
CHIR_IDrec12S6n89bo0pR1H-268513-AKCigna Legacy (P,1173913,5
CHIR_IDrecl2FUMKjFmSeaLa-151892-AKCigna Standard ,1173913,5
CHIR_IDrech1mbeY7bu1smZ5-136992-AKCigna Advantage,1173913,5
CHIR_IDrecQ40lXEB3LnrTmV-268511-AKCigna Legacy (P,1173913,5
CHIR_IDreceJlrorRcUoCUC9-268502-AKCigna Legacy (S,1173913,5
CHIR_IDrecbPqYntfpVpF3T2-198426-AKCigna Value 3-T,1173913,5
CHIR_IDrecuANwgvoPFcpMrm-268528-AKStandard and Pe,1173913,5
CHIR_IDrecLhChQdPINtnJPv-268503-AKCigna Specialty,1173913,5
CHIR_IDrecHL5acZB4MwThLP-268529-AKValue and Advan,1173913,5
CHIR_IDrecIjID5czWzbR1pX-268530-AKLegacy (Standar,1173913,5
CHIR_IDrec9TSEoHzm9YHyfK-286394-AKStandard Plan G,1173913,5
CHIR_IDreccbA3CpSYRKM9Bt-268535-AKStandard Preven,1173913,5
CHIR_IDrecy6gS3Y8oF9iVFd-268534-AKValue and Advan,1173913,5
CHIR_IDreceaPYwYqvhwfdbY-268533-AKLegacy (Standar,1173913,5
CHIR_IDrec9lezhyppiduMS8-290284-AKLegacy Diabetic,1173913,5
CHIR_IDrecz2TOibqNJzGEDX-268532-AKStandard and Pe,1173913,5
CHIR_IDrecRDqVEDerLMP7jF-268518-AKCigna National ,1173913,5
CHIR_IDrec69p4dVMkC7nJwK-316780-AKCigna National ,1173913,5
CHIR_IDrecbkHlq7SP7Ogt7i-316781-AKCigna National ,1173913,5
CHIR_IDrecvcjPMepVksvuhe-316782-AKCigna National ,1173913,5
CHIR_IDrecb56e5cJCQ6Hmf5-316785-AKCigna National ,1173913,5
CHIR_IDrecJUkHMhy9wFydai-316783-AKCigna National ,196101,4
CHIR_IDrecLeYx1W3KeMjAbG-286395-AKStandard Plus P,196101,4
CHIR_IDrec19rlq1vtNSOYbr-136993-AKCigna Advantage,196101,4
CHIR_IDrecSc9PHbFNuB92wa-268516-AKCigna Total Sav,196101,4
CHIR_IDrecopGdpAEow8JYII-136991-AKCigna Performan,196101,4
CHIR_IDrecFKQWY0a58xrntl-268479-AKCigna Specialty,196101,4
CHIR_IDrecalp2Vf0dSYE8zP-268488-AKCigna Value 4-T,196101,4
CHIR_IDrecrSc38zq5JJ64ol-198422-AKCigna Legacy (S,196101,4
CHIR_IDrecSlQXSljxNDjwxP-268477-AKCigna Standard ,196101,4
CHIR_IDrecvhsz05Tb03gEcw-268489-AKCigna Specialty,196101,4
CHIR_IDrecJd5kD6r5l5kdhh-136990-AKCigna Performan,196101,4
CHIR_IDrec12S6n89bo0pR1H-268513-AKCigna Legacy (P,196101,4
CHIR_IDrecl2FUMKjFmSeaLa-151892-AKCigna Standard ,196101,4
CHIR_IDrech1mbeY7bu1smZ5-136992-AKCigna Advantage,196101,4
CHIR_IDrecQ40lXEB3LnrTmV-268511-AKCigna Legacy (P,196101,4
CHIR_IDreceJlrorRcUoCUC9-268502-AKCigna Legacy (S,196101,4
CHIR_IDrecbPqYntfpVpF3T2-198426-AKCigna Value 3-T,196101,4
CHIR_IDrecuANwgvoPFcpMrm-268528-AKStandard and Pe,196101,4
CHIR_IDrecLhChQdPINtnJPv-268503-AKCigna Specialty,196101,4
CHIR_IDrecHL5acZB4MwThLP-268529-AKValue and Advan,196101,4
CHIR_IDrecIjID5czWzbR1pX-268530-AKLegacy (Standar,196101,4
CHIR_IDrec9TSEoHzm9YHyfK-286394-AKStandard Plan G,196101,4
CHIR_IDreccbA3CpSYRKM9Bt-268535-AKStandard Preven,196101,4
CHIR_IDrecy6gS3Y8oF9iVFd-268534-AKValue and Advan,196101,4
CHIR_IDreceaPYwYqvhwfdbY-268533-AKLegacy (Standar,196101,4
CHIR_IDrec9lezhyppiduMS8-290284-AKLegacy Diabetic,196101,4
CHIR_IDrecz2TOibqNJzGEDX-268532-AKStandard and Pe,196101,4
CHIR_IDrecRDqVEDerLMP7jF-268518-AKCigna National ,196101,4
CHIR_IDrec69p4dVMkC7nJwK-316780-AKCigna National ,196101,4
CHIR_IDrecbkHlq7SP7Ogt7i-316781-AKCigna National ,196101,4
CHIR_IDrecvcjPMepVksvuhe-316782-AKCigna National ,196101,4
CHIR_IDrecb56e5cJCQ6Hmf5-316785-AKCigna National ,196101,4
CHIR_IDrecJUkHMhy9wFydai-316783-AKCigna National ,560023,5
CHIR_IDrecXN4ilDVIJsIlsy-199858-VACigna Rx Premie,560023,5
CHIR_IDrecABP8O2d7rCsqhL-342579-VACigna HealthCar,560023,5
CHIR_IDrecLeYx1W3KeMjAbG-286395-AKStandard Plus P,560023,5
CHIR_IDrec19rlq1vtNSOYbr-136993-AKCigna Advantage,560023,5
CHIR_IDrecSc9PHbFNuB92wa-268516-AKCigna Total Sav,560023,5
CHIR_IDrecopGdpAEow8JYII-136991-AKCigna Performan,560023,5
CHIR_IDrecFKQWY0a58xrntl-268479-AKCigna Specialty,560023,5
CHIR_IDrecalp2Vf0dSYE8zP-268488-AKCigna Value 4-T,560023,5
CHIR_IDrecrSc38zq5JJ64ol-198422-AKCigna Legacy (S,560023,5
CHIR_IDrecSlQXSljxNDjwxP-268477-AKCigna Standard ,560023,5
CHIR_IDrecvhsz05Tb03gEcw-268489-AKCigna Specialty,560023,5
CHIR_IDrecJd5kD6r5l5kdhh-136990-AKCigna Performan,560023,5
CHIR_IDrec12S6n89bo0pR1H-268513-AKCigna Legacy (P,560023,5
CHIR_IDrecl2FUMKjFmSeaLa-151892-AKCigna Standard ,560023,5
CHIR_IDrech1mbeY7bu1smZ5-136992-AKCigna Advantage,560023,5
CHIR_IDrecQ40lXEB3LnrTmV-268511-AKCigna Legacy (P,560023,5
CHIR_IDreceJlrorRcUoCUC9-268502-AKCigna Legacy (S,560023,5
CHIR_IDrecbPqYntfpVpF3T2-198426-AKCigna Value 3-T,560023,5
CHIR_IDrecuANwgvoPFcpMrm-268528-AKStandard and Pe,560023,5
CHIR_IDrecLhChQdPINtnJPv-268503-AKCigna Specialty,560023,5
CHIR_IDrecHL5acZB4MwThLP-268529-AKValue and Advan,560023,5
CHIR_IDrecIjID5czWzbR1pX-268530-AKLegacy (Standar,560023,5
CHIR_IDrec9TSEoHzm9YHyfK-286394-AKStandard Plan G,560023,5
CHIR_IDreccbA3CpSYRKM9Bt-268535-AKStandard Preven,560023,5
CHIR_IDrecy6gS3Y8oF9iVFd-268534-AKValue and Advan,560023,5
CHIR_IDreceaPYwYqvhwfdbY-268533-AKLegacy (Standar,560023,5
CHIR_IDrec9lezhyppiduMS8-290284-AKLegacy Diabetic,560023,5
CHIR_IDrecz2TOibqNJzGEDX-268532-AKStandard and Pe,560023,5
CHIR_IDrecRDqVEDerLMP7jF-268518-AKCigna National ,560023,5
CHIR_IDrec69p4dVMkC7nJwK-316780-AKCigna National ,560023,5
CHIR_IDrecbkHlq7SP7Ogt7i-316781-AKCigna National ,560023,5
CHIR_IDrecvcjPMepVksvuhe-316782-AKCigna National ,560023,5
CHIR_IDrecb56e5cJCQ6Hmf5-316785-AKCigna National ,560023,5
CHIR_IDrecJUkHMhy9wFydai-316783-AKCigna National ,69236,3
CHIR_IDrecLeYx1W3KeMjAbG-286395-AKStandard Plus P,69236,3
CHIR_IDrec19rlq1vtNSOYbr-136993-AKCigna Advantage,69236,3
CHIR_IDrecSc9PHbFNuB92wa-268516-AKCigna Total Sav,69236,3
CHIR_IDrecopGdpAEow8JYII-136991-AKCigna Performan,69236,3
CHIR_IDrecFKQWY0a58xrntl-268479-AKCigna Specialty,69236,3
CHIR_IDrecalp2Vf0dSYE8zP-268488-AKCigna Value 4-T,69236,3
CHIR_IDrecrSc38zq5JJ64ol-198422-AKCigna Legacy (S,69236,3
CHIR_IDrecSlQXSljxNDjwxP-268477-AKCigna Standard ,69236,3
CHIR_IDrecvhsz05Tb03gEcw-268489-AKCigna Specialty,69236,3
CHIR_IDrecJd5kD6r5l5kdhh-136990-AKCigna Performan,69236,3
CHIR_IDrec12S6n89bo0pR1H-268513-AKCigna Legacy (P,69236,3
CHIR_IDrecl2FUMKjFmSeaLa-151892-AKCigna Standard ,69236,3
CHIR_IDrech1mbeY7bu1smZ5-136992-AKCigna Advantage,69236,3
CHIR_IDrecQ40lXEB3LnrTmV-268511-AKCigna Legacy (P,69236,3
CHIR_IDreceJlrorRcUoCUC9-268502-AKCigna Legacy (S,69236,3
CHIR_IDrecbPqYntfpVpF3T2-198426-AKCigna Value 3-T,69236,3
CHIR_IDrecuANwgvoPFcpMrm-268528-AKStandard and Pe,69236,3
CHIR_IDrecLhChQdPINtnJPv-268503-AKCigna Specialty,69236,3
CHIR_IDrecHL5acZB4MwThLP-268529-AKValue and Advan,69236,3
CHIR_IDrecIjID5czWzbR1pX-268530-AKLegacy (Standar,69236,3
CHIR_IDrec9TSEoHzm9YHyfK-286394-AKStandard Plan G,69236,3
CHIR_IDreccbA3CpSYRKM9Bt-268535-AKStandard Preven,69236,3
CHIR_IDrecy6gS3Y8oF9iVFd-268534-AKValue and Advan,69236,3
CHIR_IDreceaPYwYqvhwfdbY-268533-AKLegacy (Standar,69236,3
CHIR_IDrec9lezhyppiduMS8-290284-AKLegacy Diabetic,69236,3
CHIR_IDrecz2TOibqNJzGEDX-268532-AKStandard and Pe,69236,3
CHIR_IDrecRDqVEDerLMP7jF-268518-AKCigna National ,69236,3
CHIR_IDrec69p4dVMkC7nJwK-316780-AKCigna National ,69236,3
CHIR_IDrecbkHlq7SP7Ogt7i-316781-AKCigna National ,69236,3
CHIR_IDrecvcjPMepVksvuhe-316782-AKCigna National ,69236,3
CHIR_IDrecb56e5cJCQ6Hmf5-316785-AKCigna National ,69236,3
CHIR_IDrecJUkHMhy9wFydai-316783-AKCigna National ,262927,4
CHIR_IDrecLeYx1W3KeMjAbG-286395-AKStandard Plus P,262927,4
CHIR_IDrec19rlq1vtNSOYbr-136993-AKCigna Advantage,262927,4
CHIR_IDrecSc9PHbFNuB92wa-268516-AKCigna Total Sav,262927,4
CHIR_IDrecopGdpAEow8JYII-136991-AKCigna Performan,262927,4
CHIR_IDrecFKQWY0a58xrntl-268479-AKCigna Specialty,262927,4
CHIR_IDrecalp2Vf0dSYE8zP-268488-AKCigna Value 4-T,262927,4
CHIR_IDrecrSc38zq5JJ64ol-198422-AKCigna Legacy (S,262927,4
CHIR_IDrecSlQXSljxNDjwxP-268477-AKCigna Standard ,262927,4
CHIR_IDrecvhsz05Tb03gEcw-268489-AKCigna Specialty,262927,4
CHIR_IDrecJd5kD6r5l5kdhh-136990-AKCigna Performan,262927,4
CHIR_IDrec12S6n89bo0pR1H-268513-AKCigna Legacy (P,262927,4
CHIR_IDrecl2FUMKjFmSeaLa-151892-AKCigna Standard ,262927,4
CHIR_IDrech1mbeY7bu1smZ5-136992-AKCigna Advantage,262927,4
CHIR_IDrecQ40lXEB3LnrTmV-268511-AKCigna Legacy (P,262927,4
CHIR_IDreceJlrorRcUoCUC9-268502-AKCigna Legacy (S,262927,4
CHIR_IDrecbPqYntfpVpF3T2-198426-AKCigna Value 3-T,262927,4
CHIR_IDrecuANwgvoPFcpMrm-268528-AKStandard and Pe,262927,4
CHIR_IDrecLhChQdPINtnJPv-268503-AKCigna Specialty,262927,4
CHIR_IDrecHL5acZB4MwThLP-268529-AKValue and Advan,262927,4
CHIR_IDrecIjID5czWzbR1pX-268530-AKLegacy (Standar,262927,4
CHIR_IDrec9TSEoHzm9YHyfK-286394-AKStandard Plan G,262927,4
CHIR_IDreccbA3CpSYRKM9Bt-268535-AKStandard Preven,262927,4
CHIR_IDrecy6gS3Y8oF9iVFd-268534-AKValue and Advan,262927,4
CHIR_IDreceaPYwYqvhwfdbY-268533-AKLegacy (Standar,262927,4
CHIR_IDrec9lezhyppiduMS8-290284-AKLegacy Diabetic,262927,4
CHIR_IDrecz2TOibqNJzGEDX-268532-AKStandard and Pe,262927,4
CHIR_IDrecRDqVEDerLMP7jF-268518-AKCigna National ,262927,4
CHIR_IDrec69p4dVMkC7nJwK-316780-AKCigna National ,262927,4
CHIR_IDrecbkHlq7SP7Ogt7i-316781-AKCigna National ,262927,4
CHIR_IDrecvcjPMepVksvuhe-316782-AKCigna National ,262927,4
CHIR_IDrecb56e5cJCQ6Hmf5-316785-AKCigna National ,262927,4
CHIR_IDrecJUkHMhy9wFydai-316783-AKCigna National ,97377,4
CHIR_IDrecLeYx1W3KeMjAbG-286395-AKStandard Plus P,97377,4
CHIR_IDrec19rlq1vtNSOYbr-136993-AKCigna Advantage,97377,4
CHIR_IDrecSc9PHbFNuB92wa-268516-AKCigna Total Sav,97377,4
CHIR_IDrecopGdpAEow8JYII-136991-AKCigna Performan,97377,4
CHIR_IDrecFKQWY0a58xrntl-268479-AKCigna Specialty,97377,4
CHIR_IDrecalp2Vf0dSYE8zP-268488-AKCigna Value 4-T,97377,4
CHIR_IDrecrSc38zq5JJ64ol-198422-AKCigna Legacy (S,97377,4
CHIR_IDrecSlQXSljxNDjwxP-268477-AKCigna Standard ,97377,4
CHIR_IDrecvhsz05Tb03gEcw-268489-AKCigna Specialty,97377,4
CHIR_IDrecJd5kD6r5l5kdhh-136990-AKCigna Performan,97377,4
CHIR_IDrec12S6n89bo0pR1H-268513-AKCigna Legacy (P,97377,4
CHIR_IDrecl2FUMKjFmSeaLa-151892-AKCigna Standard ,97377,4
CHIR_IDrech1mbeY7bu1smZ5-136992-AKCigna Advantage,97377,4
CHIR_IDrecQ40lXEB3LnrTmV-268511-AKCigna Legacy (P,97377,4
CHIR_IDreceJlrorRcUoCUC9-268502-AKCigna Legacy (S,97377,4
CHIR_IDrecbPqYntfpVpF3T2-198426-AKCigna Value 3-T,97377,4
CHIR_IDrecuANwgvoPFcpMrm-268528-AKStandard and Pe,97377,4
CHIR_IDrecLhChQdPINtnJPv-268503-AKCigna Specialty,97377,4
CHIR_IDrecHL5acZB4MwThLP-268529-AKValue and Advan,97377,4
CHIR_IDrecIjID5czWzbR1pX-268530-AKLegacy (Standar,97377,4
CHIR_IDrec9TSEoHzm9YHyfK-286394-AKStandard Plan G,97377,4
CHIR_IDreccbA3CpSYRKM9Bt-268535-AKStandard Preven,97377,4
CHIR_IDrecy6gS3Y8oF9iVFd-268534-AKValue and Advan,97377,4
CHIR_IDreceaPYwYqvhwfdbY-268533-AKLegacy (Standar,97377,4
CHIR_IDrec9lezhyppiduMS8-290284-AKLegacy Diabetic,97377,4
CHIR_IDrecz2TOibqNJzGEDX-268532-AKStandard and Pe,97377,4
CHIR_IDrecRDqVEDerLMP7jF-268518-AKCigna National ,97377,4
CHIR_IDrec69p4dVMkC7nJwK-316780-AKCigna National ,97377,4
CHIR_IDrecbkHlq7SP7Ogt7i-316781-AKCigna National ,97377,4
CHIR_IDrecvcjPMepVksvuhe-316782-AKCigna National ,97377,4
CHIR_IDrecb56e5cJCQ6Hmf5-316785-AKCigna National ,97377,4
CHIR_IDrecJUkHMhy9wFydai-316783-AKCigna National ,68549,3
CHIR_IDrecLeYx1W3KeMjAbG-286395-AKStandard Plus P,68549,3
CHIR_IDrec19rlq1vtNSOYbr-136993-AKCigna Advantage,68549,3
CHIR_IDrecSc9PHbFNuB92wa-268516-AKCigna Total Sav,68549,3
CHIR_IDrecopGdpAEow8JYII-136991-AKCigna Performan,68549,3
CHIR_IDrecFKQWY0a58xrntl-268479-AKCigna Specialty,68549,3
CHIR_IDrecalp2Vf0dSYE8zP-268488-AKCigna Value 4-T,68549,3
CHIR_IDrecrSc38zq5JJ64ol-198422-AKCigna Legacy (S,68549,3
CHIR_IDrecSlQXSljxNDjwxP-268477-AKCigna Standard ,68549,3
CHIR_IDrecvhsz05Tb03gEcw-268489-AKCigna Specialty,68549,3
CHIR_IDrecJd5kD6r5l5kdhh-136990-AKCigna Performan,68549,3
CHIR_IDrec12S6n89bo0pR1H-268513-AKCigna Legacy (P,68549,3
CHIR_IDrecl2FUMKjFmSeaLa-151892-AKCigna Standard ,68549,3
CHIR_IDrech1mbeY7bu1smZ5-136992-AKCigna Advantage,68549,3
CHIR_IDrecQ40lXEB3LnrTmV-268511-AKCigna Legacy (P,68549,3
CHIR_IDreceJlrorRcUoCUC9-268502-AKCigna Legacy (S,68549,3
CHIR_IDrecbPqYntfpVpF3T2-198426-AKCigna Value 3-T,68549,3
CHIR_IDrecuANwgvoPFcpMrm-268528-AKStandard and Pe,68549,3
CHIR_IDrecLhChQdPINtnJPv-268503-AKCigna Specialty,68549,3
CHIR_IDrecHL5acZB4MwThLP-268529-AKValue and Advan,68549,3
CHIR_IDrecIjID5czWzbR1pX-268530-AKLegacy (Standar,68549,3
CHIR_IDrec9TSEoHzm9YHyfK-286394-AKStandard Plan G,68549,3
CHIR_IDreccbA3CpSYRKM9Bt-268535-AKStandard Preven,68549,3
CHIR_IDrecy6gS3Y8oF9iVFd-268534-AKValue and Advan,68549,3
CHIR_IDreceaPYwYqvhwfdbY-268533-AKLegacy (Standar,68549,3
CHIR_IDrec9lezhyppiduMS8-290284-AKLegacy Diabetic,68549,3
CHIR_IDrecz2TOibqNJzGEDX-268532-AKStandard and Pe,68549,3
CHIR_IDrecRDqVEDerLMP7jF-268518-AKCigna National ,68549,3
CHIR_IDrec69p4dVMkC7nJwK-316780-AKCigna National ,68549,3
CHIR_IDrecbkHlq7SP7Ogt7i-316781-AKCigna National ,68549,3
CHIR_IDrecvcjPMepVksvuhe-316782-AKCigna National ,68549,3
CHIR_IDrecb56e5cJCQ6Hmf5-316785-AKCigna National ,68549,3
CHIR_IDrecJUkHMhy9wFydai-316783-AKCigna National ,91576,3
CHIR_IDrecLeYx1W3KeMjAbG-286395-AKStandard Plus P,91576,3
CHIR_IDrec19rlq1vtNSOYbr-136993-AKCigna Advantage,91576,3
CHIR_IDrecSc9PHbFNuB92wa-268516-AKCigna Total Sav,91576,3
CHIR_IDrecopGdpAEow8JYII-136991-AKCigna Performan,91576,3
CHIR_IDrecFKQWY0a58xrntl-268479-AKCigna Specialty,91576,3
CHIR_IDrecalp2Vf0dSYE8zP-268488-AKCigna Value 4-T,91576,3
CHIR_IDrecrSc38zq5JJ64ol-198422-AKCigna Legacy (S,91576,3
CHIR_IDrecSlQXSljxNDjwxP-268477-AKCigna Standard ,91576,3
CHIR_IDrecvhsz05Tb03gEcw-268489-AKCigna Specialty,91576,3
CHIR_IDrecJd5kD6r5l5kdhh-136990-AKCigna Performan,91576,3
CHIR_IDrec12S6n89bo0pR1H-268513-AKCigna Legacy (P,91576,3
CHIR_IDrecl2FUMKjFmSeaLa-151892-AKCigna Standard ,91576,3
CHIR_IDrech1mbeY7bu1smZ5-136992-AKCigna Advantage,91576,3
CHIR_IDrecQ40lXEB3LnrTmV-268511-AKCigna Legacy (P,91576,3
CHIR_IDreceJlrorRcUoCUC9-268502-AKCigna Legacy (S,91576,3
CHIR_IDrecbPqYntfpVpF3T2-198426-AKCigna Value 3-T,91576,3
CHIR_IDrecuANwgvoPFcpMrm-268528-AKStandard and Pe,91576,3
CHIR_IDrecLhChQdPINtnJPv-268503-AKCigna Specialty,91576,3
CHIR_IDrecHL5acZB4MwThLP-268529-AKValue and Advan,91576,3
CHIR_IDrecIjID5czWzbR1pX-268530-AKLegacy (Standar,91576,3
CHIR_IDrec9TSEoHzm9YHyfK-286394-AKStandard Plan G,91576,3
CHIR_IDreccbA3CpSYRKM9Bt-268535-AKStandard Preven,91576,3
CHIR_IDrecy6gS3Y8oF9iVFd-268534-AKValue and Advan,91576,3
CHIR_IDreceaPYwYqvhwfdbY-268533-AKLegacy (Standar,91576,3
CHIR_IDrec9lezhyppiduMS8-290284-AKLegacy Diabetic,91576,3
CHIR_IDrecz2TOibqNJzGEDX-268532-AKStandard and Pe,91576,3
CHIR_IDrecRDqVEDerLMP7jF-268518-AKCigna National ,91576,3
CHIR_IDrec69p4dVMkC7nJwK-316780-AKCigna National ,91576,3
CHIR_IDrecbkHlq7SP7Ogt7i-316781-AKCigna National ,91576,3
CHIR_IDrecvcjPMepVksvuhe-316782-AKCigna National ,91576,3
CHIR_IDrecb56e5cJCQ6Hmf5-316785-AKCigna National ,91576,3
CHIR_IDrecbkwrMwOqsqiMsm-137645-ORMarketplace For,17319,2
CHIR_IDrec5KejXXbPSAUPPy-149898-WAMarketplace For,221164,4
