Document Title,uuid_formula,UUID_dupe,airtable_record_id,New State Grouping
Advanced Control Choice Plan Formulary (Health Plan),CHIR_IDrecB26CXyDh8l6Vq1-341588-AKAdvanced Contro,CHIR_IDrecB26CXyDh8l6Vq1-341588-AKAdvanced Contro,recB26CXyDh8l6Vq1,All States
Aetna Standard Opt Out Plan Pharmacy Drug Guide (Health Plan),CHIR_IDrecpH7DQtagVRUhw4-300608-AKAetna Standard ,CHIR_IDrecpH7DQtagVRUhw4-300608-AKAetna Standard ,recpH7DQtagVRUhw4,All States
Standard Control Choice Plan Drug List (Health Plan),CHIR_IDrecLVjkKWJGLYeT58-341596-AKStandard Contro,CHIR_IDrecLVjkKWJGLYeT58-341596-AKStandard Contro,recLVjkKWJGLYeT58,All States
Standard Control Plan Pharmacy Drug Guide (Health Plan),CHIR_IDrecHuqUEyqll1D7Mf-315260-AKStandard Contro,CHIR_IDrecHuqUEyqll1D7Mf-315260-AKStandard Contro,recHuqUEyqll1D7Mf,All States
Standard Plan Preferred Drug List (Health Plan),CHIR_IDrecaNmGxleRLQyfPo-191415-AKStandard Plan P,CHIR_IDrecaNmGxleRLQyfPo-191415-AKStandard Plan P,recaNmGxleRLQyfPo,All States
Innovation Health Standard Plan Pharmacy Drug Guide (Health Plan),CHIR_IDrec7Lt5WEYdrxgA8Y-310574-AKInnovation Heal,CHIR_IDrec7Lt5WEYdrxgA8Y-310574-AKInnovation Heal,rec7Lt5WEYdrxgA8Y,All States
Standard Control Choice Plan with ACSF Drug List (Health Plan),CHIR_IDrecx5fFJx0Gf2mFCx-341602-AKStandard Contro,CHIR_IDrecx5fFJx0Gf2mFCx-341602-AKStandard Contro,recx5fFJx0Gf2mFCx,All States
Advanced Control Plan Pharmacy Drug Guide (Health Plan),CHIR_IDrecBQ3c1QzKs20vEI-229627-AKAdvanced Contro,CHIR_IDrecBQ3c1QzKs20vEI-229627-AKAdvanced Contro,recBQ3c1QzKs20vEI,All States
Innovation Health Advanced Control Plan Pharmacy Drug Guide (Health Plan),CHIR_IDrecOWUWJx5ffH4yNI-300609-AKInnovation Heal,CHIR_IDrecOWUWJx5ffH4yNI-300609-AKInnovation Heal,recOWUWJx5ffH4yNI,All States
Basic Control Plan Pharmacy Drug Guide (Health Plan),CHIR_IDrecZe1pN1IHX50OOc-315127-AKBasic Control P,CHIR_IDrecZe1pN1IHX50OOc-315127-AKBasic Control P,recZe1pN1IHX50OOc,All States
Innovation Health Standard Opt Out Plan with ACSF Pharmacy Drug Guide (Health Plan),CHIR_IDrec6d3N09C8zha8jy-310578-AKInnovation Heal,CHIR_IDrec6d3N09C8zha8jy-310578-AKInnovation Heal,rec6d3N09C8zha8jy,All States
Innovation Health Standard Opt Out Plan Pharmacy Drug Guide (Health Plan),CHIR_IDrec332gsNO6pxm0mS-300610-AKInnovation Heal,CHIR_IDrec332gsNO6pxm0mS-300610-AKInnovation Heal,rec332gsNO6pxm0mS,All States
Basic Control Plan with ACSF Pharmacy Drug Guide (Health Plan),CHIR_IDrec6Q1HVwJEbJegcU-315131-AKBasic Control P,CHIR_IDrec6Q1HVwJEbJegcU-315131-AKBasic Control P,rec6Q1HVwJEbJegcU,All States
Aetna Standard Opt Out Plan Formulary (Health Plan),CHIR_IDrecUUWaVf6lWkBoVZ-225926-IDAetna Standard ,CHIR_IDrecUUWaVf6lWkBoVZ-225926-IDAetna Standard ,recUUWaVf6lWkBoVZ,"Only 4 State(s): ID, NV, TX, UT"
Aetna Advanced Control Plan Pharmacy Drug Guide (Health Plan),CHIR_IDrecDBS0ZAgvcdJ9Ri-300605-AKAetna Advanced ,CHIR_IDrecDBS0ZAgvcdJ9Ri-300605-AKAetna Advanced ,recDBS0ZAgvcdJ9Ri,All States
Advanced Control Formulary (Health Plan),CHIR_IDrecIWB7PdXzAPdoCV-225921-IDAdvanced Contro,CHIR_IDrecIWB7PdXzAPdoCV-225921-IDAdvanced Contro,recIWB7PdXzAPdoCV,"Only 4 State(s): ID, NV, TX, UT"
Standard Opt-Out Plan Prescription Drug List (CA Health Plan),CHIR_IDrecAXi2XVzlG9ZBUi-268465-CAStandard Opt-Ou,CHIR_IDrecAXi2XVzlG9ZBUi-268465-CAStandard Opt-Ou,recAXi2XVzlG9ZBUi,Only 1 State(s): CA
Health Exchange Plan Pharmacy Drug Guide (NJ Health Plan),CHIR_IDrecead4JeM92pCkFj-315120-NJHealth Exchange,CHIR_IDrecead4JeM92pCkFj-315120-NJHealth Exchange,recead4JeM92pCkFj,Only 1 State(s): NJ
Standard Opt Out Plan Drug List (CA Health Plan),CHIR_IDrec9WpSLIGFIa7NTl-341608-CAStandard Opt Ou,CHIR_IDrec9WpSLIGFIa7NTl-341608-CAStandard Opt Ou,rec9WpSLIGFIa7NTl,Only 1 State(s): CA
Advanced Control Plan Prescription Drug List (CA Health Plan),CHIR_IDrecuHhjBy48zfFIAs-268466-CAAdvanced Contro,CHIR_IDrecuHhjBy48zfFIAs-268466-CAAdvanced Contro,recuHhjBy48zfFIAs,Only 1 State(s): CA
Advanced Control Excluded Drug List (Health Plan),CHIR_IDrecoqZqkKyzGziauW-268577-AKAdvanced Contro,CHIR_IDrecoqZqkKyzGziauW-268577-AKAdvanced Contro,recoqZqkKyzGziauW,All States
Advanced Control Plan Aetna Exclusion Drug List (Health Plan),CHIR_IDrecLfswjREUsU8smn-229629-AKAdvanced Contro,CHIR_IDrecLfswjREUsU8smn-229629-AKAdvanced Contro,recLfswjREUsU8smn,All States
Standard Plan Formulary Exclusions Drug List (Health Plan),CHIR_IDrecYSgTg5drYotEv8-191417-AKStandard Plan F,CHIR_IDrecYSgTg5drYotEv8-191417-AKStandard Plan F,recYSgTg5drYotEv8,All States
Standard Control Choice Plan with ACSF Excluded Drug List (Health Plan),CHIR_IDrec4tKAoU4OV9XjWG-341606-AKStandard Contro,CHIR_IDrec4tKAoU4OV9XjWG-341606-AKStandard Contro,rec4tKAoU4OV9XjWG,All States
Standard Control Formulary Exclusions Drug List (Health Plan),CHIR_IDrecgcz3D7sTJNA50W-315261-AKStandard Contro,CHIR_IDrecgcz3D7sTJNA50W-315261-AKStandard Contro,recgcz3D7sTJNA50W,All States
Standard Control Choice Formulary Exclusions Drug List (Health Plan),CHIR_IDrecWrNSoA1TzEM39M-340822-AKStandard Contro,CHIR_IDrecWrNSoA1TzEM39M-340822-AKStandard Contro,recWrNSoA1TzEM39M,All States
Advanced Control Choice Plan Excluded Drug List (Health Plan),CHIR_IDrecPZTySd1W6DVH73-341593-AKAdvanced Contro,CHIR_IDrecPZTySd1W6DVH73-341593-AKAdvanced Contro,recPZTySd1W6DVH73,All States
"Advanced Control Plan and Aetna Federal Employees Formulary Exclusions Drug List (Health Plan, Federal Employer)",CHIR_IDrecwCLGDesRaFkwcr-290099-AKAdvanced Contro,CHIR_IDrecwCLGDesRaFkwcr-290099-AKAdvanced Contro,recwCLGDesRaFkwcr,All States
Individual Health Exchange Plan Pharmacy Drug Guide (CA Health Plan),CHIR_IDrecpOvrFVHJ7v9mDq-315119-CAIndividual Heal,CHIR_IDrecpOvrFVHJ7v9mDq-315119-CAIndividual Heal,recpOvrFVHJ7v9mDq,Only 1 State(s): CA
Aetna Health Exchange Plan Formulary (NY Health Plan),CHIR_IDrec03bWkxiGc608j0-290157-NYAetna Health Ex,CHIR_IDrec03bWkxiGc608j0-290157-NYAetna Health Ex,rec03bWkxiGc608j0,Only 1 State(s): NY
Innovation Health Exchange Plan Pharmacy Drug Guide (Health Plan),CHIR_IDrecHko6ZGW6eiN8JH-300601-AKInnovation Heal,CHIR_IDrecHko6ZGW6eiN8JH-300601-AKInnovation Heal,recHko6ZGW6eiN8JH,All States Except VA
Aetna Health Exchange Plan Formulary (FL Health Plan),CHIR_IDrec0UtvZv6PdiTdId-290156-FLAetna Health Ex,CHIR_IDrec0UtvZv6PdiTdId-290156-FLAetna Health Ex,rec0UtvZv6PdiTdId,Only 1 State(s): FL
"Aetna Health Exchange Plan Formulary (IL, IN Health Plan)",CHIR_IDrecnLJ9OfLwoWEi2i-310965-ILAetna Health Ex,CHIR_IDrecnLJ9OfLwoWEi2i-310965-ILAetna Health Ex,recnLJ9OfLwoWEi2i,"Only 2 State(s): IL, IN"
Aetna Health Exchange Plan Formulary (DE Health Plan),CHIR_IDrecyGFalKBIIUXJjS-310966-DEAetna Health Ex,CHIR_IDrecyGFalKBIIUXJjS-310966-DEAetna Health Ex,recyGFalKBIIUXJjS,Only 1 State(s): DE
Aetna Health Exchange Plan OA Managed Choice (PPO) Drug List,CHIR_IDreclpeYE0PzfV5Wv3-319782-AKAetna Health Ex,CHIR_IDreclpeYE0PzfV5Wv3-319782-AKAetna Health Ex,reclpeYE0PzfV5Wv3,All States
Aetna Health Exchange Plan Pharmacy Drug Guide (Health Plan),CHIR_IDrecAvjXcYpczUkPx1-268391-AKAetna Health Ex,CHIR_IDrecAvjXcYpczUkPx1-268391-AKAetna Health Ex,recAvjXcYpczUkPx1,All States
New Jersey Educators Health Plan Formulary (Health Plan),CHIR_IDrec9ghBDY96gYPxhh-290179-NJNew Jersey Educ,CHIR_IDrec9ghBDY96gYPxhh-290179-NJNew Jersey Educ,rec9ghBDY96gYPxhh,Only 1 State(s): NJ
High Value Plan Pharmacy Drug Guide (Health Plan),CHIR_IDrecWyRLfsUD17fvVs-229630-AKHigh Value Plan,CHIR_IDrecWyRLfsUD17fvVs-229630-AKHigh Value Plan,recWyRLfsUD17fvVs,All States
Aetna Small Group Health Exchange Plan Formulary (CA Health Plan),CHIR_IDrecvwjFJnNOIZ1OcK-290154-CAAetna Small Gro,CHIR_IDrecvwjFJnNOIZ1OcK-290154-CAAetna Small Gro,recvwjFJnNOIZ1OcK,Only 1 State(s): CA
Continuous Glucose Monitor Sensors,CHIR_IDrecV5UWnCX9KjXi2d-323529-AKContinuous Gluc,CHIR_IDrecV5UWnCX9KjXi2d-323529-AKContinuous Gluc,recV5UWnCX9KjXi2d,All States
Diabetic Test Strips,CHIR_IDrecYJdffcIjk9JGAg-323552-AKDiabetic Test S,CHIR_IDrecYJdffcIjk9JGAg-323552-AKDiabetic Test S,recYJdffcIjk9JGAg,All States
"Diabetes Tests, Programs and Supplies (Commercial)","CHIR_IDrecOxfjJ2HEqHd69b-16916-AKDiabetes Tests,","CHIR_IDrecOxfjJ2HEqHd69b-16916-AKDiabetes Tests,",recOxfjJ2HEqHd69b,All States
Standard Plan Preventive Drug List (Health Plan),CHIR_IDrec1yp0Y7tKAwRZbM-200238-AKStandard Plan P,CHIR_IDrec1yp0Y7tKAwRZbM-200238-AKStandard Plan P,rec1yp0Y7tKAwRZbM,All States
Standard Plan Chronic Drug List (Health Plan),CHIR_IDrecttM09WeT2ijYEZ-200239-AKStandard Plan C,CHIR_IDrecttM09WeT2ijYEZ-200239-AKStandard Plan C,recttM09WeT2ijYEZ,All States
Standard Control Choice Plan with ACSF Preventive Drug List (Health Plan),CHIR_IDrecc20Lra6MlBlT3N-341604-AKStandard Contro,CHIR_IDrecc20Lra6MlBlT3N-341604-AKStandard Contro,recc20Lra6MlBlT3N,All States
Standard Control Choice Plan Chronic Drug List (Health Plan),CHIR_IDrecCzhSWt6No6SkGW-341598-AKStandard Contro,CHIR_IDrecCzhSWt6No6SkGW-341598-AKStandard Contro,recCzhSWt6No6SkGW,All States
Standard Control Choice Plan Preventive Drug List (Health Plan),CHIR_IDrecUjVns9RNCU3vbt-341597-AKStandard Contro,CHIR_IDrecUjVns9RNCU3vbt-341597-AKStandard Contro,recUjVns9RNCU3vbt,All States
Standard Opt Out Plan Preventive Medicine (Health Plan),CHIR_IDrecr05URW69NKWSeY-229633-AKStandard Opt Ou,CHIR_IDrecr05URW69NKWSeY-229633-AKStandard Opt Ou,recr05URW69NKWSeY,All States
Standard Opt Out Plan and Basic Control Plan Preventive Medication List (Health Plan),CHIR_IDrecsqWDaJVoKA03wz-268573-AKStandard Opt Ou,CHIR_IDrecsqWDaJVoKA03wz-268573-AKStandard Opt Ou,recsqWDaJVoKA03wz,All States
High Value Plan Chronic Medication List (Health Plan),CHIR_IDrecrxXJ1cd5KZTIe9-268569-AKHigh Value Plan,CHIR_IDrecrxXJ1cd5KZTIe9-268569-AKHigh Value Plan,recrxXJ1cd5KZTIe9,All States
High Value Preventive Medicine List (Health Plan),CHIR_IDrecvK6UAJOwA0HfzU-137227-AKHigh Value Prev,CHIR_IDrecvK6UAJOwA0HfzU-137227-AKHigh Value Prev,recvK6UAJOwA0HfzU,All States
Chronic Medicine Standard Opt Out Plan and Basic Control Plan with ACSF (Health Plan),CHIR_IDrecQ1D6Y8At6uJfTH-240418-MOChronic Medicin,CHIR_IDrecQ1D6Y8At6uJfTH-240418-MOChronic Medicin,recQ1D6Y8At6uJfTH,"Only 2 State(s): MO, OK"
Aetna Standard Opt Out Plan Chronic Medicine List (Health Plan),CHIR_IDrec4Ws0bbcSBjHH82-287910-AKAetna Standard ,CHIR_IDrec4Ws0bbcSBjHH82-287910-AKAetna Standard ,rec4Ws0bbcSBjHH82,All States
Advanced Control (Aetna) Preventive Drug List (Health Plan),CHIR_IDrec52ER4EiztMusFT-290161-AKAdvanced Contro,CHIR_IDrec52ER4EiztMusFT-290161-AKAdvanced Contro,rec52ER4EiztMusFT,All States
Advanced Control Plan Preventive Medicine List (Health Plan),CHIR_IDreczy0XgH9gJnVRAw-229628-AKAdvanced Contro,CHIR_IDreczy0XgH9gJnVRAw-229628-AKAdvanced Contro,reczy0XgH9gJnVRAw,All States
Aetna Advanced Control Chronic Medication List (Health Plan),CHIR_IDreciLNOX0WRwG0oLY-268467-AKAetna Advanced ,CHIR_IDreciLNOX0WRwG0oLY-268467-AKAetna Advanced ,reciLNOX0WRwG0oLY,All States
Advanced Control Choice Plan Preventive Drug List (Health Plan),CHIR_IDrecD6hl8pPj6FRbYR-341590-AKAdvanced Contro,CHIR_IDrecD6hl8pPj6FRbYR-341590-AKAdvanced Contro,recD6hl8pPj6FRbYR,All States
Advanced Control Choice Plan Chronic Drug List (Health Plan),CHIR_IDrecqKY0xH18EYztI1-341591-AKAdvanced Contro,CHIR_IDrecqKY0xH18EYztI1-341591-AKAdvanced Contro,recqKY0xH18EYztI1,All States
Global Prior Authorization,CHIR_IDrec6d4UGV9bPs6bPk-237519-AKGlobal Prior Au,CHIR_IDrec6d4UGV9bPs6bPk-237519-AKGlobal Prior Au,rec6d4UGV9bPs6bPk,All States
Prior Authorization Drug List (National Drug List) (NY),CHIR_IDrecJ9hbnS6xYNXem2-147764-NYPrior Authoriza,CHIR_IDrecJ9hbnS6xYNXem2-147764-NYPrior Authoriza,recJ9hbnS6xYNXem2,Only 1 State(s): NY
National Direct 4-Tier Drug List (VA),CHIR_IDrecuA93JZfKIKFbuK-263418-VANational Direct,CHIR_IDrecuA93JZfKIKFbuK-263418-VANational Direct,recuA93JZfKIKFbuK,Only 1 State(s): VA
National Direct 3-Tier Drug List (VA),CHIR_IDrecheywsgArHSYjUI-263416-VANational Direct,CHIR_IDrecheywsgArHSYjUI-263416-VANational Direct,recheywsgArHSYjUI,Only 1 State(s): VA
National Direct 4-Tier Drug List (ABCBS),CHIR_IDrecmwaqYDeJs93ngj-263417-CONational Direct,CHIR_IDrecmwaqYDeJs93ngj-263417-CONational Direct,recmwaqYDeJs93ngj,Multiple States
National Direct 3-Tier Drug List (NY),CHIR_IDrecqJQaYjgHIbBClv-263421-NYNational Direct,CHIR_IDrecqJQaYjgHIbBClv-263421-NYNational Direct,recqJQaYjgHIbBClv,Only 1 State(s): NY
National Direct Plus Five Tier Drug List (Health Plan),CHIR_IDrecJLv2IArsuwF2bz-338727-AKNational Direct,CHIR_IDrecJLv2IArsuwF2bz-338727-AKNational Direct,recJLv2IArsuwF2bz,All States
National Direct Three Tier Drug List (CT Health Plan),CHIR_IDrecKVNeqKrxgH5uVT-340172-CTNational Direct,CHIR_IDrecKVNeqKrxgH5uVT-340172-CTNational Direct,recKVNeqKrxgH5uVT,Only 1 State(s): CT
National Direct 4-Tier Preferred Drug List (CT),CHIR_IDreckVdQxObZq31d9z-373012-CTNational Direct,CHIR_IDreckVdQxObZq31d9z-373012-CTNational Direct,reckVdQxObZq31d9z,Only 1 State(s): CT
National Direct 5-Tier Drug List (VA),CHIR_IDreciSSYtR1PWEFHot-263420-VANational Direct,CHIR_IDreciSSYtR1PWEFHot-263420-VANational Direct,reciSSYtR1PWEFHot,Only 1 State(s): VA
National Direct Plus Three Tier Drug List (VA Health Plan),CHIR_IDrecIh2zwq9h53LZ2p-338589-VANational Direct,CHIR_IDrecIh2zwq9h53LZ2p-338589-VANational Direct,recIh2zwq9h53LZ2p,Only 1 State(s): VA
National Direct Plus Five Tier Drug List (VA Health Plan),CHIR_IDrecM1Dvq5HoPDeJEc-338729-VANational Direct,CHIR_IDrecM1Dvq5HoPDeJEc-338729-VANational Direct,recM1Dvq5HoPDeJEc,Only 1 State(s): VA
National Direct 3-Tier Preferred Drug List (NY),CHIR_IDreceG9jQ3V5X8k3fP-372931-NYNational Direct,CHIR_IDreceG9jQ3V5X8k3fP-372931-NYNational Direct,receG9jQ3V5X8k3fP,Only 1 State(s): NY
National Direct 3-Tier Preferred Drug List (CT),CHIR_IDrecoVDcf5gEN5G2HX-373011-CTNational Direct,CHIR_IDrecoVDcf5gEN5G2HX-373011-CTNational Direct,recoVDcf5gEN5G2HX,Only 1 State(s): CT
National Drug List Closed Formulary (CDI) (CA),CHIR_IDrecS8WQXQUYcGxloO-233819-CANational Drug L,CHIR_IDrecS8WQXQUYcGxloO-233819-CANational Drug L,recS8WQXQUYcGxloO,Only 1 State(s): CA
National Drug List Closed Formulary (DMHC) (CA),CHIR_IDrecpT7BulJdhKX6Zi-233834-CANational Drug L,CHIR_IDrecpT7BulJdhKX6Zi-233834-CANational Drug L,recpT7BulJdhKX6Zi,Only 1 State(s): CA
National Direct Drug List Medication Alternatives,CHIR_IDrecDVQ8DVtc8CNQlN-290068-AKNational Direct,CHIR_IDrecDVQ8DVtc8CNQlN-290068-AKNational Direct,recDVQ8DVtc8CNQlN,All States
National Direct Preferred Drug List Alternatives (NY),CHIR_IDrecXKms4aDDR3T7ah-372917-NYNational Direct,CHIR_IDrecXKms4aDDR3T7ah-372917-NYNational Direct,recXKms4aDDR3T7ah,Only 1 State(s): NY
National Direct Plus Drug List Medication Alternatives (VA Health Plan),CHIR_IDrecanNjzLDWs4aaxd-339994-VANational Direct,CHIR_IDrecanNjzLDWs4aaxd-339994-VANational Direct,recanNjzLDWs4aaxd,Only 1 State(s): VA
National Direct Plus Drug List Medication Alternatives (CA Health Plan),CHIR_IDrectnrz975gMiN1PN-340142-CANational Direct,CHIR_IDrectnrz975gMiN1PN-340142-CANational Direct,rectnrz975gMiN1PN,Only 1 State(s): CA
National Direct Plus Drug List Medication Alternatives (Health Plan),CHIR_IDreckw5o2p2yNIrlQU-339993-AKNational Direct,CHIR_IDreckw5o2p2yNIrlQU-339993-AKNational Direct,reckw5o2p2yNIrlQU,All States
National Direct Drug List Medication Alternatives (NY),CHIR_IDreczrqZIP5My5CWrJ-270421-NYNational Direct,CHIR_IDreczrqZIP5My5CWrJ-270421-NYNational Direct,reczrqZIP5My5CWrJ,Only 1 State(s): NY
National Direct Preferred Drug List Alternatives (CT),CHIR_IDrecdF9W4Pc03Ub2sx-373010-CTNational Direct,CHIR_IDrecdF9W4Pc03Ub2sx-373010-CTNational Direct,recdF9W4Pc03Ub2sx,Only 1 State(s): CT
National Direct Plus Drug List Medication Alternatives (NY Health Plan),CHIR_IDrecd3c5iUE6VF37bu-340028-NYNational Direct,CHIR_IDrecd3c5iUE6VF37bu-340028-NYNational Direct,recd3c5iUE6VF37bu,Only 1 State(s): NY
Generic Premium Drug List (DHMC) (CA),CHIR_IDrecXxthQSq5ngqXX5-233864-CAGeneric Premium,CHIR_IDrecXxthQSq5ngqXX5-233864-CAGeneric Premium,recXxthQSq5ngqXX5,Only 1 State(s): CA
Generic Premium Drug List (CDI) (CA),CHIR_IDrec8Nwn6tn7KNZaQX-233856-AKGeneric Premium,CHIR_IDrec8Nwn6tn7KNZaQX-233856-AKGeneric Premium,rec8Nwn6tn7KNZaQX,All States
National Closed Drug List (CT Health Plan),CHIR_IDrecBD0sIDvrSaHGJm-340171-CTNational Closed,CHIR_IDrecBD0sIDvrSaHGJm-340171-CTNational Closed,recBD0sIDvrSaHGJm,Only 1 State(s): CT
National Drug List Closed Formulary (Health Plan),CHIR_IDrecL3pO8evIQahsSV-138034-AKNational Drug L,CHIR_IDrecL3pO8evIQahsSV-138034-AKNational Drug L,recL3pO8evIQahsSV,All States
National Drug List Closed Formulary (NY),CHIR_IDrecomfOyXb7Fgp2Za-150284-NYNational Drug L,CHIR_IDrecomfOyXb7Fgp2Za-150284-NYNational Drug L,recomfOyXb7Fgp2Za,Only 1 State(s): NY
National Drug List Closed Formulary (VA),CHIR_IDrecwva8Sm8dwSyUbp-229245-VANational Drug L,CHIR_IDrecwva8Sm8dwSyUbp-229245-VANational Drug L,recwva8Sm8dwSyUbp,Only 1 State(s): VA
Anthem National Drug List Closed Formulary (VA),CHIR_IDrecn9eIEB50Qb1SWJ-290074-AKAnthem National,CHIR_IDrecn9eIEB50Qb1SWJ-290074-AKAnthem National,recn9eIEB50Qb1SWJ,All States
Select Drug List 4-Tier Split (Small Group) (CT),CHIR_IDrecbfwfdwqYaI0FpD-290095-CTSelect Drug Lis,CHIR_IDrecbfwfdwqYaI0FpD-290095-CTSelect Drug Lis,recbfwfdwqYaI0FpD,Only 1 State(s): CT
Select Drug List 4-Tier (Individual) (CT),CHIR_IDrecdI1DJLos8NdMmv-150121-CTSelect Drug Lis,CHIR_IDrecdI1DJLos8NdMmv-150121-CTSelect Drug Lis,recdI1DJLos8NdMmv,Only 1 State(s): CT
Small Group Select 3-Tier Drug List (CT),CHIR_IDrecnadZFUBgMPsHer-229256-CTSmall Group Sel,CHIR_IDrecnadZFUBgMPsHer-229256-CTSmall Group Sel,recnadZFUBgMPsHer,Only 1 State(s): CT
Select Drug List 4-Tier (Individual) (CO),CHIR_IDrecXoOzNEh6ghaqWX-138004-COSelect Drug Lis,CHIR_IDrecXoOzNEh6ghaqWX-138004-COSelect Drug Lis,recXoOzNEh6ghaqWX,Only 1 State(s): CO
Select Drug List 4-Tier (Small Group) (CO),CHIR_IDrec89lG8bem0hPar8-290078-COSelect Drug Lis,CHIR_IDrec89lG8bem0hPar8-290078-COSelect Drug Lis,rec89lG8bem0hPar8,Only 1 State(s): CO
Select Drug List 4-Tier (Small Group) (CT),CHIR_IDrecoABg9LAcdgHkWs-290079-CTSelect Drug Lis,CHIR_IDrecoABg9LAcdgHkWs-290079-CTSelect Drug Lis,recoABg9LAcdgHkWs,Only 1 State(s): CT
Select Drug List 4-Tier Split (Small Group) (CO),CHIR_IDrecBhV8YH1qRx3Cfc-198045-COSelect Drug Lis,CHIR_IDrecBhV8YH1qRx3Cfc-198045-COSelect Drug Lis,recBhV8YH1qRx3Cfc,Only 1 State(s): CO
Continuous Glucose Monitoring Devices and External Insulin Infusion Pumps,CHIR_IDrecFSsMsptgBk6J8e-292887-CAContinuous Gluc,CHIR_IDrecFSsMsptgBk6J8e-292887-CAContinuous Gluc,recFSsMsptgBk6J8e,Multiple States
City of Cincinnati Essential Drug List (Health Plan),CHIR_IDrec0jINF9aiAcX46p-340116-OHCity of Cincinn,CHIR_IDrec0jINF9aiAcX46p-340116-OHCity of Cincinn,rec0jINF9aiAcX46p,Only 1 State(s): OH
Essential Direct 3-Tier Drug List (CT),CHIR_IDrecQxH5IHd63TcT4N-373006-CTEssential Direc,CHIR_IDrecQxH5IHd63TcT4N-373006-CTEssential Direc,recQxH5IHd63TcT4N,Only 1 State(s): CT
Essential Direct 3-Tier Drug List (NY),CHIR_IDrec8la25KOQ5lDgF7-372908-NYEssential Direc,CHIR_IDrec8la25KOQ5lDgF7-372908-NYEssential Direc,rec8la25KOQ5lDgF7,Only 1 State(s): NY
Essential Direct 4-Tier Drug List (CT),CHIR_IDrec1vJN8pxzmmA8aZ-373007-CTEssential Direc,CHIR_IDrec1vJN8pxzmmA8aZ-373007-CTEssential Direc,rec1vJN8pxzmmA8aZ,Only 1 State(s): CT
Essential Direct 4-Tier Drug List (NY),CHIR_IDrecLh45Ho7lm5y7IL-372915-NYEssential Direc,CHIR_IDrecLh45Ho7lm5y7IL-372915-NYEssential Direc,recLh45Ho7lm5y7IL,Only 1 State(s): NY
Essential Direct 5-Tier Drug List (CT),CHIR_IDrecEnlh3mlW0wNZn4-373009-CTEssential Direc,CHIR_IDrecEnlh3mlW0wNZn4-373009-CTEssential Direc,recEnlh3mlW0wNZn4,Only 1 State(s): CT
Essential Direct 5-Tier Drug List (NY),CHIR_IDrec0JeBrUq1on9hJv-372916-NYEssential Direc,CHIR_IDrec0JeBrUq1on9hJv-372916-NYEssential Direc,rec0JeBrUq1on9hJv,Only 1 State(s): NY
Essential Drug List 3-Tier (CDI) (CA),CHIR_IDrec22ZNnIXTbRgQlK-233733-AKEssential Drug ,CHIR_IDrec22ZNnIXTbRgQlK-233733-AKEssential Drug ,rec22ZNnIXTbRgQlK,All States
Essential Drug List 3-Tier (Commercial),CHIR_IDrec2eXFqJZlRhut2n-138035-AKEssential Drug ,CHIR_IDrec2eXFqJZlRhut2n-138035-AKEssential Drug ,rec2eXFqJZlRhut2n,All States
Essential Drug List 3-Tier (Commercial) (VA),CHIR_IDreceY8VSQr7hfW3r1-190510-COEssential Drug ,CHIR_IDreceY8VSQr7hfW3r1-190510-COEssential Drug ,receY8VSQr7hfW3r1,Multiple States
Essential Drug List 3-Tier (DMHC) (CA),CHIR_IDrecQakElf8adKXkOj-233738-CAEssential Drug ,CHIR_IDrecQakElf8adKXkOj-233738-CAEssential Drug ,recQakElf8adKXkOj,Only 1 State(s): CA
Essential Drug List 4-Tier (CDI) (CA),CHIR_IDrectSiDHr6onNnKGX-233748-AKEssential Drug ,CHIR_IDrectSiDHr6onNnKGX-233748-AKEssential Drug ,rectSiDHr6onNnKGX,All States
Essential Drug List 4-Tier (Commercial),CHIR_IDrecJwQzHVpasI2kwC-137924-AKEssential Drug ,CHIR_IDrecJwQzHVpasI2kwC-137924-AKEssential Drug ,recJwQzHVpasI2kwC,All States
Essential Drug List 4-Tier (Commercial) (VA),CHIR_IDrec0VePKLGl0e98Ss-190515-COEssential Drug ,CHIR_IDrec0VePKLGl0e98Ss-190515-COEssential Drug ,rec0VePKLGl0e98Ss,Multiple States
Essential Drug List 4-Tier (DMHC) (CA),CHIR_IDrecP45GzDvaYEr7g8-233751-CAEssential Drug ,CHIR_IDrecP45GzDvaYEr7g8-233751-CAEssential Drug ,recP45GzDvaYEr7g8,Only 1 State(s): CA
Essential Drug List 5-Tier (CDI) (CA),CHIR_IDrect5N36Up0y9P9yX-233760-AKEssential Drug ,CHIR_IDrect5N36Up0y9P9yX-233760-AKEssential Drug ,rect5N36Up0y9P9yX,All States
Essential Drug List 5-Tier (DMHC),CHIR_IDrecBl5wgVra8ft3gd-233803-CAEssential Drug ,CHIR_IDrecBl5wgVra8ft3gd-233803-CAEssential Drug ,recBl5wgVra8ft3gd,Only 1 State(s): CA
Essential Drug List 5-Tier (DMHC) (CA),CHIR_IDrecMk2TmkON6M2SmG-233761-CAEssential Drug ,CHIR_IDrecMk2TmkON6M2SmG-233761-CAEssential Drug ,recMk2TmkON6M2SmG,Only 1 State(s): CA
Essential Five Tier Drug List (CT Health Plan),CHIR_IDrecHcFyhRatGtPGP6-340167-CTEssential Five ,CHIR_IDrecHcFyhRatGtPGP6-340167-CTEssential Five ,recHcFyhRatGtPGP6,Only 1 State(s): CT
Essential Four Tier Drug List (CT Health Plan),CHIR_IDrecVgqiEQTkZt7JRc-340166-CTEssential Four ,CHIR_IDrecVgqiEQTkZt7JRc-340166-CTEssential Four ,recVgqiEQTkZt7JRc,Only 1 State(s): CT
Essential Three Tier Drug List (CT Health Plan),CHIR_IDrec0MkZusHHkMr4jb-340165-CTEssential Three,CHIR_IDrec0MkZusHHkMr4jb-340165-CTEssential Three,rec0MkZusHHkMr4jb,Only 1 State(s): CT
Five Tier Essential Drug List (CT Health Plan),CHIR_IDreceQAecBbbZXa6I1-313029-CTFive Tier Essen,CHIR_IDreceQAecBbbZXa6I1-313029-CTFive Tier Essen,receQAecBbbZXa6I1,Only 1 State(s): CT
Four Tier Essential Drug List (CT Health Plan),CHIR_IDrechifPzNpLjkFlsq-313028-CTFour Tier Essen,CHIR_IDrechifPzNpLjkFlsq-313028-CTFour Tier Essen,rechifPzNpLjkFlsq,Only 1 State(s): CT
Fully-Insured Essential 3-Tier Drug List (NY Health Plan),CHIR_IDrecTm4D0L4vbQccxw-229501-CTFully-Insured E,CHIR_IDrecTm4D0L4vbQccxw-229501-CTFully-Insured E,recTm4D0L4vbQccxw,"Only 2 State(s): CT, NY"
National Direct Drug List Medication Alternatives (VA),CHIR_IDrecnYwLNBhldTco7v-290070-AKNational Direct,CHIR_IDrecnYwLNBhldTco7v-290070-AKNational Direct,recnYwLNBhldTco7v,All States
Legacy National Direct PreventiveRx Drug List (Health Plan),CHIR_IDrecSOuDyWN2WCxTLN-313047-AKLegacy National,CHIR_IDrecSOuDyWN2WCxTLN-313047-AKLegacy National,recSOuDyWN2WCxTLN,All States
Anthem 3 Tier National Drug List,CHIR_IDrec9r4tcLFeHXRq6B-137265-AKAnthem 3 Tier N,CHIR_IDrec9r4tcLFeHXRq6B-137265-AKAnthem 3 Tier N,rec9r4tcLFeHXRq6B,All States
Three Tier National Drug List (CT Health Plan),CHIR_IDrec8oj1dMgvZ8Eqwj-313031-CTThree Tier Nati,CHIR_IDrec8oj1dMgvZ8Eqwj-313031-CTThree Tier Nati,rec8oj1dMgvZ8Eqwj,Only 1 State(s): CT
Traditional Five Tier Drug List (CT Health Plan),CHIR_IDrecPNFjdSaxwsVElj-340181-CTTraditional Fiv,CHIR_IDrecPNFjdSaxwsVElj-340181-CTTraditional Fiv,recPNFjdSaxwsVElj,Only 1 State(s): CT
Traditional Four Tier Drug List (CT Health Plan),CHIR_IDrecFYRU4rrf6Lp7Ta-340180-CTTraditional Fou,CHIR_IDrecFYRU4rrf6Lp7Ta-340180-CTTraditional Fou,recFYRU4rrf6Lp7Ta,Only 1 State(s): CT
Traditional Open 3-Tier Drug List (NY),CHIR_IDrecRUCLyDIeimfuhV-229512-NYTraditional Ope,CHIR_IDrecRUCLyDIeimfuhV-229512-NYTraditional Ope,recRUCLyDIeimfuhV,Only 1 State(s): NY
Traditional Open 3-Tier Drug List Without Contraceptives (NY),CHIR_IDrecAbEJr9NWSO4kNF-290138-NYTraditional Ope,CHIR_IDrecAbEJr9NWSO4kNF-290138-NYTraditional Ope,recAbEJr9NWSO4kNF,Only 1 State(s): NY
Traditional Open Drug List 3-Tier,CHIR_IDrecCM3xlFx8z5PKAd-190980-AKTraditional Ope,CHIR_IDrecCM3xlFx8z5PKAd-190980-AKTraditional Ope,recCM3xlFx8z5PKAd,All States
Traditional Open Drug List 3-Tier (CDI) (CA),CHIR_IDrecOjFTvQHjqejWhu-233840-AKTraditional Ope,CHIR_IDrecOjFTvQHjqejWhu-233840-AKTraditional Ope,recOjFTvQHjqejWhu,All States
Traditional Open Drug List 3-Tier (DMHC) (CA),CHIR_IDrecR6shwRDJ1EZP81-233845-CATraditional Ope,CHIR_IDrecR6shwRDJ1EZP81-233845-CATraditional Ope,recR6shwRDJ1EZP81,Only 1 State(s): CA
Traditional Open Drug List 3-Tier (VA),CHIR_IDrecZYPwJnUisehrG4-197807-VATraditional Ope,CHIR_IDrecZYPwJnUisehrG4-197807-VATraditional Ope,recZYPwJnUisehrG4,Only 1 State(s): VA
Traditional Open Drug List 4-Tier,CHIR_IDrec9YaaNtFblIMYD2-190989-AKTraditional Ope,CHIR_IDrec9YaaNtFblIMYD2-190989-AKTraditional Ope,rec9YaaNtFblIMYD2,All States
Traditional Open Drug List 4-Tier (CDI) (CA),CHIR_IDrec1mptlQ9IIffekC-233846-AKTraditional Ope,CHIR_IDrec1mptlQ9IIffekC-233846-AKTraditional Ope,rec1mptlQ9IIffekC,All States
Traditional Open Drug List 4-Tier (DMHC) (CA),CHIR_IDrecn3W3M0XkDRsI85-233847-CATraditional Ope,CHIR_IDrecn3W3M0XkDRsI85-233847-CATraditional Ope,recn3W3M0XkDRsI85,Only 1 State(s): CA
Traditional Open Drug List 4-Tier (VA),CHIR_IDrecbmgPHpeRLNJ7lD-197809-VATraditional Ope,CHIR_IDrecbmgPHpeRLNJ7lD-197809-VATraditional Ope,recbmgPHpeRLNJ7lD,Only 1 State(s): VA
Traditional Open Drug List 5-Tier,CHIR_IDrecRyqoG0DW8GIx4y-190994-AKTraditional Ope,CHIR_IDrecRyqoG0DW8GIx4y-190994-AKTraditional Ope,recRyqoG0DW8GIx4y,All States
Traditional Open Drug List 5-Tier (CDI) (CA),CHIR_IDrec8zJ6mu4xa4PyqC-233848-AKTraditional Ope,CHIR_IDrec8zJ6mu4xa4PyqC-233848-AKTraditional Ope,rec8zJ6mu4xa4PyqC,All States
Traditional Open Drug List 5-Tier (DMHC) (CA),CHIR_IDrecHULLvIQv0r1Tu2-233851-AKTraditional Ope,CHIR_IDrecHULLvIQv0r1Tu2-233851-AKTraditional Ope,recHULLvIQv0r1Tu2,All States
Traditional Three Tier Drug List (CT Health Plan),CHIR_IDreczLobY6muPQEU3N-340179-CTTraditional Thr,CHIR_IDreczLobY6muPQEU3N-340179-CTTraditional Thr,reczLobY6muPQEU3N,Only 1 State(s): CT
National/Preferred 3-Tier Split Drug List (ABCBS),CHIR_IDrecSzlAA7OPcHK5ez-356484-CONational/Prefer,CHIR_IDrecSzlAA7OPcHK5ez-356484-CONational/Prefer,recSzlAA7OPcHK5ez,Multiple States
National Three Tier Drug List (CT Health Plan),CHIR_IDrecMJhhz87iQbHt92-340168-CTNational Three ,CHIR_IDrecMJhhz87iQbHt92-340168-CTNational Three ,recMJhhz87iQbHt92,Only 1 State(s): CT
National Four Tier Drug List (CT Health Plan),CHIR_IDreccmzzx65LnZIXt9-340169-CTNational Four T,CHIR_IDreccmzzx65LnZIXt9-340169-CTNational Four T,reccmzzx65LnZIXt9,Only 1 State(s): CT
National Five Tier Drug List (CT Health Plan),CHIR_IDrecjLa8k9cTPozwC3-340170-CTNational Five T,CHIR_IDrecjLa8k9cTPozwC3-340170-CTNational Five T,recjLa8k9cTPozwC3,Only 1 State(s): CT
National Drug List 5-Tier (Health Plan),CHIR_IDrecBtgGItkV6oL6PO-199824-AKNational Drug L,CHIR_IDrecBtgGItkV6oL6PO-199824-AKNational Drug L,recBtgGItkV6oL6PO,All States
National Drug List 5-Tier (CDI),CHIR_IDrecRTYlxFbF7wo0bI-233800-AKNational Drug L,CHIR_IDrecRTYlxFbF7wo0bI-233800-AKNational Drug L,recRTYlxFbF7wo0bI,All States
National Drug List 4-Tier (VA),CHIR_IDrecsoqO4qjyoFbVfG-229244-VANational Drug L,CHIR_IDrecsoqO4qjyoFbVfG-229244-VANational Drug L,recsoqO4qjyoFbVfG,Only 1 State(s): VA
National Drug List 4-Tier (DMHC),CHIR_IDrec19Bct3rrGmwmgs-233799-CANational Drug L,CHIR_IDrec19Bct3rrGmwmgs-233799-CANational Drug L,rec19Bct3rrGmwmgs,Only 1 State(s): CA
National Drug List 4-Tier (Commercial),CHIR_IDrec3QGUETY6TDgpEX-137264-AKNational Drug L,CHIR_IDrec3QGUETY6TDgpEX-137264-AKNational Drug L,rec3QGUETY6TDgpEX,All States
National Drug List 3-Tier (VA),CHIR_IDrecnYV9YIEzD1fdio-229242-VANational Drug L,CHIR_IDrecnYV9YIEzD1fdio-229242-VANational Drug L,recnYV9YIEzD1fdio,Only 1 State(s): VA
National Drug List 4-Tier (CDI),CHIR_IDrecWT3botEub4kQTB-233794-AKNational Drug L,CHIR_IDrecWT3botEub4kQTB-233794-AKNational Drug L,recWT3botEub4kQTB,All States
National Drug List 3-Tier (CDI),CHIR_IDrecT2AIpuXrnLWfGH-233772-AKNational Drug L,CHIR_IDrecT2AIpuXrnLWfGH-233772-AKNational Drug L,recT2AIpuXrnLWfGH,All States
National Drug List 3-Tier (Commercial),CHIR_IDrec96rkbCniGYOsad-289370-AKNational Drug L,CHIR_IDrec96rkbCniGYOsad-289370-AKNational Drug L,rec96rkbCniGYOsad,All States
National Drug List 3-Tier (DMHC),CHIR_IDrecjXZ2HD9Z1BOEHw-233788-CANational Drug L,CHIR_IDrecjXZ2HD9Z1BOEHw-233788-CANational Drug L,recjXZ2HD9Z1BOEHw,Only 1 State(s): CA
National Direct Plus Three Tier Drug List (Health Plan),CHIR_IDrecDswhJBAPd4hASh-338588-AKNational Direct,CHIR_IDrecDswhJBAPd4hASh-338588-AKNational Direct,recDswhJBAPd4hASh,All States
National Direct Plus Three Tier Drug List (DMHC) (CA Health Plan),CHIR_IDrecp5asgnfXgYupGn-340144-CANational Direct,CHIR_IDrecp5asgnfXgYupGn-340144-CANational Direct,recp5asgnfXgYupGn,Only 1 State(s): CA
National Direct Plus Three Tier Drug List (CT Health Plan),CHIR_IDrec92sLOCLKDGxhdN-340175-CTNational Direct,CHIR_IDrec92sLOCLKDGxhdN-340175-CTNational Direct,rec92sLOCLKDGxhdN,Only 1 State(s): CT
National Direct Plus Three Tier Drug List (CDI) (CA Health Plan),CHIR_IDrecCplNqUTNOw7Gk1-340143-CANational Direct,CHIR_IDrecCplNqUTNOw7Gk1-340143-CANational Direct,recCplNqUTNOw7Gk1,Only 1 State(s): CA
National Direct Plus Four Tier Drug List (VA Health Plan),CHIR_IDreclAUuV42FGOAApM-338726-VANational Direct,CHIR_IDreclAUuV42FGOAApM-338726-VANational Direct,reclAUuV42FGOAApM,Only 1 State(s): VA
National Direct Plus Four Tier Drug List (DMHC) (CA Health Plan),CHIR_IDreczS9qj7x3kMOUkQ-340146-CANational Direct,CHIR_IDreczS9qj7x3kMOUkQ-340146-CANational Direct,reczS9qj7x3kMOUkQ,Only 1 State(s): CA
National Direct Plus Four Tier Drug List (CDI) (CA Health Plan),CHIR_IDreceHtM6yzL9j605R-340145-CANational Direct,CHIR_IDreceHtM6yzL9j605R-340145-CANational Direct,receHtM6yzL9j605R,Only 1 State(s): CA
National Direct Plus Four Tier Drug List (CT Health Plan),CHIR_IDrec4HS3Z6DgdQikQ6-340176-CTNational Direct,CHIR_IDrec4HS3Z6DgdQikQ6-340176-CTNational Direct,rec4HS3Z6DgdQikQ6,Only 1 State(s): CT
National Direct Plus Five Tier Drug List (DMHC) (CA Health Plan),CHIR_IDrecfdJ3axcW39UWRh-340148-CANational Direct,CHIR_IDrecfdJ3axcW39UWRh-340148-CANational Direct,recfdJ3axcW39UWRh,Only 1 State(s): CA
National Direct Plus Five Tier Drug List (CDI) (CA Health Plan),CHIR_IDrecIaL1Nz4fkX7Q0K-340147-CANational Direct,CHIR_IDrecIaL1Nz4fkX7Q0K-340147-CANational Direct,recIaL1Nz4fkX7Q0K,Only 1 State(s): CA
National Direct Plus Five Tier Drug List (CT Health Plan),CHIR_IDrecG28JufdSqXQChT-340177-CTNational Direct,CHIR_IDrecG28JufdSqXQChT-340177-CTNational Direct,recG28JufdSqXQChT,Only 1 State(s): CT
National Direct Plus Drug List 4-Tier (Health Plan),CHIR_IDrecXjm1c2bkYh8GVy-338594-AKNational Direct,CHIR_IDrecXjm1c2bkYh8GVy-338594-AKNational Direct,recXjm1c2bkYh8GVy,All States
National Direct Plus 3-Tier Drug List (NY Health Plan),CHIR_IDrecw7qG1zicXI3XRj-340029-NYNational Direct,CHIR_IDrecw7qG1zicXI3XRj-340029-NYNational Direct,recw7qG1zicXI3XRj,Only 1 State(s): NY
National Direct Four Tier Drug List (CT Health Plan),CHIR_IDrectWyFr6zKuzgTAT-340173-CTNational Direct,CHIR_IDrectWyFr6zKuzgTAT-340173-CTNational Direct,rectWyFr6zKuzgTAT,Only 1 State(s): CT
National Direct Five Tier Drug List (CT Health Plan),CHIR_IDrecrFMy3o0LqaQyMU-340174-CTNational Direct,CHIR_IDrecrFMy3o0LqaQyMU-340174-CTNational Direct,recrFMy3o0LqaQyMU,Only 1 State(s): CT
National Direct 5-Tier Preferred Drug List (NY),CHIR_IDrecswk42IHpAEqR03-372933-NYNational Direct,CHIR_IDrecswk42IHpAEqR03-372933-NYNational Direct,recswk42IHpAEqR03,Only 1 State(s): NY
National Direct 5-Tier Preferred Drug List (CT),CHIR_IDrec3tGCxpYP1j7LFd-373017-CTNational Direct,CHIR_IDrec3tGCxpYP1j7LFd-373017-CTNational Direct,rec3tGCxpYP1j7LFd,Only 1 State(s): CT
National Direct 5-Tier Drug List (DMHC),CHIR_IDrecp2WbvWGqSjjonB-263394-CANational Direct,CHIR_IDrecp2WbvWGqSjjonB-263394-CANational Direct,recp2WbvWGqSjjonB,Only 1 State(s): CA
National Direct 5-Tier Drug List (CDI),CHIR_IDrecc7TYJkd5s9UbdD-263391-CANational Direct,CHIR_IDrecc7TYJkd5s9UbdD-263391-CANational Direct,recc7TYJkd5s9UbdD,Only 1 State(s): CA
National Direct 4-Tier Preferred Drug List (NY),CHIR_IDrecEZ48V9CQyGYSMd-372932-NYNational Direct,CHIR_IDrecEZ48V9CQyGYSMd-372932-NYNational Direct,recEZ48V9CQyGYSMd,Only 1 State(s): NY
National Direct 5-Tier Drug List (ABCBS),CHIR_IDreckuv3HC81WOMMjY-263419-CONational Direct,CHIR_IDreckuv3HC81WOMMjY-263419-CONational Direct,reckuv3HC81WOMMjY,Multiple States
National Direct 4-Tier Drug List (CDI),CHIR_IDrec1yZ1zdLERAD2uW-263387-CANational Direct,CHIR_IDrec1yZ1zdLERAD2uW-263387-CANational Direct,rec1yZ1zdLERAD2uW,Only 1 State(s): CA
National Direct 4-Tier Drug List (DMHC),CHIR_IDrecdYXyr1Ni0KkRXO-263390-CANational Direct,CHIR_IDrecdYXyr1Ni0KkRXO-263390-CANational Direct,recdYXyr1Ni0KkRXO,Only 1 State(s): CA
National Direct 3-Tier Drug List (ABCBS),CHIR_IDrecXNOK8iyYy39cSN-263415-CONational Direct,CHIR_IDrecXNOK8iyYy39cSN-263415-CONational Direct,recXNOK8iyYy39cSN,Multiple States
National Direct 3-Tier Drug List (DMHC),CHIR_IDrecLEGvSCkUo9YgGE-263386-CANational Direct,CHIR_IDrecLEGvSCkUo9YgGE-263386-CANational Direct,recLEGvSCkUo9YgGE,Only 1 State(s): CA
National Direct 3-Tier Drug List (CDI),CHIR_IDrecoqAssj0oL8ef23-263385-CANational Direct,CHIR_IDrecoqAssj0oL8ef23-263385-CANational Direct,recoqAssj0oL8ef23,Only 1 State(s): CA
National 3-Tier Drug List for Fully-Insured Members (NY),CHIR_IDrecuCte7WtJTdFadr-137002-NYNational 3-Tier,CHIR_IDrecuCte7WtJTdFadr-137002-NYNational 3-Tier,recuCte7WtJTdFadr,Only 1 State(s): NY
Fully-Insured National 3-Tier Drug List (NY Health Plan),CHIR_IDreclOhNGEKUtwVzZX-229506-CTFully-Insured N,CHIR_IDreclOhNGEKUtwVzZX-229506-CTFully-Insured N,reclOhNGEKUtwVzZX,"Only 2 State(s): CT, NY"
Fully-Insured Traditional Open 3-Tier Drug List Without Contraceptives (NY),CHIR_IDrec3uBgqqUpg1CjX7-290137-NYFully-Insured T,CHIR_IDrec3uBgqqUpg1CjX7-290137-NYFully-Insured T,rec3uBgqqUpg1CjX7,Only 1 State(s): NY
Four Tier National Drug List (CT Health Plan),CHIR_IDreckEx3rxaApMtK54-313032-CTFour Tier Natio,CHIR_IDreckEx3rxaApMtK54-313032-CTFour Tier Natio,reckEx3rxaApMtK54,Only 1 State(s): CT
Five Tier National Drug List (CA Health Plan),CHIR_IDrectTF5Y1RSRtQfIp-313150-CAFive Tier Natio,CHIR_IDrectTF5Y1RSRtQfIp-313150-CAFive Tier Natio,rectTF5Y1RSRtQfIp,Only 1 State(s): CA
Performance Drug List (Health Plan),CHIR_IDrechEndiqjYrozhgE-151699-AKPerformance Dru,CHIR_IDrechEndiqjYrozhgE-151699-AKPerformance Dru,rechEndiqjYrozhgE,All States
Health Insurance Marketplace 4-Tier Drug List (HMO POS) (IL Health Plan),CHIR_IDrec0Y84cLsYbBeZf0-311656-AKHealth Insuranc,CHIR_IDrec0Y84cLsYbBeZf0-311656-AKHealth Insuranc,rec0Y84cLsYbBeZf0,All States
Performance Annual Drug List (Health Plan),CHIR_IDrecViSnqdX6t9Pkno-231285-AKPerformance Ann,CHIR_IDrecViSnqdX6t9Pkno-231285-AKPerformance Ann,recViSnqdX6t9Pkno,All States
Performance Select Drug List (Health Plan),CHIR_IDrecZQZuedYBByh8q9-151701-AKPerformance Sel,CHIR_IDrecZQZuedYBByh8q9-151701-AKPerformance Sel,recZQZuedYBByh8q9,All States
Health Insurance Marketplace 6-Tier Drug List (Health Plan),CHIR_IDrecg0T5Hnx6o1Q583-170116-AKHealth Insuranc,CHIR_IDrecg0T5Hnx6o1Q583-170116-AKHealth Insuranc,recg0T5Hnx6o1Q583,All States
Balanced Drug List (Health Plan),CHIR_IDrecD8bHXDAlYUuxnT-198167-AKBalanced Drug L,CHIR_IDrecD8bHXDAlYUuxnT-198167-AKBalanced Drug L,recD8bHXDAlYUuxnT,All States
Continuous Glucose Monitor (Commercial),CHIR_IDreclZ25c2VECU785X-365451-ILContinuous Gluc,CHIR_IDreclZ25c2VECU785X-365451-ILContinuous Gluc,reclZ25c2VECU785X,Only 1 State(s): IL
Glucose Monitoring and Insulin Delivery Devices for Managing Diabetes (Commercial) Implantable CGMs,CHIR_IDrecaee3wVwWnJZ9r0-37361-ILGlucose Monitor,CHIR_IDrecaee3wVwWnJZ9r0-37361-ILGlucose Monitor,recaee3wVwWnJZ9r0,Only 1 State(s): IL
Glucose Monitoring and Insulin Delivery Devices for Managing Diabetes (Commercial) Transcutaneous CGMs,CHIR_IDreclmvGWN5ObgIQWx-37361-ILGlucose Monitor,CHIR_IDreclmvGWN5ObgIQWx-37361-ILGlucose Monitor,reclmvGWN5ObgIQWx,Only 1 State(s): IL
Health Insurance Marketplace Dispensing Limits (Health Plan),CHIR_IDrec3uezi6ijl5G0T0-231934-AKHealth Insuranc,CHIR_IDrec3uezi6ijl5G0T0-231934-AKHealth Insuranc,rec3uezi6ijl5G0T0,All States
Health Insurance Marketplace 4-Tier Drug List (IL Health Plan),CHIR_IDrecBM1DTSNPLoIDpg-311655-AKHealth Insuranc,CHIR_IDrecBM1DTSNPLoIDpg-311655-AKHealth Insuranc,recBM1DTSNPLoIDpg,All States
Health Insurance Marketplace HMO POS 6-Tier Drug List (Health Plan),CHIR_IDrecJzZzCH9ija0PPs-198169-AKHealth Insuranc,CHIR_IDrecJzZzCH9ija0PPs-198169-AKHealth Insuranc,recJzZzCH9ija0PPs,All States
Basic Dispensing Limits (Health Plan),CHIR_IDrecIX334jgCHe0VIZ-231935-AKBasic Dispensin,CHIR_IDrecIX334jgCHe0VIZ-231935-AKBasic Dispensin,recIX334jgCHe0VIZ,All States
Basic Drug List (Health Plan),CHIR_IDrecaFb1RpCNsr1lxH-136824-AKBasic Drug List,CHIR_IDrecaFb1RpCNsr1lxH-136824-AKBasic Drug List,recaFb1RpCNsr1lxH,All States
Performance Select Dispensing Limits (Health Plan),CHIR_IDrec0FJQOSZW2AlsYj-231939-AKPerformance Sel,CHIR_IDrec0FJQOSZW2AlsYj-231939-AKPerformance Sel,rec0FJQOSZW2AlsYj,All States
Performance Dispensing Limits (Health Plan),CHIR_IDrec0i66DIWYKXlhh3-231938-AKPerformance Dis,CHIR_IDrec0i66DIWYKXlhh3-231938-AKPerformance Dis,rec0i66DIWYKXlhh3,All States
Multi-Tier Enhanced Drug List (Health Plan),CHIR_IDrec7Ky23fW2U3T0P9-137357-AKMulti-Tier Enha,CHIR_IDrec7Ky23fW2U3T0P9-137357-AKMulti-Tier Enha,rec7Ky23fW2U3T0P9,All States
Multi-Tier Basic Drug List (Health Plan),CHIR_IDreczI5zkLoVB8BWKt-197341-AKMulti-Tier Basi,CHIR_IDreczI5zkLoVB8BWKt-197341-AKMulti-Tier Basi,reczI5zkLoVB8BWKt,All States
Multi-Tier Enhanced Annual Drug List (IL Health Plan),CHIR_IDrecNPIWUxOwYoZ7k4-290125-AKMulti-Tier Enha,CHIR_IDrecNPIWUxOwYoZ7k4-290125-AKMulti-Tier Enha,recNPIWUxOwYoZ7k4,All States
Multi-Tier Basic Annual Drug List (IL Health Plan),CHIR_IDrecY1yMDuvfCTMIEL-290123-AKMulti-Tier Basi,CHIR_IDrecY1yMDuvfCTMIEL-290123-AKMulti-Tier Basi,recY1yMDuvfCTMIEL,All States
Enhanced Drug List Dispensing Limits (Health Plan),CHIR_IDrec8WZnTw38YyIp5v-172343-AKEnhanced Drug L,CHIR_IDrec8WZnTw38YyIp5v-172343-AKEnhanced Drug L,rec8WZnTw38YyIp5v,All States
Enhanced Drug List (Health Plan),CHIR_IDrecskgWE9nCWTRM8V-136972-AKEnhanced Drug L,CHIR_IDrecskgWE9nCWTRM8V-136972-AKEnhanced Drug L,recskgWE9nCWTRM8V,All States
Enhanced Annual Formulary Dispensing Limits (Health Plan),CHIR_IDrecps26xB6wNUYp1u-238900-AKEnhanced Annual,CHIR_IDrecps26xB6wNUYp1u-238900-AKEnhanced Annual,recps26xB6wNUYp1u,All States
Enhanced Annual Drug List (IL Health Plan),CHIR_IDrecvmwAISDn0AGfiT-290124-AKEnhanced Annual,CHIR_IDrecvmwAISDn0AGfiT-290124-AKEnhanced Annual,recvmwAISDn0AGfiT,All States
Basic Annual Dispensing Limits List (Health Plan),CHIR_IDrec9DPMkR0s4bTm5J-252487-AKBasic Annual Di,CHIR_IDrec9DPMkR0s4bTm5J-252487-AKBasic Annual Di,rec9DPMkR0s4bTm5J,All States
Basic Annual Drug List (Health Plan),CHIR_IDrecGZopZ7fSNLA3TF-213656-AKBasic Annual Dr,CHIR_IDrecGZopZ7fSNLA3TF-213656-AKBasic Annual Dr,recGZopZ7fSNLA3TF,All States
Balanced Dispensing Limits (Health Plan),CHIR_IDrecOH12LYRK6vlbzR-231937-AKBalanced Dispen,CHIR_IDrecOH12LYRK6vlbzR-231937-AKBalanced Dispen,recOH12LYRK6vlbzR,All States
Health Insurance Marketplace 6-Tier In-Vitro Fertilization (IVF) Drug List (Health Plan),CHIR_IDrecqe6xykF8rzBzmx-290128-AKHealth Insuranc,CHIR_IDrecqe6xykF8rzBzmx-290128-AKHealth Insuranc,recqe6xykF8rzBzmx,All States
Health Insurance Marketplace 4-Tier Drug List (Health Plan),CHIR_IDrecMUcnZLAncAAObT-311991-TXHealth Insuranc,CHIR_IDrecMUcnZLAncAAObT-311991-TXHealth Insuranc,recMUcnZLAncAAObT,Only 1 State(s): TX
Performance Select Drug List (Health Plan),CHIR_IDrecQSu1ZAZA9mvB0k-152573-AKPerformance Sel,CHIR_IDrecQSu1ZAZA9mvB0k-152573-AKPerformance Sel,recQSu1ZAZA9mvB0k,All States
Health Insurance Marketplace 6-Tier Drug List (Health Plan),CHIR_IDrecoO42qMIDBTzofX-171374-AKHealth Insuranc,CHIR_IDrecoO42qMIDBTzofX-171374-AKHealth Insuranc,recoO42qMIDBTzofX,All States
Continuous Glucose Monitor (Commercial),CHIR_IDrecSVuC0V4KfmajWv-294293-TXContinuous Gluc,CHIR_IDrecSVuC0V4KfmajWv-294293-TXContinuous Gluc,recSVuC0V4KfmajWv,Only 1 State(s): TX
Continuous Glucose Monitor (Commercial),CHIR_IDrec9V7gtDKZBp3vkf-284869-TXContinuous Gluc,CHIR_IDrec9V7gtDKZBp3vkf-284869-TXContinuous Gluc,rec9V7gtDKZBp3vkf,Only 1 State(s): TX
Glucose Monitoring and Insulin Delivery Devices for Managing Diabetes (Commercial),CHIR_IDrecwgKfJo1qtsVym4-37361-TXGlucose Monitor,CHIR_IDrecwgKfJo1qtsVym4-37361-TXGlucose Monitor,recwgKfJo1qtsVym4,Only 1 State(s): TX
Glucose Monitoring and Insulin Delivery Devices for Managing Diabetes (Commercial) Transcutaneous CGMs,CHIR_IDrecVHDLd6iApXgR1m-37361-TXGlucose Monitor,CHIR_IDrecVHDLd6iApXgR1m--TXGlucose Monitor,recVHDLd6iApXgR1m,Only 1 State(s): TX
Glucose Monitoring and Insulin Delivery Devices for Managing Diabetes (Commercial) Transcutaneous CGMs Implantable,CHIR_IDrecgC5RoR8YhrSz5x-37361-TXGlucose Monitor,CHIR_IDrecgC5RoR8YhrSz5x--TXGlucose Monitor,recgC5RoR8YhrSz5x,Only 1 State(s): TX
PA/ST Program,CHIR_IDrecJap5ATgZGl6QdV-128286-TXPA/ST Program,CHIR_IDrecJap5ATgZGl6QdV-128286-TXPA/ST Program,recJap5ATgZGl6QdV,Only 1 State(s): TX
Prior Authorization/Step Therapy Drug Program List,CHIR_IDrecAVxvH3TbmrFRzS-350553-TXPrior Authoriza,CHIR_IDrecAVxvH3TbmrFRzS-350553-TXPrior Authoriza,recAVxvH3TbmrFRzS,Only 1 State(s): TX
Performance Annual Drug List Dispensing Limits (Health Plan),CHIR_IDrecjm5u9PZEEByRoE-238948-AKPerformance Ann,CHIR_IDrecjm5u9PZEEByRoE-238948-AKPerformance Ann,recjm5u9PZEEByRoE,All States
Performance Drug List Dispensing Limits (Health Plan),CHIR_IDrecPmeP7pR0CdLmM8-172359-AKPerformance Dru,CHIR_IDrecPmeP7pR0CdLmM8-172359-AKPerformance Dru,recPmeP7pR0CdLmM8,All States
Performance Select Drug List Dispensing Limits (Health Plan),CHIR_IDrecUnRU6plx3NIfFC-172360-AKPerformance Sel,CHIR_IDrecUnRU6plx3NIfFC-172360-AKPerformance Sel,recUnRU6plx3NIfFC,All States
Multi-Tier Enhanced Annual Drug List (Health Plan),CHIR_IDrecBxhgkzCYpz6EWO-229454-AKMulti-Tier Enha,CHIR_IDrecBxhgkzCYpz6EWO-229454-AKMulti-Tier Enha,recBxhgkzCYpz6EWO,All States
Multi-Tier Basic Annual Drug List (Health Plan),CHIR_IDrec8nKL0jBluspeRJ-229442-AKMulti-Tier Basi,CHIR_IDrec8nKL0jBluspeRJ-229442-AKMulti-Tier Basi,rec8nKL0jBluspeRJ,All States
Enhanced Drug List (Health Plan),CHIR_IDrecLlzcaf1l2ElYN5-136972-AKEnhanced Drug L,CHIR_IDrecLlzcaf1l2ElYN5-136972-AKEnhanced Drug L,recLlzcaf1l2ElYN5,All States
Enhanced Drug List Dispensing Limits (Health Plan),CHIR_IDrecvzXw6zp6eVcoPe-172343-AKEnhanced Drug L,CHIR_IDrecvzXw6zp6eVcoPe-172343-AKEnhanced Drug L,recvzXw6zp6eVcoPe,All States
Health Insurance Marketplace Drug List Dispensing Limits (Health Plan),CHIR_IDrecNeAo44lGvtK5LC-229474-AKHealth Insuranc,CHIR_IDrecNeAo44lGvtK5LC-229474-AKHealth Insuranc,recNeAo44lGvtK5LC,All States
Enhanced Annual Drug List (Health Plan),CHIR_IDrec6P2jTGdvu5UrPP-229449-AKEnhanced Annual,CHIR_IDrec6P2jTGdvu5UrPP-229449-AKEnhanced Annual,rec6P2jTGdvu5UrPP,All States
Enhanced Annual Dispensing Limits (Health Plan),CHIR_IDrecdNkafG0cgJbNeF-290158-AKEnhanced Annual,CHIR_IDrecdNkafG0cgJbNeF-290158-AKEnhanced Annual,recdNkafG0cgJbNeF,All States
Basic Annual Drug List (Health Plan),CHIR_IDrecfTSia0DRlaRVWT-231974-AKBasic Annual Dr,CHIR_IDrecfTSia0DRlaRVWT-231974-AKBasic Annual Dr,recfTSia0DRlaRVWT,All States
Basic Annual Drug List Dispensing Limits (Health Plan),CHIR_IDrechJo0JdJnD1FlIw-238681-AKBasic Annual Dr,CHIR_IDrechJo0JdJnD1FlIw-238681-AKBasic Annual Dr,rechJo0JdJnD1FlIw,All States
Basic Drug List Dispensing Limits (Health Plan),CHIR_IDrec5cFJt2HMUQc5JK-229475-AKBasic Drug List,CHIR_IDrec5cFJt2HMUQc5JK-229475-AKBasic Drug List,rec5cFJt2HMUQc5JK,All States
Balanced Drug List Dispensing Limits (Health Plan),CHIR_IDrecsCwp0I0aO9jbWE-229477-AKBalanced Drug L,CHIR_IDrecsCwp0I0aO9jbWE-229477-AKBalanced Drug L,recsCwp0I0aO9jbWE,All States
Balanced Drug List (Health Plan),CHIR_IDrec2tMkuANk0iq3yh-229472-AKBalanced Drug L,,rec2tMkuANk0iq3yh,All States
Basic Drug List (Health Plan),CHIR_IDrecjpmbKmCx05vbKA-136824-AKBasic Drug List,,recjpmbKmCx05vbKA,All States
Multi-Tier Basic Drug List (Health Plan),CHIR_IDrecC7qN1X10X1fFR0-197341-AKMulti-Tier Basi,,recC7qN1X10X1fFR0,All States
Multi-Tier Enhanced Drug List (Health Plan),CHIR_IDrecvXJ4V4RuLddFme-137357-AKMulti-Tier Enha,,recvXJ4V4RuLddFme,All States
Performance Drug List (Health Plan),CHIR_IDrec7Kv6Y1vMZDUsAt-152572-AKPerformance Dru,,rec7Kv6Y1vMZDUsAt,All States
Performance Annual Drug List (Health Plan),CHIR_IDrecDupdRDeL0vCF1I-238947-AKPerformance Ann,,recDupdRDeL0vCF1I,All States
Plus Drug Formulary (Grandfathered DMHC) (Health Plan),CHIR_IDreci9D4SyC5GKCSou-267380-AKPlus Drug Formu,CHIR_IDreci9D4SyC5GKCSou-267380-AKPlus Drug Formu,reci9D4SyC5GKCSou,All States
Plus Drug Formulary (DMHC) (Health Plan),CHIR_IDrecwEa0txF30LCwQc-267382-AKPlus Drug Formu,CHIR_IDrecwEa0txF30LCwQc-267382-AKPlus Drug Formu,recwEa0txF30LCwQc,All States
Blue Shield Performance Drug Formulary (Health Plan),CHIR_IDrecSsRmQCXeuWPfsc-371030-AKBlue Shield Per,CHIR_IDrecSsRmQCXeuWPfsc-371030-AKBlue Shield Per,recSsRmQCXeuWPfsc,All States
Value Drug Formulary (DMHC) (Health Plan),CHIR_IDrecthjnRCE5vRUEYp-198183-AKValue Drug Form,CHIR_IDrecthjnRCE5vRUEYp-198183-AKValue Drug Form,recthjnRCE5vRUEYp,All States
Standard Formulary (DMHC) (Health Plan),CHIR_IDrecnEX1X1DNveXeAe-136813-AKStandard Formul,CHIR_IDrecnEX1X1DNveXeAe-136813-AKStandard Formul,recnEX1X1DNveXeAe,All States
Continuous Glucose Monitoring IMPLANTABLE,CHIR_IDrecAjzYgh9pic2R6r-246071-CAContinuous Gluc,CHIR_IDrecAjzYgh9pic2R6r-246071-CAContinuous Gluc,recAjzYgh9pic2R6r,Only 1 State(s): CA
Continuous Glucose Monitoring,CHIR_IDrecOTvumKhlgyxws5-246071-CAContinuous Gluc,CHIR_IDrecOTvumKhlgyxws5-246071-CAContinuous Gluc,recOTvumKhlgyxws5,Only 1 State(s): CA
Plus Drug Formulary (Grandfathered CDI) (Health Plan),CHIR_IDrecoLjijgZkfLyanJ-137320-AKPlus Drug Formu,CHIR_IDrecoLjijgZkfLyanJ-137320-AKPlus Drug Formu,recoLjijgZkfLyanJ,All States
Cigna National Preferred 6-Tier Prescription Drug List (CDI) (CA Health Plan),CHIR_IDrecCKd9ou6oLEKtG8-316796-CACigna National ,CHIR_IDrecCKd9ou6oLEKtG8-316796-CACigna National ,recCKd9ou6oLEKtG8,Only 1 State(s): CA
Cigna National Preferred 6-Tier Prescription Drug List (DMHC) (CA Health Plan),CHIR_IDrec2wHHlTA6YHpzo6-316797-CACigna National ,CHIR_IDrec2wHHlTA6YHpzo6-316797-CACigna National ,rec2wHHlTA6YHpzo6,Only 1 State(s): CA
Cigna National Preferred 4-Tier Prescription Drug List (DMHC) (CA Health Plan),CHIR_IDrecFVf6CGLVgwPnNp-316787-CACigna National ,CHIR_IDrecFVf6CGLVgwPnNp-316787-CACigna National ,recFVf6CGLVgwPnNp,Only 1 State(s): CA
Cigna National Preferred 4-Tier Prescription Drug List (CDI) (CA Health Plan),CHIR_IDrecz9PX0eb2hqzpIV-316786-CACigna National ,CHIR_IDrecz9PX0eb2hqzpIV-316786-CACigna National ,recz9PX0eb2hqzpIV,Only 1 State(s): CA
Cigna National Preferred 4-Tier Specialty Prescription Drug List (CDI) (CA Health Plan),CHIR_IDrecjT083Nk14tOagv-316788-CACigna National ,CHIR_IDrecjT083Nk14tOagv-316788-CACigna National ,recjT083Nk14tOagv,Only 1 State(s): CA
Oscar and Cigna Express Scripts High Performance Formulary (KS Health Plan),CHIR_IDrecxQnO4owR1lVQM4-301931-KSOscar and Cigna,CHIR_IDrecxQnO4owR1lVQM4-301931-KSOscar and Cigna,recxQnO4owR1lVQM4,Only 1 State(s): KS
Oscar and Cigna Express Scripts High Performance Formulary (GA Health Plan),CHIR_IDrecXKPcpVxGYyghZt-301923-GAOscar and Cigna,CHIR_IDrecXKPcpVxGYyghZt-301923-GAOscar and Cigna,recXKPcpVxGYyghZt,Only 1 State(s): GA
Oscar and Cigna Express Scripts High Performance Formulary (TN Health Plan),CHIR_IDrecV9Iw8f0i9iPXB0-302189-TNOscar and Cigna,CHIR_IDrecV9Iw8f0i9iPXB0-302189-TNOscar and Cigna,recV9Iw8f0i9iPXB0,Only 1 State(s): TN
Oscar and Cigna Express Scripts High Performance Formulary (CA Health Plan),CHIR_IDrecYMNmvk80tSBU2X-301803-CAOscar and Cigna,CHIR_IDrecYMNmvk80tSBU2X-301803-CAOscar and Cigna,recYMNmvk80tSBU2X,Only 1 State(s): CA
Oscar and Cigna Express Scripts High Performance Formulary (PA Health Plan),CHIR_IDrecqcwFXQ0JRL9UiJ-309486-PAOscar and Cigna,CHIR_IDrecqcwFXQ0JRL9UiJ-309486-PAOscar and Cigna,recqcwFXQ0JRL9UiJ,Only 1 State(s): PA
Oscar and Cigna Express Scripts High Performance Formulary (AZ Health Plan),CHIR_IDrec8XHi8XHpAmgl09-301799-AZOscar and Cigna,CHIR_IDrec8XHi8XHpAmgl09-301799-AZOscar and Cigna,rec8XHi8XHpAmgl09,Only 1 State(s): AZ
Oscar and Cigna Express Scripts High Performance Formulary (CT Health Plan),CHIR_IDrecavtiNO8tA0sADe-301806-CTOscar and Cigna,CHIR_IDrecavtiNO8tA0sADe-301806-CTOscar and Cigna,recavtiNO8tA0sADe,Only 1 State(s): CT
Oscar and Cigna Express Scripts High Performance Formulary (MO Health Plan),CHIR_IDrecx8Okyot4wI4XYs-301935-MOOscar and Cigna,CHIR_IDrecx8Okyot4wI4XYs-301935-MOOscar and Cigna,recx8Okyot4wI4XYs,Only 1 State(s): MO
Cigna National Preferred 5-Tier Specialty Prescription Drug List (DMHC) (CA Health Plan),CHIR_IDreca9XzQkdTf86EUo-316794-CACigna National ,CHIR_IDreca9XzQkdTf86EUo-316794-CACigna National ,reca9XzQkdTf86EUo,Only 1 State(s): CA
Cigna National Preferred 5-Tier Specialty Prescription Drug List (Health Plan),CHIR_IDrecJUkHMhy9wFydai-316783-AKCigna National ,CHIR_IDrecJUkHMhy9wFydai-316783-AKCigna National ,recJUkHMhy9wFydai,All States
Cigna National Preferred 5-Tier Specialty Prescription Drug List (CDI) (CA Health Plan),CHIR_IDrecZp60qazvEOCOIe-316793-CACigna National ,CHIR_IDrecZp60qazvEOCOIe-316793-CACigna National ,recZp60qazvEOCOIe,Only 1 State(s): CA
Cigna National Preferred 4-Tier Specialty Prescription Drug List (DMHC) (CA Health Plan),CHIR_IDrecwKFCq7JLOuT0Bi-316789-CACigna National ,CHIR_IDrecwKFCq7JLOuT0Bi-316789-CACigna National ,recwKFCq7JLOuT0Bi,Only 1 State(s): CA
Cigna National Preferred 5-Tier Prescription Drug List (DMHC) (CA Health Plan),CHIR_IDrecusdGJp8vXTL9qw-316792-CACigna National ,CHIR_IDrecusdGJp8vXTL9qw-316792-CACigna National ,recusdGJp8vXTL9qw,Only 1 State(s): CA
Cigna Plus 5-Tier Prescription Drug List (TX Health Plan),CHIR_IDrec897RxDNvGubkQq-315719-TXCigna Plus 5-Ti,CHIR_IDrec897RxDNvGubkQq-315719-TXCigna Plus 5-Ti,rec897RxDNvGubkQq,Only 1 State(s): TX
Cigna Premiere 4-Tier Prescription Drug List (AZ Health Plan),CHIR_IDrec7AIzuLz4CznuBE-315720-AZCigna Premiere ,CHIR_IDrec7AIzuLz4CznuBE-315720-AZCigna Premiere ,rec7AIzuLz4CznuBE,Only 1 State(s): AZ
Cigna Rx Essential 5-Tier Prescription Drug List (CO Health Plan),CHIR_IDrecu6kCoiBjWI3ilg-199851-COCigna Rx Essent,CHIR_IDrecu6kCoiBjWI3ilg-199851-COCigna Rx Essent,recu6kCoiBjWI3ilg,Only 1 State(s): CO
Cigna Premiere 4-Tier Prescription Drug List (IN Health Plan),CHIR_IDrecsjld1rrbq7890t-315724-INCigna Premiere ,CHIR_IDrecsjld1rrbq7890t-315724-INCigna Premiere ,recsjld1rrbq7890t,Only 1 State(s): IN
Cigna Rx Plus 5-Tier Prescription Drug List (FL Health Plan),CHIR_IDrecSGoB9fMDWK7rxb-199852-FLCigna Rx Plus 5,CHIR_IDrecSGoB9fMDWK7rxb-199852-FLCigna Rx Plus 5,recSGoB9fMDWK7rxb,Only 1 State(s): FL
Cigna Plus 5-Tier Prescription Drug List (GA Health Plan),CHIR_IDrecHyYRqsK42c4Ufu-290261-GACigna Plus 5-Ti,CHIR_IDrecHyYRqsK42c4Ufu-290261-GACigna Plus 5-Ti,recHyYRqsK42c4Ufu,Only 1 State(s): GA
Cigna Rx Plus 5-Tier Prescription Drug List (NC Health Plan),CHIR_IDrecl7DpdEpmQtYnyD-199855-NCCigna Rx Plus 5,CHIR_IDrecl7DpdEpmQtYnyD-199855-NCCigna Rx Plus 5,recl7DpdEpmQtYnyD,Only 1 State(s): NC
Cigna Rx Premiere 5-Tier Prescription Drug List (AZ Health Plan),CHIR_IDrec1TkkGpQ2uF6bDK-199850-AZCigna Rx Premie,CHIR_IDrec1TkkGpQ2uF6bDK-199850-AZCigna Rx Premie,rec1TkkGpQ2uF6bDK,Only 1 State(s): AZ
Cigna Rx Premiere 5-Tier Prescription Drug List (VA Health Plan),CHIR_IDrecXN4ilDVIJsIlsy-199858-VACigna Rx Premie,CHIR_IDrecXN4ilDVIJsIlsy-199858-VACigna Rx Premie,recXN4ilDVIJsIlsy,Only 1 State(s): VA
Cigna Plus 4-Tier Prescription Drug List (NC Health Plan),CHIR_IDreciy9B9sDXpr2Dqs-315728-NCCigna Plus 4-Ti,CHIR_IDreciy9B9sDXpr2Dqs-315728-NCCigna Plus 4-Ti,reciy9B9sDXpr2Dqs,Only 1 State(s): NC
Cigna Plus 4-Tier Prescription Drug List (IL Health Plan),CHIR_IDrec1IHz2OOJpSBvYd-315723-ILCigna Plus 4-Ti,CHIR_IDrec1IHz2OOJpSBvYd-315723-ILCigna Plus 4-Ti,rec1IHz2OOJpSBvYd,Only 1 State(s): IL
Cigna Plus 4-Tier Prescription Drug List (TN Health Plan),CHIR_IDrecIwMlQXmgXLizkc-315730-TNCigna Plus 4-Ti,CHIR_IDrecIwMlQXmgXLizkc-315730-TNCigna Plus 4-Ti,recIwMlQXmgXLizkc,Only 1 State(s): TN
Cigna Plus 4-Tier Prescription Drug List (MS Health Plan),CHIR_IDrecO8bdAH1bLHKmce-315727-MSCigna Plus 4-Ti,CHIR_IDrecO8bdAH1bLHKmce-315727-MSCigna Plus 4-Ti,recO8bdAH1bLHKmce,Only 1 State(s): MS
Cigna Plus 4-Tier Prescription Drug List (TX Health Plan),CHIR_IDrecprZRTEFB3PlkdA-315731-TXCigna Plus 4-Ti,CHIR_IDrecprZRTEFB3PlkdA-315731-TXCigna Plus 4-Ti,recprZRTEFB3PlkdA,Only 1 State(s): TX
Cigna Rx Plus 5-Tier Prescription Drug List (TN Health Plan),CHIR_IDrecFuxI7QC0T0swLz-199856-TNCigna Rx Plus 5,CHIR_IDrecFuxI7QC0T0swLz-199856-TNCigna Rx Plus 5,recFuxI7QC0T0swLz,Only 1 State(s): TN
Cigna HealthCare Premiere 4-Tier Prescription Drug List (VA Health Plan),CHIR_IDrecABP8O2d7rCsqhL-342579-VACigna HealthCar,CHIR_IDrecABP8O2d7rCsqhL-342579-VACigna HealthCar,recABP8O2d7rCsqhL,Only 1 State(s): VA
Cigna Rx Plus 5-Tier Prescription Drug List (IL Health Plan),CHIR_IDrectUEMNRDRT1oaFG-199853-ILCigna Rx Plus 5,CHIR_IDrectUEMNRDRT1oaFG-199853-ILCigna Rx Plus 5,rectUEMNRDRT1oaFG,Only 1 State(s): IL
Cigna Plus 5-Tier Prescription Drug List (MS Health Plan),CHIR_IDrec6K8dDay3YQXC4r-290262-MSCigna Plus 5-Ti,CHIR_IDrec6K8dDay3YQXC4r-290262-MSCigna Plus 5-Ti,rec6K8dDay3YQXC4r,Only 1 State(s): MS
Cigna Premiere 5-Tier Prescription Drug List (IN Health Plan),CHIR_IDrecubku9V573IgvWv-315717-INCigna Premiere ,CHIR_IDrecubku9V573IgvWv-315717-INCigna Premiere ,recubku9V573IgvWv,Only 1 State(s): IN
Cigna Plus 4-Tier Prescription Drug List (FL Health Plan),CHIR_IDrecd4qtuaL8eFOiQO-315721-FLCigna Plus 4-Ti,CHIR_IDrecd4qtuaL8eFOiQO-315721-FLCigna Plus 4-Ti,recd4qtuaL8eFOiQO,Only 1 State(s): FL
Cigna National 3-Tier Prescription Drug List (CDI) (CA Health Plan),CHIR_IDrec3JRUHq6kAMUXBe-268519-CACigna National ,CHIR_IDrec3JRUHq6kAMUXBe-268519-CACigna National ,rec3JRUHq6kAMUXBe,Only 1 State(s): CA
Cigna National 3-Tier Prescription Drug List (DHMC) (CA Health Plan),CHIR_IDrecx3sTGQuwDRV5AK-268520-CACigna National ,CHIR_IDrecx3sTGQuwDRV5AK-268520-CACigna National ,recx3sTGQuwDRV5AK,Only 1 State(s): CA
Standard Plus Plan Generics and Preferred Brands Drug List for the National Preferred Drug List (Health Plan),CHIR_IDrecLeYx1W3KeMjAbG-286395-AKStandard Plus P,CHIR_IDrecLeYx1W3KeMjAbG-286395-AKStandard Plus P,recLeYx1W3KeMjAbG,All States
Cigna Advantage 4-Tier Prescription Drug List (CDI) (CA Health Plan),CHIR_IDrectHaioBXOsI6cqX-268501-CACigna Advantage,CHIR_IDrectHaioBXOsI6cqX-268501-CACigna Advantage,rectHaioBXOsI6cqX,Only 1 State(s): CA
Cigna Advantage 3-Tier Prescription Drug List (CDI) (CA Health Plan),CHIR_IDreco8dzvWMiavZF7e-268500-CACigna Advantage,CHIR_IDreco8dzvWMiavZF7e-268500-CACigna Advantage,reco8dzvWMiavZF7e,Only 1 State(s): CA
Cigna Performance 3-Tier Prescription Drug List (CDI) (CA Health Plan),CHIR_IDrec5boxnyE0YH8kjB-268497-CACigna Performan,CHIR_IDrec5boxnyE0YH8kjB-268497-CACigna Performan,rec5boxnyE0YH8kjB,Only 1 State(s): CA
Cigna Performance 4-Tier Prescription Drug List (CDI) (CA Health Plan),CHIR_IDrecsyKu9FxwVFcOyd-268498-CACigna Performan,CHIR_IDrecsyKu9FxwVFcOyd-268498-CACigna Performan,recsyKu9FxwVFcOyd,Only 1 State(s): CA
Cigna Legacy (Performance) 3-Tier Prescription Drug List (CDI) (CA Health Plan),CHIR_IDrecLf3fWd431A9nHM-268514-CACigna Legacy (P,CHIR_IDrecLf3fWd431A9nHM-268514-CACigna Legacy (P,recLf3fWd431A9nHM,Only 1 State(s): CA
Cigna Legacy (Performance) 4-Tier Prescription Drug List (CDI) (CA Health Plan),CHIR_IDrecYVBm9MdEPWXQeU-268515-CACigna Legacy (P,CHIR_IDrecYVBm9MdEPWXQeU-268515-CACigna Legacy (P,recYVBm9MdEPWXQeU,Only 1 State(s): CA
Cigna Specialty Value 4-Tier Prescription Drug List (DHMC) (CA Health Plan),CHIR_IDrecnYvV4HVyFnTJWs-268496-CACigna Specialty,CHIR_IDrecnYvV4HVyFnTJWs-268496-CACigna Specialty,recnYvV4HVyFnTJWs,Only 1 State(s): CA
Cigna Value 3-Tier Prescription Drug List (CDI) (CA Health Plan),CHIR_IDrecsV0fdNb8FvaEPw-268491-CACigna Value 3-T,CHIR_IDrecsV0fdNb8FvaEPw-268491-CACigna Value 3-T,recsV0fdNb8FvaEPw,Only 1 State(s): CA
Cigna Value 4-Tier Prescription Drug List (CDI) (CA Health Plan),CHIR_IDrecOujHsueib5cDzA-268493-CACigna Value 4-T,CHIR_IDrecOujHsueib5cDzA-268493-CACigna Value 4-T,recOujHsueib5cDzA,Only 1 State(s): CA
Cigna Standard 3-Tier Prescription Drug List (CDI) (CA Health Plan),CHIR_IDrecmnXCnXMOZRdmLV-268481-CACigna Standard ,CHIR_IDrecmnXCnXMOZRdmLV-268481-CACigna Standard ,recmnXCnXMOZRdmLV,Only 1 State(s): CA
Cigna Specialty Standard 4-Tier Prescription Drug List (DHMC) (CA Health Plan),CHIR_IDreczN89f6WNs77hqx-268486-CACigna Specialty,CHIR_IDreczN89f6WNs77hqx-268486-CACigna Specialty,reczN89f6WNs77hqx,Only 1 State(s): CA
Cigna Value 3-Tier Prescription Drug List (DHMC) (CA Health Plan),CHIR_IDrecsVOQur4ZI5L2A9-268492-CACigna Value 3-T,CHIR_IDrecsVOQur4ZI5L2A9-268492-CACigna Value 3-T,recsVOQur4ZI5L2A9,Only 1 State(s): CA
Cigna Value 4-Tier Prescription Drug List (DHMC) (CA Health Plan),CHIR_IDrecIfPO3U7ZvTTZCs-268494-CACigna Value 4-T,CHIR_IDrecIfPO3U7ZvTTZCs-268494-CACigna Value 4-T,recIfPO3U7ZvTTZCs,Only 1 State(s): CA
Cigna Specialty Value 4-Tier Prescription Drug List (CDI) (CA Health Plan),CHIR_IDrecsPx1FO1IQwUgn1-268495-CACigna Specialty,CHIR_IDrecsPx1FO1IQwUgn1-268495-CACigna Specialty,recsPx1FO1IQwUgn1,Only 1 State(s): CA
Cigna Standard 4-Tier Prescription Drug List (CDI) (CA Health Plan),CHIR_IDrecLamNQ2VlIRIz2r-268483-CACigna Standard ,CHIR_IDrecLamNQ2VlIRIz2r-268483-CACigna Standard ,recLamNQ2VlIRIz2r,Only 1 State(s): CA
Cigna Standard 3-Tier Prescription Drug List (DHMC) (CA Health Plan),CHIR_IDrecynhegPVjTmxsw5-268482-CACigna Standard ,CHIR_IDrecynhegPVjTmxsw5-268482-CACigna Standard ,recynhegPVjTmxsw5,Only 1 State(s): CA
Cigna Legacy (Standard) 3-Tier Prescription Drug List (CDI) (CA Health Plan),CHIR_IDrec4Qr94xDlYrbRga-268504-CACigna Legacy (S,CHIR_IDrec4Qr94xDlYrbRga-268504-CACigna Legacy (S,rec4Qr94xDlYrbRga,Only 1 State(s): CA
Cigna Legacy (Standard) 3-Tier Prescription Drug List (DHMC) (CA Health Plan),CHIR_IDrecF2s1rGKZjNLRgl-268505-CACigna Legacy (S,CHIR_IDrecF2s1rGKZjNLRgl-268505-CACigna Legacy (S,recF2s1rGKZjNLRgl,Only 1 State(s): CA
Cigna Specialty Legacy (Standard) 4-Tier Prescription Drug List (DHMC) (CA Health Plan),CHIR_IDrecBE4b7RoZccHPkC-268510-CACigna Specialty,CHIR_IDrecBE4b7RoZccHPkC-268510-CACigna Specialty,recBE4b7RoZccHPkC,Only 1 State(s): CA
Cigna Specialty Legacy (Standard) 4-Tier Prescription Drug List (CDI) (CA Health Plan),CHIR_IDrecRiX2gUWorPfloW-268509-CACigna Specialty,CHIR_IDrecRiX2gUWorPfloW-268509-CACigna Specialty,recRiX2gUWorPfloW,Only 1 State(s): CA
Cigna Legacy (Standard) 4-Tier Prescription Drug List (DHMC) (CA Health Plan),CHIR_IDrecdXPtGEJHO8qAel-268507-CACigna Legacy (S,CHIR_IDrecdXPtGEJHO8qAel-268507-CACigna Legacy (S,recdXPtGEJHO8qAel,Only 1 State(s): CA
Cigna Legacy (Standard) 4-Tier Prescription Drug List (CDI) (CA Health Plan),CHIR_IDrecIVRi7gup9Oe04p-268506-CACigna Legacy (S,CHIR_IDrecIVRi7gup9Oe04p-268506-CACigna Legacy (S,recIVRi7gup9Oe04p,Only 1 State(s): CA
Cigna Advantage Four Tier Prescription Drug List (Health Plan),CHIR_IDrec19rlq1vtNSOYbr-136993-AKCigna Advantage,CHIR_IDrec19rlq1vtNSOYbr-136993-AKCigna Advantage,rec19rlq1vtNSOYbr,All States
Cigna Total Savings 3-Tier Prescription Drug List (Health Plan),CHIR_IDrecSc9PHbFNuB92wa-268516-AKCigna Total Sav,CHIR_IDrecSc9PHbFNuB92wa-268516-AKCigna Total Sav,recSc9PHbFNuB92wa,All States
Cigna Performance Four Tier Prescription Drug List (Health Plan),CHIR_IDrecopGdpAEow8JYII-136991-AKCigna Performan,CHIR_IDrecopGdpAEow8JYII-136991-AKCigna Performan,recopGdpAEow8JYII,All States
Cigna Specialty Standard 4-Tier Prescription Drug List (Health Plan),CHIR_IDrecFKQWY0a58xrntl-268479-AKCigna Specialty,CHIR_IDrecFKQWY0a58xrntl-268479-AKCigna Specialty,recFKQWY0a58xrntl,All States
Cigna Specialty Standard 4-Tier Prescription Drug List (CDI) (CA Health Plan),CHIR_IDrec2htHm6fFJXcnVe-268485-CACigna Specialty,CHIR_IDrec2htHm6fFJXcnVe-268485-CACigna Specialty,rec2htHm6fFJXcnVe,Only 1 State(s): CA
Cigna Value 4-Tier Prescription Drug List (Health Plan),CHIR_IDrecalp2Vf0dSYE8zP-268488-AKCigna Value 4-T,CHIR_IDrecalp2Vf0dSYE8zP-268488-AKCigna Value 4-T,recalp2Vf0dSYE8zP,All States
Cigna Legacy (Standard) 3-Tier Prescription Drug List (Health Plan),CHIR_IDrecrSc38zq5JJ64ol-198422-AKCigna Legacy (S,CHIR_IDrecrSc38zq5JJ64ol-198422-AKCigna Legacy (S,recrSc38zq5JJ64ol,All States
Cigna Standard 4-Tier Prescription Drug List (Health Plan),CHIR_IDrecSlQXSljxNDjwxP-268477-AKCigna Standard ,CHIR_IDrecSlQXSljxNDjwxP-268477-AKCigna Standard ,recSlQXSljxNDjwxP,All States
Cigna Specialty Value 4-Tier Prescription Drug List (Health Plan),CHIR_IDrecvhsz05Tb03gEcw-268489-AKCigna Specialty,CHIR_IDrecvhsz05Tb03gEcw-268489-AKCigna Specialty,recvhsz05Tb03gEcw,All States
Cigna Performance 3-Tier Prescription Drug List (Health Plan),CHIR_IDrecJd5kD6r5l5kdhh-136990-AKCigna Performan,CHIR_IDrecJd5kD6r5l5kdhh-136990-AKCigna Performan,recJd5kD6r5l5kdhh,All States
Cigna Legacy (Performance) 4-Tier Prescription Drug List (Health Plan),CHIR_IDrec12S6n89bo0pR1H-268513-AKCigna Legacy (P,CHIR_IDrec12S6n89bo0pR1H-268513-AKCigna Legacy (P,rec12S6n89bo0pR1H,All States
Cigna Standard 3-Tier Prescription Drug List (Health Plan),CHIR_IDrecl2FUMKjFmSeaLa-151892-AKCigna Standard ,CHIR_IDrecl2FUMKjFmSeaLa-151892-AKCigna Standard ,recl2FUMKjFmSeaLa,All States
Cigna Advantage 3-Tier Prescription Drug List (Health Plan),CHIR_IDrech1mbeY7bu1smZ5-136992-AKCigna Advantage,CHIR_IDrech1mbeY7bu1smZ5-136992-AKCigna Advantage,rech1mbeY7bu1smZ5,All States
Cigna Legacy (Performance) 3-Tier Prescription Drug List (Health Plan),CHIR_IDrecQ40lXEB3LnrTmV-268511-AKCigna Legacy (P,CHIR_IDrecQ40lXEB3LnrTmV-268511-AKCigna Legacy (P,recQ40lXEB3LnrTmV,All States
Cigna Legacy (Standard) 4-Tier Prescription Drug List (Health Plan),CHIR_IDreceJlrorRcUoCUC9-268502-AKCigna Legacy (S,CHIR_IDreceJlrorRcUoCUC9-268502-AKCigna Legacy (S,receJlrorRcUoCUC9,All States
Cigna Value 3-Tier Prescription Drug List (Health Plan),CHIR_IDrecbPqYntfpVpF3T2-198426-AKCigna Value 3-T,CHIR_IDrecbPqYntfpVpF3T2-198426-AKCigna Value 3-T,recbPqYntfpVpF3T2,All States
Standard and Performance Preventive Generics Drug List (Health Plan),CHIR_IDrecuANwgvoPFcpMrm-268528-AKStandard and Pe,CHIR_IDrecuANwgvoPFcpMrm-268528-AKStandard and Pe,recuANwgvoPFcpMrm,All States
Cigna Specialty Legacy (Standard) 4-Tier Prescription Drug List (Health Plan),CHIR_IDrecLhChQdPINtnJPv-268503-AKCigna Specialty,CHIR_IDrecLhChQdPINtnJPv-268503-AKCigna Specialty,recLhChQdPINtnJPv,All States
Value and Advantage Preventive Generics Drug List (Health Plan),CHIR_IDrecHL5acZB4MwThLP-268529-AKValue and Advan,CHIR_IDrecHL5acZB4MwThLP-268529-AKValue and Advan,recHL5acZB4MwThLP,All States
Legacy (Standard) and Legacy (Performance) Preventive Generics Drug List (Health Plan),CHIR_IDrecIjID5czWzbR1pX-268530-AKLegacy (Standar,CHIR_IDrecIjID5czWzbR1pX-268530-AKLegacy (Standar,recIjID5czWzbR1pX,All States
Standard Plan Generics and Preferred Brands Drug List for the National Preferred Drug List (Health Plan),CHIR_IDrec9TSEoHzm9YHyfK-286394-AKStandard Plan G,CHIR_IDrec9TSEoHzm9YHyfK-286394-AKStandard Plan G,rec9TSEoHzm9YHyfK,All States
Standard Preventive Drug List (Health Plan),CHIR_IDreccbA3CpSYRKM9Bt-268535-AKStandard Preven,CHIR_IDreccbA3CpSYRKM9Bt-268535-AKStandard Preven,reccbA3CpSYRKM9Bt,All States
Diabetes Equipment and Supplies (non-therapeutic/adjunctive CGMs & CGMs with implantable interstitial glucose sensors) ,CHIR_IDrecXCdF3VefSxpHmy-202743-AKDiabetes Equipm,CHIR_IDrecXCdF3VefSxpHmy-202743-AKDiabetes Equipm,recXCdF3VefSxpHmy,All States
Diabetes Equipment and Supplies (therapeutic/non-adjunctive CGMs),CHIR_IDrec0nlcBknqn5IS6A-202743-AKDiabetes Equipm,CHIR_IDrec0nlcBknqn5IS6A-202743-AKDiabetes Equipm,rec0nlcBknqn5IS6A,All States
Diabetes Continuous Glucose Monitoring,CHIR_IDrecsPjQpRyXl7cnMD-284481-AKDiabetes Contin,CHIR_IDrecsPjQpRyXl7cnMD-284481-AKDiabetes Contin,recsPjQpRyXl7cnMD,All States
Diabetes Omnipod,CHIR_IDrec0Repy4gD19vNd9-306110-AKDiabetes Omnipo,CHIR_IDrec0Repy4gD19vNd9-306110-AKDiabetes Omnipo,rec0Repy4gD19vNd9,All States
Formulary Exception Criteria for Non-Covered Products,CHIR_IDrecxvNal3RjbYbQZx-271682-AKFormulary Excep,CHIR_IDrecxvNal3RjbYbQZx-271682-AKFormulary Excep,recxvNal3RjbYbQZx,All States
Cigna Total Savings 3-Tier Prescription Drug List (CDI) (CA Health Plan),CHIR_IDrec71qAIVXcOAfMpZ-268517-CACigna Total Sav,CHIR_IDrec71qAIVXcOAfMpZ-268517-CACigna Total Sav,rec71qAIVXcOAfMpZ,Only 1 State(s): CA
Cigna Standard 4-Tier Prescription Drug List (DHMC) (CA Health Plan),CHIR_IDreck4PQrMrU1HNgAH-268484-CACigna Standard ,CHIR_IDreck4PQrMrU1HNgAH-268484-CACigna Standard ,reck4PQrMrU1HNgAH,Only 1 State(s): CA
Cigna National Preferred 5-Tier Prescription Drug List (CDI) (CA Health Plan),CHIR_IDrechaSNIScHw2dU0W-316791-CACigna National ,CHIR_IDrechaSNIScHw2dU0W-316791-CACigna National ,rechaSNIScHw2dU0W,Only 1 State(s): CA
Value and Advantage Preventive Drug List (Health Plan),CHIR_IDrecy6gS3Y8oF9iVFd-268534-AKValue and Advan,CHIR_IDrecy6gS3Y8oF9iVFd-268534-AKValue and Advan,recy6gS3Y8oF9iVFd,All States
Diabetic Supply Preventive Medication List (Health Plan),CHIR_IDrecosNKYgvw2d5kPT-290285-AKDiabetic Supply,CHIR_IDrecosNKYgvw2d5kPT-290285-AKDiabetic Supply,recosNKYgvw2d5kPT,All States
Legacy (Standard) and Legacy (Performance) Preventive Drug List (Health Plan),CHIR_IDreceaPYwYqvhwfdbY-268533-AKLegacy (Standar,CHIR_IDreceaPYwYqvhwfdbY-268533-AKLegacy (Standar,receaPYwYqvhwfdbY,All States
Legacy Diabetic Supply Preventive Medication List (Health Plan),CHIR_IDrec9lezhyppiduMS8-290284-AKLegacy Diabetic,CHIR_IDrec9lezhyppiduMS8-290284-AKLegacy Diabetic,rec9lezhyppiduMS8,All States
Standard and Performance Preventive Drug List (Health Plan),CHIR_IDrecz2TOibqNJzGEDX-268532-AKStandard and Pe,CHIR_IDrecz2TOibqNJzGEDX-268532-AKStandard and Pe,recz2TOibqNJzGEDX,All States
Cigna National Preferred Prescription Drug List (Health Plan),CHIR_IDrecRDqVEDerLMP7jF-268518-AKCigna National ,CHIR_IDrecRDqVEDerLMP7jF-268518-AKCigna National ,recRDqVEDerLMP7jF,All States
Cigna National Preferred 4-Tier Prescription Drug List (Health Plan),CHIR_IDrec69p4dVMkC7nJwK-316780-AKCigna National ,CHIR_IDrec69p4dVMkC7nJwK-316780-AKCigna National ,rec69p4dVMkC7nJwK,All States
Cigna National Preferred 4-Tier Specialty Prescription Drug List (Health Plan),CHIR_IDrecbkHlq7SP7Ogt7i-316781-AKCigna National ,CHIR_IDrecbkHlq7SP7Ogt7i-316781-AKCigna National ,recbkHlq7SP7Ogt7i,All States
Cigna National Preferred 5-Tier Prescription Drug List (Health Plan),CHIR_IDrecvcjPMepVksvuhe-316782-AKCigna National ,CHIR_IDrecvcjPMepVksvuhe-316782-AKCigna National ,recvcjPMepVksvuhe,All States
Cigna National Preferred 6-Tier Prescription Drug List (Health Plan),CHIR_IDrecb56e5cJCQ6Hmf5-316785-AKCigna National ,CHIR_IDrecb56e5cJCQ6Hmf5-316785-AKCigna National ,recb56e5cJCQ6Hmf5,All States
Standard Plus Preventive Drug List (Health Plan),CHIR_IDrecMwKKuVNA7J7R3e-268536-AKStandard Plus P,,recMwKKuVNA7J7R3e,All States
Diabetes Equipment and Supplies,CHIR_IDrecrD7QiY464zp04G-202743-AKDiabetes Equipm,CHIR_IDrecrD7QiY464zp04G-202743-AKDiabetes Equipm,recrD7QiY464zp04G,All States
Large Group Care Choices Medication Guide (FL Health Plan),CHIR_IDrecmfjO2kbN9vzFRn-310802-FLLarge Group Car,CHIR_IDrecmfjO2kbN9vzFRn-310802-FLLarge Group Car,recmfjO2kbN9vzFRn,Only 1 State(s): FL
Care Choices Medication Guide (FL Health Plan),CHIR_IDrecntLNRSt8KOEFDv-137328-AKCare Choices Me,CHIR_IDrecntLNRSt8KOEFDv-137328-AKCare Choices Me,recntLNRSt8KOEFDv,All States
Care Choices for HSA Plans Medication Guide (FL Health Plan),CHIR_IDrecyovVyrzy1CxHHQ-154686-AKCare Choices fo,CHIR_IDrecyovVyrzy1CxHHQ-154686-AKCare Choices fo,recyovVyrzy1CxHHQ,All States
Condition Care Rx Program Drug List (FL Health Plan),CHIR_IDrecbbX93MtYy9DwSa-269772-AKCondition Care ,CHIR_IDrecbbX93MtYy9DwSa-269772-AKCondition Care ,recbbX93MtYy9DwSa,All States
NetResults A-Series Lite Medication Guide (FL Health Plan),CHIR_IDrecDAwCOhOGFxpTBF-261159-AKNetResults A-Se,CHIR_IDrecDAwCOhOGFxpTBF-261159-AKNetResults A-Se,recDAwCOhOGFxpTBF,All States
NetResults A-Series Medication Guide (FL Health Plan),CHIR_IDrecIieQ6iXPZy3ejk-261161-AKNetResults A-Se,CHIR_IDrecIieQ6iXPZy3ejk-261161-AKNetResults A-Se,recIieQ6iXPZy3ejk,All States
Continuous Glucose Monitoring (CGM) (Commercial),CHIR_IDrecTAjPA30Ucfo7va-305864-FLContinuous Gluc,CHIR_IDrecTAjPA30Ucfo7va-305864-FLContinuous Gluc,recTAjPA30Ucfo7va,Only 1 State(s): FL
Responsible Quantity Program,CHIR_IDrec9QgAyYuB6BEUSd-247456-FLResponsible Qua,CHIR_IDrec9QgAyYuB6BEUSd-247456-FLResponsible Qua,rec9QgAyYuB6BEUSd,Only 1 State(s): FL
Generic Choices Medication Guide (FL Health Plan),CHIR_IDrecDu0lunmuQ38R9D-136930-AKGeneric Choices,CHIR_IDrecDu0lunmuQ38R9D-136930-AKGeneric Choices,recDu0lunmuQ38R9D,All States
Large Group ValueScript Rx Medication Guide (FL Health Plan),CHIR_IDrecCaIH7PomONSHnG-310810-FLLarge Group Val,CHIR_IDrecCaIH7PomONSHnG-310810-FLLarge Group Val,recCaIH7PomONSHnG,Only 1 State(s): FL
Open Medication Guide (Health Plan),CHIR_IDrecVvia4Pu6VHM9Gu-136815-AKOpen Medication,CHIR_IDrecVvia4Pu6VHM9Gu-136815-AKOpen Medication,recVvia4Pu6VHM9Gu,All States
Responsible Quantity Program,CHIR_IDrecWtOegHJlk0tuCM-194831-FLResponsible Qua,CHIR_IDrecWtOegHJlk0tuCM-194831-FLResponsible Qua,recWtOegHJlk0tuCM,Only 1 State(s): FL
ValueScript Rx for Simple Choice Plans 4-Tier Medication Guide (Commercial),CHIR_IDrecPJJp9aJsZKSH2G-154688-FLValueScript Rx ,CHIR_IDrecPJJp9aJsZKSH2G-154688-FLValueScript Rx ,recPJJp9aJsZKSH2G,Only 1 State(s): FL
ValueScript Rx Medication Drug Guide (FL Health Plan),CHIR_IDrectPk81cFOUvkjZV-137327-AKValueScript Rx ,CHIR_IDrectPk81cFOUvkjZV-137327-AKValueScript Rx ,rectPk81cFOUvkjZV,All States
Closed Medication Guide (Health Plan),CHIR_IDrecjrAjcPKtKkec7x-136816-AKClosed Medicati,CHIR_IDrecjrAjcPKtKkec7x-136816-AKClosed Medicati,recjrAjcPKtKkec7x,All States
Care Choices for Simple Choices Medication Guide (FL Health Plan),CHIR_IDrecmxsU5Z2OoJa5wx-309612-AKCare Choices fo,CHIR_IDrecmxsU5Z2OoJa5wx-309612-AKCare Choices fo,recmxsU5Z2OoJa5wx,All States
Added Choice Plan Formulary with Specialty Drug Tier (HI),CHIR_IDrecWSRSS3FPjapozA-230638-HIAdded Choice Pl,CHIR_IDrecWSRSS3FPjapozA-230638-HIAdded Choice Pl,recWSRSS3FPjapozA,Only 1 State(s): HI
KPIC POS Drug Formulary with Specialty Drug Tier (Health Plan) (CA),CHIR_IDrecNMutqfOgm8IPgy-187210-CAKPIC POS Drug F,CHIR_IDrecNMutqfOgm8IPgy-187210-CAKPIC POS Drug F,recNMutqfOgm8IPgy,Only 1 State(s): CA
KPIC Point-of-Service (POS) Drug Formulary (Health Plan) (CA),CHIR_IDrecnByfqX6jl55JzG-196782-CAKPIC Point-of-S,CHIR_IDrecnByfqX6jl55JzG-196782-CAKPIC Point-of-S,recnByfqX6jl55JzG,Only 1 State(s): CA
"Premium Standard Formulary (MD, VA, D.C.)",CHIR_IDrecPLEqYpPL7k0nDT-372985-DCPremium Standar,CHIR_IDrecPLEqYpPL7k0nDT-372985-DCPremium Standar,recPLEqYpPL7k0nDT,"Only 3 State(s): DC, MD, VA"
Access PPO/SEBB Large Employer Groups 4-Tier Drug Formulary (Commercial) (WA),CHIR_IDrec3HQSC3J7eARoJZ-200070-WAAccess PPO/SEBB,CHIR_IDrec3HQSC3J7eARoJZ-200070-WAAccess PPO/SEBB,rec3HQSC3J7eARoJZ,Only 1 State(s): WA
Access/Alliance/Alliant Plus/Core/Elect/Omni/Options 3-Tier Drug Formulary (Health Plan) (WA),CHIR_IDrec6XkY18NrajcyUl-136874-WAAccess/Alliance,CHIR_IDrec6XkY18NrajcyUl-136874-WAAccess/Alliance,rec6XkY18NrajcyUl,Only 1 State(s): WA
PEBB SoundChoice/PEBB Value/Summit PPO 5-Tier Drug Formulary (Health Plan) (WA),CHIR_IDrecVhAbrYzRv2p7DA-138661-WAPEBB SoundChoic,CHIR_IDrecVhAbrYzRv2p7DA-138661-WAPEBB SoundChoic,recVhAbrYzRv2p7DA,Only 1 State(s): WA
Core/ Access PPO/Connect 4-Tier Drug Formulary (Health Plan) (WA),CHIR_IDrecDkoAM63o54gzgd-138656-WACore/ Access PP,CHIR_IDrecDkoAM63o54gzgd-138656-WACore/ Access PP,recDkoAM63o54gzgd,Only 1 State(s): WA
Kaiser Permanente Georgia Choice Benefit Formulary (PPO),CHIR_IDrec0MsUUM3Nuw9uBN-290245-GAKaiser Permanen,CHIR_IDrec0MsUUM3Nuw9uBN-290245-GAKaiser Permanen,rec0MsUUM3Nuw9uBN,Only 1 State(s): GA
Marketplace Formulary (Commercial) (WA),CHIR_IDrec5KejXXbPSAUPPy-149898-WAMarketplace For,CHIR_IDrec5KejXXbPSAUPPy-149898-WAMarketplace For,rec5KejXXbPSAUPPy,Only 1 State(s): WA
Marketplace Formulary (Commercial) (OR),CHIR_IDrecbkwrMwOqsqiMsm-137645-ORMarketplace For,CHIR_IDrecbkwrMwOqsqiMsm-137645-ORMarketplace For,recbkwrMwOqsqiMsm,Only 1 State(s): OR
Mid/Large Group 4-Tier Benefit Formulary (Commercial) (GA),CHIR_IDrec29QelpJxN4jr14-153145-GAMid/Large Group,CHIR_IDrec29QelpJxN4jr14-153145-GAMid/Large Group,rec29QelpJxN4jr14,Only 1 State(s): GA
5-Tier Formulary Benefit (Commercial) (GA),CHIR_IDrecCNYHnT4Fmv9otx-149909-GA5-Tier Formular,CHIR_IDrecCNYHnT4Fmv9otx-149909-GA5-Tier Formular,recCNYHnT4Fmv9otx,Only 1 State(s): GA
"Northwest Commercial Formulary (OR, WA)",CHIR_IDrec9A89Q8U5Wx6qqg-149900-ORNorthwest Comme,CHIR_IDrec9A89Q8U5Wx6qqg-149900-ORNorthwest Comme,rec9A89Q8U5Wx6qqg,"Only 2 State(s): OR, WA"
"Northwest Self-Funded Formulary (OR, WA Health Plan)",CHIR_IDrecL9r5ATpLaWSLrF-310310-ORNorthwest Self-,CHIR_IDrecL9r5ATpLaWSLrF-310310-ORNorthwest Self-,recL9r5ATpLaWSLrF,"Only 2 State(s): OR, WA"
"Northwest Specialty Drug List (OR, WA)",CHIR_IDrecXW650hJM8RPrhN-149904-ORNorthwest Speci,CHIR_IDrecXW650hJM8RPrhN-149904-ORNorthwest Speci,recXW650hJM8RPrhN,"Only 2 State(s): OR, WA"
Continuous Glucose Monitor (CGM) (WA Commercial),CHIR_IDrec7ry3c7p1J5BGsH-37396-WAContinuous Gluc,CHIR_IDrec7ry3c7p1J5BGsH-37396-WAContinuous Gluc,rec7ry3c7p1J5BGsH,Only 1 State(s): WA
CGMS Authorization Request Form (WA Commercial),CHIR_IDrecJbe4s9j6sX8fvQ-103525-WACGMS Authorizat,CHIR_IDrecJbe4s9j6sX8fvQ-103525-WACGMS Authorizat,recJbe4s9j6sX8fvQ,Only 1 State(s): WA
KPCO Master PA Criteria (CO),CHIR_IDrecmTtqsKmKSiy0hI-256041-COKPCO Master PA ,CHIR_IDrecmTtqsKmKSiy0hI-256041-COKPCO Master PA ,recmTtqsKmKSiy0hI,Only 1 State(s): CO
Exclusive Provider Organization (EPO)/Deductible EPO (DEPO) Commercial Self-Funded Plans Formulary (Health Plan)(CA),CHIR_IDrecP00FPgbqOFBMu6-191371-CAExclusive Provi,CHIR_IDrecP00FPgbqOFBMu6-191371-CAExclusive Provi,recP00FPgbqOFBMu6,Only 1 State(s): CA
Large Employer Group Drug Formulary with Additional Specialty Tier (2-Tier) (Health Plan) (WA),CHIR_IDrec4ZTU0lc6Lr3Nor-188573-WALarge Employer ,CHIR_IDrec4ZTU0lc6Lr3Nor-188573-WALarge Employer ,rec4ZTU0lc6Lr3Nor,Only 1 State(s): WA
Large Group Alliance/Core 2-Tier Drug Formulary (Health Plan) (WA),CHIR_IDrechFlMnx1V49gBin-138660-WALarge Group All,CHIR_IDrechFlMnx1V49gBin-138660-WALarge Group All,rechFlMnx1V49gBin,Only 1 State(s): WA
KPIC PPO and OOA Indemnity Drug Formulary (Health Plan) (CA),CHIR_IDrecXrRDbDFQdVUhRH-188578-CAKPIC PPO and OO,CHIR_IDrecXrRDbDFQdVUhRH-188578-CAKPIC PPO and OO,recXrRDbDFQdVUhRH,Only 1 State(s): CA
KPIC PPO & OOA with Specialty Drug Tier Formulary 5-Tier (Health Plan) (CA),CHIR_IDrec4w5Wh3qSXknayd-217858-CAKPIC PPO & OOA ,CHIR_IDrec4w5Wh3qSXknayd-217858-CAKPIC PPO & OOA ,rec4w5Wh3qSXknayd,Only 1 State(s): CA
Kaiser Permanente Insurance Company (KPIC) POS/PPO Plans Covered Drug List (CO),CHIR_IDrec7rvu9bfo7wD69K-149916-COKaiser Permanen,CHIR_IDrec7rvu9bfo7wD69K-149916-COKaiser Permanen,rec7rvu9bfo7wD69K,Only 1 State(s): CO
"Flexible Choice, 2TPOS OON Tier and Out-of-Area PPO Formulary (Health Plan) (D.C., MD, VA)",CHIR_IDrec225WSeEtphcJQk-290091-DCFlexible Choice,CHIR_IDrec225WSeEtphcJQk-290091-DCFlexible Choice,rec225WSeEtphcJQk,"Only 3 State(s): DC, MD, VA"
HMO Formulary (Commercial) (GA),CHIR_IDrecOZdTybbOgEG5fI-149934-GAHMO Formulary (,CHIR_IDrecOZdTybbOgEG5fI-149934-GAHMO Formulary (,recOZdTybbOgEG5fI,Only 1 State(s): GA
"Master PA Criteria (POS, PPO, OOA)",CHIR_IDrecFdxmj60bp2uLU8-366533-CAMaster PA Crite,CHIR_IDrecFdxmj60bp2uLU8-366533-CAMaster PA Crite,recFdxmj60bp2uLU8,Only 1 State(s): CA
Premium Standard Formulary (CO Health Plan),CHIR_IDrec2nIDCubGNKdP67-316878-COPremium Standar,CHIR_IDrec2nIDCubGNKdP67-316878-COPremium Standar,rec2nIDCubGNKdP67,Only 1 State(s): CO
6-Tier Oscar Individual Plan Formulary (KS Health Plan),CHIR_IDrec3Wyv6mfHmcEUzT-301929-KS6-Tier Oscar In,CHIR_IDrec3Wyv6mfHmcEUzT-301929-KS6-Tier Oscar In,rec3Wyv6mfHmcEUzT,Only 1 State(s): KS
6-Tier Oscar Individual Plan Formulary (OK Health Plan),CHIR_IDrecck94yHr9dEyC82-302184-OK6-Tier Oscar In,CHIR_IDrecck94yHr9dEyC82-302184-OK6-Tier Oscar In,recck94yHr9dEyC82,Only 1 State(s): OK
4-Tier Oscar Individual Plan Formulary (NC Health Plan),CHIR_IDrecB9zAxpvBBHSCO6-342752-NC4-Tier Oscar In,CHIR_IDrecB9zAxpvBBHSCO6-342752-NC4-Tier Oscar In,recB9zAxpvBBHSCO6,Only 1 State(s): NC
4-Tier Oscar Individual Plan Formulary (IA Health Plan),CHIR_IDrecStELh0Fs1ogRD0-342765-IA4-Tier Oscar In,CHIR_IDrecStELh0Fs1ogRD0-342765-IA4-Tier Oscar In,recStELh0Fs1ogRD0,Only 1 State(s): IA
6-Tier Oscar Individual and Family Plan Formulary (OH Health Plan),CHIR_IDrecIwiLLuw3vqpm7t-264055-OH6-Tier Oscar In,CHIR_IDrecIwiLLuw3vqpm7t-264055-OH6-Tier Oscar In,recIwiLLuw3vqpm7t,Only 1 State(s): OH
6-Tier Oscar Individual Plan Formulary (PA Health Plan),CHIR_IDrecCkktpNvhru5LJg-302185-PA6-Tier Oscar In,CHIR_IDrecCkktpNvhru5LJg-302185-PA6-Tier Oscar In,recCkktpNvhru5LJg,Only 1 State(s): PA
6-Tier Oscar Individual Plan Formulary (TN Health Plan),CHIR_IDrec5NobvDYhZDMrHg-302186-TN6-Tier Oscar In,CHIR_IDrec5NobvDYhZDMrHg-302186-TN6-Tier Oscar In,rec5NobvDYhZDMrHg,Only 1 State(s): TN
6-Tier Oscar Individual Plan Formulary (IA Health Plan),CHIR_IDrec2x9yNPgi42U3Kr-301927-IA6-Tier Oscar In,CHIR_IDrec2x9yNPgi42U3Kr-301927-IA6-Tier Oscar In,rec2x9yNPgi42U3Kr,Only 1 State(s): IA
6-Tier Oscar Individual Plan Formulary (VA Health Plan),CHIR_IDrech05bMGBDcDAVbV-302188-VA6-Tier Oscar In,CHIR_IDrech05bMGBDcDAVbV-302188-VA6-Tier Oscar In,rech05bMGBDcDAVbV,Only 1 State(s): VA
6-Tier Oscar Individual Plan Formulary (NE Health Plan),CHIR_IDrecFWCUZNM8oSRxf1-301936-NE6-Tier Oscar In,CHIR_IDrecFWCUZNM8oSRxf1-301936-NE6-Tier Oscar In,recFWCUZNM8oSRxf1,Only 1 State(s): NE
4-Tier Oscar Individual Plan Formulary (KS Health Plan),CHIR_IDrec7QhTfpbbw1f5nR-342766-KS4-Tier Oscar In,CHIR_IDrec7QhTfpbbw1f5nR-342766-KS4-Tier Oscar In,rec7QhTfpbbw1f5nR,Only 1 State(s): KS
4-Tier Oscar Individual Plan Formulary (AZ Health Plan),CHIR_IDrecUf7qatosiD09ht-342761-AZ4-Tier Oscar In,CHIR_IDrecUf7qatosiD09ht-342761-AZ4-Tier Oscar In,recUf7qatosiD09ht,Only 1 State(s): AZ
4-Tier Oscar Individual Plan Formulary (VA Health Plan),CHIR_IDrecdTylUmulVc8CNT-342760-VA4-Tier Oscar In,CHIR_IDrecdTylUmulVc8CNT-342760-VA4-Tier Oscar In,recdTylUmulVc8CNT,Only 1 State(s): VA
Oscar For Business No Family Planning (NY Health Plan),CHIR_IDrec78JbgzJp7SpZKW-302182-NYOscar For Busin,CHIR_IDrec78JbgzJp7SpZKW-302182-NYOscar For Busin,rec78JbgzJp7SpZKW,Only 1 State(s): NY
6-Tier Oscar Individual Plan Formulary (GA Health Plan),CHIR_IDrec0oFUFrGvZNCAaO-301921-GA6-Tier Oscar In,CHIR_IDrec0oFUFrGvZNCAaO-301921-GA6-Tier Oscar In,rec0oFUFrGvZNCAaO,Only 1 State(s): GA
6-Tier Oscar Individual Plan Formulary (IL Health Plan),CHIR_IDrecTxLw8MUX4oaEpU-301924-IL6-Tier Oscar In,CHIR_IDrecTxLw8MUX4oaEpU-301924-IL6-Tier Oscar In,recTxLw8MUX4oaEpU,Only 1 State(s): IL
6-Tier Oscar Individual Plan Formulary (MO Health Plan),CHIR_IDrecbQPM1sHJHkMZmv-301934-MO6-Tier Oscar In,CHIR_IDrecbQPM1sHJHkMZmv-301934-MO6-Tier Oscar In,recbQPM1sHJHkMZmv,Only 1 State(s): MO
Oscar Business & Individual and Small Group Plan Formulary (NY Health Plan),CHIR_IDrecPyjcLjOYgxZSeI-302181-NYOscar Business ,CHIR_IDrecPyjcLjOYgxZSeI-302181-NYOscar Business ,recPyjcLjOYgxZSeI,Only 1 State(s): NY
6-Tier Oscar Individual Plan Formulary (TX Health Plan),CHIR_IDrec2OCzHXUx1MNPjR-302187-TX6-Tier Oscar In,CHIR_IDrec2OCzHXUx1MNPjR-302187-TX6-Tier Oscar In,rec2OCzHXUx1MNPjR,Only 1 State(s): TX
4-Tier Oscar Individual Plan Formulary (NE Health Plan),CHIR_IDrecxVqNNL7jcmHCAi-342770-NE4-Tier Oscar In,CHIR_IDrecxVqNNL7jcmHCAi-342770-NE4-Tier Oscar In,recxVqNNL7jcmHCAi,Only 1 State(s): NE
Oscar Individual and Small Group Plan Formulary (NJ Health Plan),CHIR_IDrecdmtMY4Mxw3TuOr-301937-NJOscar Individua,CHIR_IDrecdmtMY4Mxw3TuOr-301937-NJOscar Individua,recdmtMY4Mxw3TuOr,Only 1 State(s): NJ
6-Tier Oscar Individual Plan Formulary (NC Health Plan),CHIR_IDrecaH05Js9qNxlBs9-302183-NC6-Tier Oscar In,CHIR_IDrecaH05Js9qNxlBs9-302183-NC6-Tier Oscar In,recaH05Js9qNxlBs9,Only 1 State(s): NC
4-Tier Oscar Individual Plan Formulary (MO Health Plan),CHIR_IDrec6u4FaUfgr4OFhq-342769-MO4-Tier Oscar In,CHIR_IDrec6u4FaUfgr4OFhq-342769-MO4-Tier Oscar In,rec6u4FaUfgr4OFhq,Only 1 State(s): MO
4-Tier Oscar Individual Plan Formulary (MI Health Plan),CHIR_IDrecAd3OdR4mMJTLU0-342767-MI4-Tier Oscar In,CHIR_IDrecAd3OdR4mMJTLU0-342767-MI4-Tier Oscar In,recAd3OdR4mMJTLU0,Only 1 State(s): MI
4-Tier Oscar Individual Plan Formulary (TX Health Plan),CHIR_IDrecqhxZo50K974Hx7-342759-TX4-Tier Oscar In,CHIR_IDrecqhxZo50K974Hx7-342759-TX4-Tier Oscar In,recqhxZo50K974Hx7,Only 1 State(s): TX
4-Tier Oscar Individual Plan Formulary (GA Health Plan),CHIR_IDrecLUMCzwgJshOpMt-342763-GA4-Tier Oscar In,CHIR_IDrecLUMCzwgJshOpMt-342763-GA4-Tier Oscar In,recLUMCzwgJshOpMt,Only 1 State(s): GA
4-Tier Oscar Individual Plan Formulary (FL Health Plan),CHIR_IDrecOT2KASM9Cwo4Zz-342762-FL4-Tier Oscar In,CHIR_IDrecOT2KASM9Cwo4Zz-342762-FL4-Tier Oscar In,recOT2KASM9Cwo4Zz,Only 1 State(s): FL
4-Tier Oscar Individual Plan Formulary (IL Health Plan),CHIR_IDrecksKr4Nx1H8i47y-342764-IL4-Tier Oscar In,CHIR_IDrecksKr4Nx1H8i47y-342764-IL4-Tier Oscar In,recksKr4Nx1H8i47y,Only 1 State(s): IL
4-Tier Oscar Individual Plan Formulary (PA Health Plan),CHIR_IDrec2lphwg6nqLNgyE-342756-PA4-Tier Oscar In,CHIR_IDrec2lphwg6nqLNgyE-342756-PA4-Tier Oscar In,rec2lphwg6nqLNgyE,Only 1 State(s): PA
6-Tier Oscar Individual Plan Formulary (AZ Health Plan),CHIR_IDrecXpk2g3HVChqy0X-301798-AZ6-Tier Oscar In,CHIR_IDrecXpk2g3HVChqy0X-301798-AZ6-Tier Oscar In,recXpk2g3HVChqy0X,Only 1 State(s): AZ
6-Tier Oscar Individual Plan Formulary (FL Health Plan),CHIR_IDrecGf9SBO2d8vpVMk-301807-FL6-Tier Oscar In,CHIR_IDrecGf9SBO2d8vpVMk-301807-FL6-Tier Oscar In,recGf9SBO2d8vpVMk,Only 1 State(s): FL
6-Tier Oscar Individual Plan Formulary (MI Health Plan),CHIR_IDrecpYwLjqYlCOprPQ-301932-MI6-Tier Oscar In,CHIR_IDrecpYwLjqYlCOprPQ-301932-MI6-Tier Oscar In,recpYwLjqYlCOprPQ,Only 1 State(s): MI
Diabetes Equipment and Supplies,CHIR_IDrecFU1iTB5uWQ2ao9-221111-AZDiabetes Equipm,CHIR_IDrecFU1iTB5uWQ2ao9-221111-AZDiabetes Equipm,recFU1iTB5uWQ2ao9,Multiple States
Continuous Glucose Monitors,CHIR_IDrecRqRIyrWp0YHWN9-297420-AZContinuous Gluc,CHIR_IDrecRqRIyrWp0YHWN9-297420-AZContinuous Gluc,recRqRIyrWp0YHWN9,Multiple States
Oscar and Cigna Express Scripts High Performance Infertility Formulary (CA Health Plan),CHIR_IDrecE1A4Ark3UqiArY-301804-CAOscar and Cigna,CHIR_IDrecE1A4Ark3UqiArY-301804-CAOscar and Cigna,recE1A4Ark3UqiArY,Only 1 State(s): CA
4-Tier Oscar Individual Plan Formulary (TN Health Plan),CHIR_IDrecwtcgXf57mXdJZ2-342758-TN4-Tier Oscar In,CHIR_IDrecwtcgXf57mXdJZ2-342758-TN4-Tier Oscar In,recwtcgXf57mXdJZ2,Only 1 State(s): TN
4-Tier Oscar Individual Plan Formulary (OH Health Plan),CHIR_IDrecg8So6JxySMQsU3-342753-OH4-Tier Oscar In,CHIR_IDrecg8So6JxySMQsU3-342753-OH4-Tier Oscar In,recg8So6JxySMQsU3,Only 1 State(s): OH
4-Tier Oscar Individual Plan Formulary (OK Health Plan),CHIR_IDrecaju1ktWVH8fftf-342755-OK4-Tier Oscar In,CHIR_IDrecaju1ktWVH8fftf-342755-OK4-Tier Oscar In,recaju1ktWVH8fftf,Only 1 State(s): OK
Oscar and Cigna Express Scripts High Performance Formulary (AZ Health Plan),CHIR_IDrecOSvJtFPS7PWjTa-301799-AZOscar and Cigna,CHIR_IDrecOSvJtFPS7PWjTa-301799-AZOscar and Cigna,recOSvJtFPS7PWjTa,Only 1 State(s): AZ
Oscar and Cigna Express Scripts High Performance Formulary (CA Health Plan),CHIR_IDrec27GrZlCs1r9TUr-301803-CAOscar and Cigna,CHIR_IDrec27GrZlCs1r9TUr-301803-CAOscar and Cigna,rec27GrZlCs1r9TUr,Only 1 State(s): CA
Oscar and Cigna Express Scripts High Performance Formulary (GA Health Plan),CHIR_IDrecElwtCCxD58CRQr-301923-GAOscar and Cigna,CHIR_IDrecElwtCCxD58CRQr-301923-GAOscar and Cigna,recElwtCCxD58CRQr,Only 1 State(s): GA
Oscar and Cigna Express Scripts High Performance Formulary (CT Health Plan),CHIR_IDrecvbrum9fu5Wgp9R-301806-CTOscar and Cigna,CHIR_IDrecvbrum9fu5Wgp9R-301806-CTOscar and Cigna,recvbrum9fu5Wgp9R,Only 1 State(s): CT
Oscar and Cigna Express Scripts High Performance Formulary (KS Health Plan),CHIR_IDrecjUtVkwdy7Xr3aW-301931-KSOscar and Cigna,CHIR_IDrecjUtVkwdy7Xr3aW-301931-KSOscar and Cigna,recjUtVkwdy7Xr3aW,Only 1 State(s): KS
Oscar and Cigna Express Scripts High Performance Formulary (MO Health Plan),CHIR_IDrecGAHLPDzUGWrJ5l-301935-MOOscar and Cigna,CHIR_IDrecGAHLPDzUGWrJ5l-301935-MOOscar and Cigna,recGAHLPDzUGWrJ5l,Only 1 State(s): MO
Oscar and Cigna Express Scripts High Performance Formulary (PA Health Plan),CHIR_IDrecIYkYuDLeGH0CYF-309486-PAOscar and Cigna,CHIR_IDrecIYkYuDLeGH0CYF-309486-PAOscar and Cigna,recIYkYuDLeGH0CYF,Only 1 State(s): PA
Oscar and Cigna Express Scripts High Performance Formulary (TN Health Plan),CHIR_IDrecorv3DDadaoMI3M-302189-TNOscar and Cigna,CHIR_IDrecorv3DDadaoMI3M-302189-TNOscar and Cigna,recorv3DDadaoMI3M,Only 1 State(s): TN
Insulin Delivery Systems and Continuous Glucose Monitoring,CHIR_IDrecnDCxJMiRfyHdWk-221202-AZInsulin Deliver,CHIR_IDrecnDCxJMiRfyHdWk-221202-AZInsulin Deliver,recnDCxJMiRfyHdWk,Multiple States
Pharmacy Benefit Supply Limits per Copay (Health Plan),CHIR_IDrecYelvQBaArOJZOo-289023-AKPharmacy Benefi,CHIR_IDrecYelvQBaArOJZOo-289023-AKPharmacy Benefi,recYelvQBaArOJZOo,All States
Illinois Essential Plus Prescription Drug List (Health Plan),CHIR_IDrecxzDS6SDZacuwiK-312704-ILIllinois Essent,CHIR_IDrecxzDS6SDZacuwiK-312704-ILIllinois Essent,recxzDS6SDZacuwiK,Only 1 State(s): IL
Illinois Individual and Family Plans Prescription Drug List (Health Plan),CHIR_IDrecSlGmPC2N8QVJOG-312703-ILIllinois Indivi,CHIR_IDrecSlGmPC2N8QVJOG-312703-ILIllinois Indivi,recSlGmPC2N8QVJOG,Only 1 State(s): IL
"Continuous Glucose Monitoring and Insulin Delivery for Managing Diabetes (Commercial, Individual Exchange)",CHIR_IDrecCCBX9DTfnLo0rg-226855-AKContinuous Gluc,CHIR_IDrecCCBX9DTfnLo0rg-226855-AKContinuous Gluc,recCCBX9DTfnLo0rg,"All States Except HI, MT, ND, VT"
"Diabetic Management, Services, and Supplies (West CA)",CHIR_IDrecVkRwK8vU2puGXG-201787-CADiabetic Manage,CHIR_IDrecVkRwK8vU2puGXG-201787-CADiabetic Manage,recVkRwK8vU2puGXG,Only 1 State(s): CA
"Diabetic Management, Services, and Supplies (West TX, OK, OR, WA)",CHIR_IDrecQzBHoxNKqNF9Nn-201788-OKDiabetic Manage,CHIR_IDrecQzBHoxNKqNF9Nn-201788-OKDiabetic Manage,recQzBHoxNKqNF9Nn,"Only 4 State(s): OK, OR, TX, WA"
"Continuous Glucose Monitors, Sensors and Transmitters (All Brands) (Medical Necessity)",CHIR_IDrecClC2ytD9Hgfskb-166509-AKContinuous Gluc,CHIR_IDrecClC2ytD9Hgfskb-166509-AKContinuous Gluc,recClC2ytD9Hgfskb,"All States Except ND, VT"
Prior Authorization Requirements for UnitedHealthcare West Commercial,CHIR_IDrecqiZ6F4Q50DPeEh-351186-CAPrior Authoriza,CHIR_IDrecqiZ6F4Q50DPeEh-351186-CAPrior Authoriza,recqiZ6F4Q50DPeEh,"Only 5 State(s): CA, OK, OR, TX, WA"
Prior Authorization Requirements for UnitedHealthcare of the River Valley,CHIR_IDrecmEfWjJmflF7WvY-351183-AKPrior Authoriza,CHIR_IDrecmEfWjJmflF7WvY-351183-AKPrior Authoriza,recmEfWjJmflF7WvY,"All States Except ND, VT"
Prior Authorization Requirements (Oxford Health Plans),CHIR_IDrecsXhMaLXYyncqlD-351181-CTPrior Authoriza,CHIR_IDrecsXhMaLXYyncqlD-351181-CTPrior Authoriza,recsXhMaLXYyncqlD,"Only 3 State(s): CT, NJ, NY"
Surest Health Plans Prior Authorization Requirements,CHIR_IDrecZIyhb7L8Gl3eGX-351177-AKSurest Health P,CHIR_IDrecZIyhb7L8Gl3eGX-351177-AKSurest Health P,recZIyhb7L8Gl3eGX,"All States Except ND, VT"
Prior Authorization Requirements for UnitedHealthcare Mid-Atlantic Health Plans,CHIR_IDrecUxJLGjaGDIEIqp-159497-AKPrior Authoriza,CHIR_IDrecUxJLGjaGDIEIqp-159497-AKPrior Authoriza,recUxJLGjaGDIEIqp,All States
Advance Prior Authorization Requirements for Neighborhood Health Partnership,CHIR_IDrecY1pmJXioV8jylN-351178-FLAdvance Prior A,CHIR_IDrecY1pmJXioV8jylN-351178-FLAdvance Prior A,recY1pmJXioV8jylN,Only 1 State(s): FL
Medical Records Requirements,CHIR_IDrecw4WrFmiqlgGgWY-196515-AKMedical Records,CHIR_IDrecw4WrFmiqlgGgWY-196515-AKMedical Records,recw4WrFmiqlgGgWY,"All States Except ND, VT"
Notification/PA Requirements (Commercial),CHIR_IDrecN5e0TyJS8Ik4Ey-134147-AKNotification/PA,CHIR_IDrecN5e0TyJS8Ik4Ey-134147-AKNotification/PA,recN5e0TyJS8Ik4Ey,"All States Except ND, VT"
Prior Authorization Requirements (Individual Exchange),CHIR_IDrec2HoLhEtbBwiFzz-293063-ALPrior Authoriza,CHIR_IDrec2HoLhEtbBwiFzz-293063-ALPrior Authoriza,rec2HoLhEtbBwiFzz,Multiple States
"Continuous Glucose Monitors, Sensors and Transmitters (All Brands) (Notification)",CHIR_IDrecaQY96m7JU9CmN5-59413-AKContinuous Gluc,CHIR_IDrecaQY96m7JU9CmN5-59413-AKContinuous Gluc,recaQY96m7JU9CmN5,"All States Except ND, VT"
Clinical Criteria (Florida),CHIR_IDreczfkIfpSR2FGQPI-340770-FLClinical Criter,CHIR_IDreczfkIfpSR2FGQPI-340770-FLClinical Criter,reczfkIfpSR2FGQPI,Only 1 State(s): FL
Clinical Criteria (Illinois),CHIR_IDrecff1XZAbv2NErCa-340772-ILClinical Criter,CHIR_IDrecff1XZAbv2NErCa-340772-ILClinical Criter,recff1XZAbv2NErCa,Only 1 State(s): IL
Clinical Criteria (Louisiana),CHIR_IDrecTuxg7IDl1FTzUv-340774-LAClinical Criter,CHIR_IDrecTuxg7IDl1FTzUv-340774-LAClinical Criter,recTuxg7IDl1FTzUv,Only 1 State(s): LA
Clinical Criteria (New Jersey),CHIR_IDrecYrS7xaVuetM4sP-340781-NJClinical Criter,CHIR_IDrecYrS7xaVuetM4sP-340781-NJClinical Criter,recYrS7xaVuetM4sP,Only 1 State(s): NJ
Clinical Criteria (Kansas),CHIR_IDrec4kVtpSE70PqyY0-340773-KSClinical Criter,CHIR_IDrec4kVtpSE70PqyY0-340773-KSClinical Criter,rec4kVtpSE70PqyY0,Only 1 State(s): KS
Clinical Criteria (South Carolina),CHIR_IDrecIYtt4gTxjBmILc-340790-SCClinical Criter,CHIR_IDrecIYtt4gTxjBmILc-340790-SCClinical Criter,recIYtt4gTxjBmILc,Only 1 State(s): SC
Clinical Criteria (Tennessee),CHIR_IDreczpI5NIyoh2letB-340794-TNClinical Criter,CHIR_IDreczpI5NIyoh2letB-340794-TNClinical Criter,reczpI5NIyoh2letB,Only 1 State(s): TN
Clinical Criteria (Texas),CHIR_IDrec24impckQpxdsR6-340799-TXClinical Criter,CHIR_IDrec24impckQpxdsR6-340799-TXClinical Criter,rec24impckQpxdsR6,Only 1 State(s): TX
Clinical Criteria (Washington),CHIR_IDrecYfbU8G0ViDeYcZ-340815-WAClinical Criter,CHIR_IDrecYfbU8G0ViDeYcZ-340815-WAClinical Criter,recYfbU8G0ViDeYcZ,Only 1 State(s): WA
Clinical Criteria (Ohio),CHIR_IDrecBKbitrLdgxd9AR-340783-OHClinical Criter,CHIR_IDrecBKbitrLdgxd9AR-340783-OHClinical Criter,recBKbitrLdgxd9AR,Only 1 State(s): OH
Clinical Criteria (Alabama),CHIR_IDrecqR5bH0unDs7QgN-340768-ALClinical Criter,CHIR_IDrecqR5bH0unDs7QgN-340768-ALClinical Criter,recqR5bH0unDs7QgN,Only 1 State(s): AL
Clinical Criteria (Arizona),CHIR_IDrecJoi9TQNPausXL7-265384-AZClinical Criter,CHIR_IDrecJoi9TQNPausXL7-265384-AZClinical Criter,recJoi9TQNPausXL7,Only 1 State(s): AZ
Clinical Criteria (Wyoming),CHIR_IDrecEd3jIe2a6tcnXt-368500-WYClinical Criter,CHIR_IDrecEd3jIe2a6tcnXt-368500-WYClinical Criter,recEd3jIe2a6tcnXt,Only 1 State(s): WY
Clinical Criteria (Nebraska),CHIR_IDrecZeeNbT8b7zip1G-363541-NEClinical Criter,CHIR_IDrecZeeNbT8b7zip1G-363541-NEClinical Criter,recZeeNbT8b7zip1G,Only 1 State(s): NE
Clinical Criteria (Indiana),CHIR_IDrecmf7SfkiBrvZKhL-363539-INClinical Criter,CHIR_IDrecmf7SfkiBrvZKhL-363539-INClinical Criter,recmf7SfkiBrvZKhL,Only 1 State(s): IN
Clinical Criteria (Iowa),CHIR_IDreczuAmOcMGgzJGc0-363540-IAClinical Criter,CHIR_IDreczuAmOcMGgzJGc0-363540-IAClinical Criter,reczuAmOcMGgzJGc0,Only 1 State(s): IA
Clinical Criteria (Wisconsin),CHIR_IDrecFU2NyxL8Boum2l-340818-WIClinical Criter,CHIR_IDrecFU2NyxL8Boum2l-340818-WIClinical Criter,recFU2NyxL8Boum2l,Only 1 State(s): WI
Clinical Criteria (Virginia),CHIR_IDrecW87wwXRxw7IGXB-340807-VAClinical Criter,CHIR_IDrecW87wwXRxw7IGXB-340807-VAClinical Criter,recW87wwXRxw7IGXB,Only 1 State(s): VA
Clinical Criteria (Oklahoma),CHIR_IDrecwcZ0OZOWkuJWko-340787-OKClinical Criter,CHIR_IDrecwcZ0OZOWkuJWko-340787-OKClinical Criter,recwcZ0OZOWkuJWko,Only 1 State(s): OK
Clinical Criteria (Missouri),CHIR_IDrec93aI0N4D1aWfbS-340778-MOClinical Criter,CHIR_IDrec93aI0N4D1aWfbS-340778-MOClinical Criter,rec93aI0N4D1aWfbS,Only 1 State(s): MO
Clinical Criteria (Mississippi),CHIR_IDrec05d6MCUsFblcHp-340776-MSClinical Criter,CHIR_IDrec05d6MCUsFblcHp-340776-MSClinical Criter,rec05d6MCUsFblcHp,Only 1 State(s): MS
Clinical Criteria (Michigan),CHIR_IDrec1OxawR1n45mWVw-340775-MIClinical Criter,CHIR_IDrec1OxawR1n45mWVw-340775-MIClinical Criter,rec1OxawR1n45mWVw,Only 1 State(s): MI
Clinical Criteria (Georgia),CHIR_IDrecIRrHIjSKzSd7fM-340771-GAClinical Criter,CHIR_IDrecIRrHIjSKzSd7fM-340771-GAClinical Criter,recIRrHIjSKzSd7fM,Only 1 State(s): GA
Wyoming Prescription Drug List (Health Plan),CHIR_IDrecpOz7E965U0Xae1-359385-WYWyoming Prescri,CHIR_IDrecpOz7E965U0Xae1-359385-WYWyoming Prescri,recpOz7E965U0Xae1,Only 1 State(s): WY
Wisconsin Individual and Family Plans Prescription Drug List (Health Plan),CHIR_IDrecAO4neLd050qPF5-339769-WIWisconsin Indiv,CHIR_IDrecAO4neLd050qPF5-339769-WIWisconsin Indiv,recAO4neLd050qPF5,Only 1 State(s): WI
Virginia Individual & Family Plans Prescription Drug List (Health Plan),CHIR_IDrecgY4zH9vr4lGhNR-312730-VAVirginia Indivi,CHIR_IDrecgY4zH9vr4lGhNR-312730-VAVirginia Indivi,recgY4zH9vr4lGhNR,Only 1 State(s): VA
Washington Individual & Family Plans Prescription Drug List (Health Plan),CHIR_IDrec83ZezUgTosc1SG-312731-WAWashington Indi,CHIR_IDrec83ZezUgTosc1SG-312731-WAWashington Indi,rec83ZezUgTosc1SG,Only 1 State(s): WA
UnitedHealthcare Traditional 4-Tier Prescription Drug List (Health Plan),CHIR_IDrecwwOdnkygdVvZN4-137653-AKUnitedHealthcar,CHIR_IDrecwwOdnkygdVvZN4-137653-AKUnitedHealthcar,recwwOdnkygdVvZN4,All States
UnitedHealthcare Traditional 3-Tier Prescription Drug List (Health Plan),CHIR_IDrecdFcsBCD8yKC1Px-137654-AKUnitedHealthcar,CHIR_IDrecdFcsBCD8yKC1Px-137654-AKUnitedHealthcar,recdFcsBCD8yKC1Px,All States
United Healthcare Prescription Drug List (Health Plan),CHIR_IDreca2lnlupkzA6Xmz-137631-AKUnited Healthca,CHIR_IDreca2lnlupkzA6Xmz-137631-AKUnited Healthca,reca2lnlupkzA6Xmz,All States
Texas Individual and Family Plans Prescription Drug List (Health Plan),CHIR_IDrecMliLIMYl7CeMVO-312728-TXTexas Individua,CHIR_IDrecMliLIMYl7CeMVO-312728-TXTexas Individua,recMliLIMYl7CeMVO,Only 1 State(s): TX
Tennessee Individual & Family Plans Prescription Drug List (Health Plan),CHIR_IDrecL5UtIq1nsV1wDE-312725-TNTennessee Indiv,CHIR_IDrecL5UtIq1nsV1wDE-312725-TNTennessee Indiv,recL5UtIq1nsV1wDE,Only 1 State(s): TN
Pharmacy Benefit Supply Limits Per Duration (Health Plan),CHIR_IDrecKF3V8AZuQdoIPP-154928-AKPharmacy Benefi,CHIR_IDrecKF3V8AZuQdoIPP-154928-AKPharmacy Benefi,recKF3V8AZuQdoIPP,All States
South Carolina Individual & Family Plans Prescription Drug List (Health Plan),CHIR_IDrecKpxmFrfHCNWe4Y-336232-SCSouth Carolina ,CHIR_IDrecKpxmFrfHCNWe4Y-336232-SCSouth Carolina ,recKpxmFrfHCNWe4Y,Only 1 State(s): SC
Oklahoma Individual & Family Plans Prescription Drug List (Health Plan),CHIR_IDrec7BaReQnQk3qxSS-312724-OKOklahoma Indivi,CHIR_IDrec7BaReQnQk3qxSS-312724-OKOklahoma Indivi,rec7BaReQnQk3qxSS,Only 1 State(s): OK
North Carolina Individual & Family Plans Prescription Drug List (Health Plan),CHIR_IDrecwvP1HxE3IDl5zJ-312719-NCNorth Carolina ,CHIR_IDrecwvP1HxE3IDl5zJ-312719-NCNorth Carolina ,recwvP1HxE3IDl5zJ,Only 1 State(s): NC
Ohio Individual & Family Plans Prescription Drug List (Health Plan),CHIR_IDrecwrLsCSCnl03lHI-312722-OHOhio Individual,CHIR_IDrecwrLsCSCnl03lHI-312722-OHOhio Individual,recwrLsCSCnl03lHI,Only 1 State(s): OH
New Mexico Essential Small Group 4-Tier Prescription Drug List (Health Plan),CHIR_IDrecx8OQSr9C6Auoo7-289024-NMNew Mexico Esse,CHIR_IDrecx8OQSr9C6Auoo7-289024-NMNew Mexico Esse,recx8OQSr9C6Auoo7,Only 1 State(s): NM
New Mexico Essential Plus Prescription Drug List (Health Plan),CHIR_IDrec8yFb6FSYOt8MA1-336229-NMNew Mexico Esse,CHIR_IDrec8yFb6FSYOt8MA1-336229-NMNew Mexico Esse,rec8yFb6FSYOt8MA1,Only 1 State(s): NM
New Mexico Access Large Group 4-Tier Prescription Drug List (Health Plan),CHIR_IDrechWhLNq0KcHdVDT-287366-NMNew Mexico Acce,CHIR_IDrechWhLNq0KcHdVDT-287366-NMNew Mexico Acce,rechWhLNq0KcHdVDT,Only 1 State(s): NM
New Mexico Access Large Group 3-Tier Prescription Drug List (Health Plan),CHIR_IDrec5VTv2yXWbVosEN-287365-NMNew Mexico Acce,CHIR_IDrec5VTv2yXWbVosEN-287365-NMNew Mexico Acce,rec5VTv2yXWbVosEN,Only 1 State(s): NM
New Jersey Essential Plus Prescription Drug List (Health Plan),CHIR_IDrecUSRkewczmWLSy1-336230-NJNew Jersey Esse,CHIR_IDrecUSRkewczmWLSy1-336230-NJNew Jersey Esse,recUSRkewczmWLSy1,Only 1 State(s): NJ
Nebraska Prescription Drug List (Health Plan),CHIR_IDrecHNVomQT8wkozJk-359382-NENebraska Prescr,CHIR_IDrecHNVomQT8wkozJk-359382-NENebraska Prescr,recHNVomQT8wkozJk,Only 1 State(s): NE
Mississippi Individual & Family Plans Prescription Drug List (Health Plan),CHIR_IDrechPabcCneSitZdv-312715-MSMississippi Ind,CHIR_IDrechPabcCneSitZdv-312715-MSMississippi Ind,rechPabcCneSitZdv,Only 1 State(s): MS
Missouri Individual & Family Plans Prescription Drug List (Health Plan),CHIR_IDrec4EwSge9ROzuhSB-312717-MOMissouri Indivi,CHIR_IDrec4EwSge9ROzuhSB-312717-MOMissouri Indivi,rec4EwSge9ROzuhSB,Only 1 State(s): MO
Maryland Individual and Family Plans Prescription Drug List (Health Plan),CHIR_IDrecio5DHHGeq7gKbv-312711-MDMaryland Indivi,CHIR_IDrecio5DHHGeq7gKbv-312711-MDMaryland Indivi,recio5DHHGeq7gKbv,Only 1 State(s): MD
Michigan Individual & Family Plans Prescription Drug List (Health Plan),CHIR_IDrecNd9sXw85fybCRL-312713-MIMichigan Indivi,CHIR_IDrecNd9sXw85fybCRL-312713-MIMichigan Indivi,recNd9sXw85fybCRL,Only 1 State(s): MI
Louisiana Individual and Family Plans Prescription Drug List (Health Plan),CHIR_IDrec8XSHiCRQthI5a8-312709-LALouisiana Indiv,CHIR_IDrec8XSHiCRQthI5a8-312709-LALouisiana Indiv,rec8XSHiCRQthI5a8,Only 1 State(s): LA
Iowa Prescription Drug List (Health Plan),CHIR_IDrecg6ToI2JzxCj7LP-359381-IAIowa Prescripti,CHIR_IDrecg6ToI2JzxCj7LP-359381-IAIowa Prescripti,recg6ToI2JzxCj7LP,Only 1 State(s): IA
Kansas Individual and Family Plans Prescription Drug List (Health Plan),CHIR_IDrecH05mjmI3hLaYLs-312706-KSKansas Individu,CHIR_IDrecH05mjmI3hLaYLs-312706-KSKansas Individu,recH05mjmI3hLaYLs,Only 1 State(s): KS
Individual and Family Plans Diabetic Supply List (Health Plan),CHIR_IDrecucZNkBkZCgYUFJ-359363-ALIndividual and ,CHIR_IDrecucZNkBkZCgYUFJ-359363-ALIndividual and ,recucZNkBkZCgYUFJ,Multiple States
Indiana Prescription Drug List (Health Plan),CHIR_IDrec9NQl5xGDHs0pSY-359377-INIndiana Prescri,CHIR_IDrec9NQl5xGDHs0pSY-359377-INIndiana Prescri,rec9NQl5xGDHs0pSY,Only 1 State(s): IN
Florida Individual and Family Plans Prescription Drug List (Health Plan),CHIR_IDreccyWNrBQqCms0Pz-312697-FLFlorida Individ,CHIR_IDreccyWNrBQqCms0Pz-312697-FLFlorida Individ,reccyWNrBQqCms0Pz,Only 1 State(s): FL
Georgia Individual and Family Plans Prescription Drug List (Health Plan),CHIR_IDrecSsWcZAatidaW6j-312699-GAGeorgia Individ,CHIR_IDrecSsWcZAatidaW6j-312699-GAGeorgia Individ,recSsWcZAatidaW6j,Only 1 State(s): GA
Federal Guided Preventive Drug List (Health Plan),CHIR_IDrec5woywck7ekxIed-289033-AKFederal Guided ,CHIR_IDrec5woywck7ekxIed-289033-AKFederal Guided ,rec5woywck7ekxIed,All States
Core Plus Preventive Drug List (Health Plan),CHIR_IDrecrXDC46nQMGOeCw-289031-AKCore Plus Preve,CHIR_IDrecrXDC46nQMGOeCw-289031-AKCore Plus Preve,recrXDC46nQMGOeCw,All States
Expanded Preventive Drug List (Health Plan),CHIR_IDrecrt1rXL8Jx0ZMsr-289032-AKExpanded Preven,CHIR_IDrecrt1rXL8Jx0ZMsr-289032-AKExpanded Preven,recrt1rXL8Jx0ZMsr,All States
2025 Surest Advantage 3-Tier Prescription Drug List,CHIR_IDrec0C0Rk84nc7DLHB-361532-CA2025 Surest Adv,CHIR_IDrec0C0Rk84nc7DLHB-361532-CA2025 Surest Adv,rec0C0Rk84nc7DLHB,Only 1 State(s): CA
Access 3-Tier Prescription Drug List (Health Plan),CHIR_IDrecPBXFEdyXlJ3bKT-229114-AKAccess 3-Tier P,CHIR_IDrecPBXFEdyXlJ3bKT-229114-AKAccess 3-Tier P,recPBXFEdyXlJ3bKT,All States
Access 4-Tier Prescription Drug List (Health Plan),CHIR_IDrecpCcBOfuoorRU40-229117-AKAccess 4-Tier P,CHIR_IDrecpCcBOfuoorRU40-229117-AKAccess 4-Tier P,recpCcBOfuoorRU40,All States
Alabama Individual and Family Plans Prescription Drug List (Health Plan),CHIR_IDrec8W4DV2YP3FaiEY-312692-ALAlabama Individ,CHIR_IDrec8W4DV2YP3FaiEY-312692-ALAlabama Individ,rec8W4DV2YP3FaiEY,Only 1 State(s): AL
Arizona Individual & Family Plans Prescription Drug List (Health Plan),CHIR_IDrecvEhdfBTfvpN6I8-312694-AZArizona Individ,CHIR_IDrecvEhdfBTfvpN6I8-312694-AZArizona Individ,recvEhdfBTfvpN6I8,Only 1 State(s): AZ
California Access Large Group 3-Tier HMO and PPO Prescription Drug List (Health Plan),CHIR_IDrecW6OGt16cx9nz7e-267551-CACalifornia Acce,CHIR_IDrecW6OGt16cx9nz7e-267551-CACalifornia Acce,recW6OGt16cx9nz7e,Only 1 State(s): CA
California Access Large Group 3-Tier PPO Prescription Drug List (Health Plan),CHIR_IDrecMoXIwPwmiBNsUa-227753-CACalifornia Acce,CHIR_IDrecMoXIwPwmiBNsUa-227753-CACalifornia Acce,recMoXIwPwmiBNsUa,Only 1 State(s): CA
California Access Large Group 4-Tier HMO and PPO Prescription Drug List (Health Plan),CHIR_IDrecMv3O9c0q911gKP-267552-CACalifornia Acce,CHIR_IDrecMv3O9c0q911gKP-267552-CACalifornia Acce,recMv3O9c0q911gKP,Only 1 State(s): CA
California Access Large Group 4-Tier PPO Prescription Drug List (Health Plan),CHIR_IDrec29Fi3ZLrvFx8Gu-227755-CACalifornia Acce,CHIR_IDrec29Fi3ZLrvFx8Gu-227755-CACalifornia Acce,rec29Fi3ZLrvFx8Gu,Only 1 State(s): CA
California Advantage Large Group 3-Tier HMO and PPO Prescription Drug List (Health Plan),CHIR_IDrech72VW0dP8F2gfV-269770-CACalifornia Adva,CHIR_IDrech72VW0dP8F2gfV-269770-CACalifornia Adva,rech72VW0dP8F2gfV,Only 1 State(s): CA
California Advantage Large Group 3-Tier PPO Prescription Drug List (Health Plan),CHIR_IDrec5RYmCxLrtTl1gV-173031-CACalifornia Adva,CHIR_IDrec5RYmCxLrtTl1gV-173031-CACalifornia Adva,rec5RYmCxLrtTl1gV,Only 1 State(s): CA
California Advantage Large Group 4-Tier HMO and PPO Prescription Drug List (Health Plan),CHIR_IDrecuEaOn75poIHbWa-269771-CACalifornia Adva,CHIR_IDrecuEaOn75poIHbWa-269771-CACalifornia Adva,recuEaOn75poIHbWa,Only 1 State(s): CA
California Advantage Large Group 4-Tier PPO Prescription Drug List (Health Plan),CHIR_IDrecxS0QXaszZLmsJ5-173032-CACalifornia Adva,CHIR_IDrecxS0QXaszZLmsJ5-173032-CACalifornia Adva,recxS0QXaszZLmsJ5,Only 1 State(s): CA
California Large Group 4-Tier Essential HMO and PPO Prescription Drug List (Health Plan),CHIR_IDrecxpfyB748fnOumn-267553-CACalifornia Larg,CHIR_IDrecxpfyB748fnOumn-267553-CACalifornia Larg,recxpfyB748fnOumn,Only 1 State(s): CA
California Small Group 4-Tier HMO and PPO Prescription Drug List (Health Plan),CHIR_IDrec2NEXwneyFj4Q5A-269769-CACalifornia Smal,CHIR_IDrec2NEXwneyFj4Q5A-269769-CACalifornia Smal,rec2NEXwneyFj4Q5A,Only 1 State(s): CA
California Small Group 4-Tier PPO Prescription Drug List (Health Plan),CHIR_IDrecJNdJKgv9IWYs3d-151908-CACalifornia Smal,CHIR_IDrecJNdJKgv9IWYs3d-151908-CACalifornia Smal,recJNdJKgv9IWYs3d,Only 1 State(s): CA
Connecticut Access 3 Tier Prescription Drug List (Health Plan),CHIR_IDrecMcxYMYHBOrJ0Yk-229148-CTConnecticut Acc,CHIR_IDrecMcxYMYHBOrJ0Yk-229148-CTConnecticut Acc,recMcxYMYHBOrJ0Yk,Only 1 State(s): CT
Connecticut Advantage 3 Tier Prescription Drug List (Health Plan),CHIR_IDrecHUCFpBnc0Xgkpp-229145-CTConnecticut Adv,CHIR_IDrecHUCFpBnc0Xgkpp-229145-CTConnecticut Adv,recHUCFpBnc0Xgkpp,Only 1 State(s): CT
Connecticut Advantage 4 Tier Prescription Drug List (Health Plan),CHIR_IDrecqEdGQEycz1eb0o-229147-CTConnecticut Adv,CHIR_IDrecqEdGQEycz1eb0o-229147-CTConnecticut Adv,recqEdGQEycz1eb0o,Only 1 State(s): CT
Connecticut Traditional 3 Tier Prescription Drug List (Health Plan),CHIR_IDrecOlLecBBg1zJ4YG-229146-CTConnecticut Tra,CHIR_IDrecOlLecBBg1zJ4YG-229146-CTConnecticut Tra,recOlLecBBg1zJ4YG,Only 1 State(s): CT
Essential 4-Tier Prescription Drug List (Health Plan),CHIR_IDrecTs7lLweXRy6EOs-153163-AKEssential 4-Tie,CHIR_IDrecTs7lLweXRy6EOs-153163-AKEssential 4-Tie,recTs7lLweXRy6EOs,All States
Louisiana Advantage 3-Tier Prescription Drug List (Health Plan),CHIR_IDrecgukDkKdbyVLLB7-229134-LALouisiana Advan,CHIR_IDrecgukDkKdbyVLLB7-229134-LALouisiana Advan,recgukDkKdbyVLLB7,Only 1 State(s): LA
Louisiana Essential 4-Tier Drug List (Health Plan),CHIR_IDrecykgzra7JE2sL7o-267554-LALouisiana Essen,CHIR_IDrecykgzra7JE2sL7o-267554-LALouisiana Essen,recykgzra7JE2sL7o,Only 1 State(s): LA
New Mexico Advantage Large Group 3-Tier Prescription Drug List (Health Plan),CHIR_IDrecPdRw84rrnkmbty-287363-NMNew Mexico Adva,CHIR_IDrecPdRw84rrnkmbty-287363-NMNew Mexico Adva,recPdRw84rrnkmbty,Only 1 State(s): NM
New Mexico Advantage Large Group 4-Tier Prescription Drug List (Health Plan),CHIR_IDrecLD7amneYLQvyjB-287364-NMNew Mexico Adva,CHIR_IDrecLD7amneYLQvyjB-287364-NMNew Mexico Adva,recLD7amneYLQvyjB,Only 1 State(s): NM
New Mexico Essential Large Group 4-Tier Prescription Drug List (Health Plan),CHIR_IDrecQzzcRla6TEH3VF-287367-NMNew Mexico Esse,CHIR_IDrecQzzcRla6TEH3VF-287367-NMNew Mexico Esse,recQzzcRla6TEH3VF,Only 1 State(s): NM
Texas Advantage 3-Tier Prescription Drug List (Health Plan),CHIR_IDreceUVElnf7Nsi91T-151347-TXTexas Advantage,CHIR_IDreceUVElnf7Nsi91T-151347-TXTexas Advantage,receUVElnf7Nsi91T,Only 1 State(s): TX
Texas Essential 4-Tier Drug List (Health Plan),CHIR_IDreccczwXcarnX9z3T-267555-TXTexas Essential,CHIR_IDreccczwXcarnX9z3T-267555-TXTexas Essential,reccczwXcarnX9z3T,Only 1 State(s): TX
United Healthcare Advantage 3-Tier Prescription Drug List (Health Plan),CHIR_IDrecOfsIoR4PwWMAQ8-137632-AKUnited Healthca,CHIR_IDrecOfsIoR4PwWMAQ8-137632-AKUnited Healthca,recOfsIoR4PwWMAQ8,All States
United Healthcare Advantage 4-Tier Prescription Drug List (Health Plan),CHIR_IDrecIS7whWQ8iq2JH0-137652-AKUnited Healthca,CHIR_IDrecIS7whWQ8iq2JH0-137652-AKUnited Healthca,recIS7whWQ8iq2JH0,All States
United Healthcare Pharmacy Benefit Programs Drug List (Health Plan),CHIR_IDreckvbmif9yV4s5RY-152009-AKUnited Healthca,,reckvbmif9yV4s5RY,All States
Clinical Criteria (Maryland),CHIR_IDrec9KHMPEmRVxzv14-265386-MDClinical Criter,CHIR_IDrec9KHMPEmRVxzv14-265386-MDClinical Criter,rec9KHMPEmRVxzv14,Only 1 State(s): MD
Clinical Criteria (North Carolina),CHIR_IDrecX77qTSxbyqAdGf-265387-NCClinical Criter,CHIR_IDrecX77qTSxbyqAdGf-265387-NCClinical Criter,recX77qTSxbyqAdGf,Only 1 State(s): NC
Clinical Criteria (New Mexico),CHIR_IDrecLoGOmCowEFRAEj-340782-NMClinical Criter,CHIR_IDrecLoGOmCowEFRAEj-340782-NMClinical Criter,recLoGOmCowEFRAEj,Only 1 State(s): NM
Clinical Criteria (Colorado),CHIR_IDrecwXGygv1b5pDPra-340769-COClinical Criter,CHIR_IDrecwXGygv1b5pDPra-340769-COClinical Criter,recwXGygv1b5pDPra,Only 1 State(s): CO