Payer,States,New Market Segment(s),Total_Covered_Lives,Attributed_Policy_IDs,Attributed_Airtable_UUIDs,Weight_Rank_1_to_5
Aetna,AK,Large Group,52557,,,3
Aetna,AK,Self Funded/Employer Sponsored,132640,290099,CHIR_IDrecwCLGDesRaFkwcr-290099-AKAdvanced Contro,4
Aetna,AK,Small Group,27141,,,2
Aetna,AL,Self Funded/Employer Sponsored,46891,290099,CHIR_IDrecwCLGDesRaFkwcr-290099-AKAdvanced Contro,3
Aetna,AR,Large Group,1141,,,1
Aetna,AR,Self Funded/Employer Sponsored,58482,290099,CHIR_IDrecwCLGDesRaFkwcr-290099-AKAdvanced Contro,3
Aetna,AZ,Individual,120893,,,4
Aetna,AZ,Large Group,21820,,,2
Aetna,AZ,Self Funded/Employer Sponsored,704405,290099,CHIR_IDrecwCLGDesRaFkwcr-290099-AKAdvanced Contro,5
Aetna,AZ,Small Group,10259,,,1
Aetna,CA,Large Group,167830,,,4
Aetna,CA,Self Funded/Employer Sponsored,740513,290099,CHIR_IDrecwCLGDesRaFkwcr-290099-AKAdvanced Contro,5
Aetna,CA,Small Group,12806,,,2
Aetna,CO,Large Group,38236,,,2
Aetna,CO,Self Funded/Employer Sponsored,197468,290099,CHIR_IDrecwCLGDesRaFkwcr-290099-AKAdvanced Contro,4
Aetna,CO,Small Group,19857,,,2
Aetna,CT,Self Funded/Employer Sponsored,378144,290099,CHIR_IDrecwCLGDesRaFkwcr-290099-AKAdvanced Contro,5
Aetna,DC,Large Group,96960,,,4
Aetna,DC,Self Funded/Employer Sponsored,67059,290099,CHIR_IDrecwCLGDesRaFkwcr-290099-AKAdvanced Contro,3
Aetna,DC,Small Group,65,,,1
Aetna,DE,Individual,5969,,,1
Aetna,DE,Large Group,994,,,1
Aetna,DE,Self Funded/Employer Sponsored,73720,290099,CHIR_IDrecwCLGDesRaFkwcr-290099-AKAdvanced Contro,3
Aetna,DE,Small Group,514,,,1
Aetna,FL,Individual,601945,,,5
Aetna,FL,Large Group,445209,,,5
Aetna,FL,Self Funded/Employer Sponsored,857532,290099,CHIR_IDrecwCLGDesRaFkwcr-290099-AKAdvanced Contro,5
Aetna,FL,Small Group,153921,,,4
Aetna,GA,Individual,131174,,,4
Aetna,GA,Large Group,83339,,,3
Aetna,GA,Self Funded/Employer Sponsored,418676,290099,CHIR_IDrecwCLGDesRaFkwcr-290099-AKAdvanced Contro,5
Aetna,GA,Small Group,105877,,,4
Aetna,HI,Self Funded/Employer Sponsored,9592,290099,CHIR_IDrecwCLGDesRaFkwcr-290099-AKAdvanced Contro,1
Aetna,IA,Self Funded/Employer Sponsored,55779,290099,CHIR_IDrecwCLGDesRaFkwcr-290099-AKAdvanced Contro,3
Aetna,ID,Self Funded/Employer Sponsored,49999,290099,CHIR_IDrecwCLGDesRaFkwcr-290099-AKAdvanced Contro,3
Aetna,IL,Individual,45511,,,3
Aetna,IL,Large Group,62026,,,3
Aetna,IL,Self Funded/Employer Sponsored,812430,290099,CHIR_IDrecwCLGDesRaFkwcr-290099-AKAdvanced Contro,5
Aetna,IL,Small Group,26915,,,2
Aetna,IN,Individual,6604,,,1
Aetna,IN,Self Funded/Employer Sponsored,175857,290099,CHIR_IDrecwCLGDesRaFkwcr-290099-AKAdvanced Contro,4
Aetna,KS,Individual,12995,,,2
Aetna,KS,Large Group,1079,,,1
Aetna,KS,Self Funded/Employer Sponsored,177639,290099,CHIR_IDrecwCLGDesRaFkwcr-290099-AKAdvanced Contro,4
Aetna,KY,Self Funded/Employer Sponsored,58362,290099,CHIR_IDrecwCLGDesRaFkwcr-290099-AKAdvanced Contro,3
Aetna,LA,Large Group,44290,,,3
Aetna,LA,Self Funded/Employer Sponsored,118854,290099,CHIR_IDrecwCLGDesRaFkwcr-290099-AKAdvanced Contro,4
Aetna,LA,Small Group,7978,,,1
Aetna,MA,Large Group,34921,,,2
Aetna,MA,Self Funded/Employer Sponsored,179689,290099,CHIR_IDrecwCLGDesRaFkwcr-290099-AKAdvanced Contro,4
Aetna,MD,Individual,7186,,,1
Aetna,MD,Large Group,65511,,,3
Aetna,MD,Self Funded/Employer Sponsored,533634,290099,CHIR_IDrecwCLGDesRaFkwcr-290099-AKAdvanced Contro,5
Aetna,MD,Small Group,40967,,,3
Aetna,ME,Large Group,2368,,,1
Aetna,ME,Self Funded/Employer Sponsored,130809,290099,CHIR_IDrecwCLGDesRaFkwcr-290099-AKAdvanced Contro,4
Aetna,MI,Large Group,61335,,,3
Aetna,MI,Self Funded/Employer Sponsored,268339,290099,CHIR_IDrecwCLGDesRaFkwcr-290099-AKAdvanced Contro,4
Aetna,MI,Small Group,3815,,,1
Aetna,MN,Large Group,4917,,,1
Aetna,MN,Self Funded/Employer Sponsored,83122,290099,CHIR_IDrecwCLGDesRaFkwcr-290099-AKAdvanced Contro,3
Aetna,MO,Self Funded/Employer Sponsored,337061,290099,CHIR_IDrecwCLGDesRaFkwcr-290099-AKAdvanced Contro,5
Aetna,MS,Large Group,16197,,,2
Aetna,MS,Self Funded/Employer Sponsored,79188,290099,CHIR_IDrecwCLGDesRaFkwcr-290099-AKAdvanced Contro,3
Aetna,MT,Self Funded/Employer Sponsored,33876,290099,CHIR_IDrecwCLGDesRaFkwcr-290099-AKAdvanced Contro,2
Aetna,NC,Individual,328604,,,5
Aetna,NC,Large Group,2034,,,1
Aetna,NC,Self Funded/Employer Sponsored,239473,290099,CHIR_IDrecwCLGDesRaFkwcr-290099-AKAdvanced Contro,4
Aetna,NC,Small Group,1250,,,1
Aetna,ND,Self Funded/Employer Sponsored,51518,290099,CHIR_IDrecwCLGDesRaFkwcr-290099-AKAdvanced Contro,3
Aetna,NE,Self Funded/Employer Sponsored,53999,290099,CHIR_IDrecwCLGDesRaFkwcr-290099-AKAdvanced Contro,3
Aetna,NH,Large Group,1756,,,1
Aetna,NH,Self Funded/Employer Sponsored,2964,290099,CHIR_IDrecwCLGDesRaFkwcr-290099-AKAdvanced Contro,1
Aetna,NH,Small Group,900,,,1
Aetna,NJ,Large Group,65192,,,3
Aetna,NJ,Self Funded/Employer Sponsored,961192,"290099, 290179","CHIR_IDrecwCLGDesRaFkwcr-290099-AKAdvanced Contro, CHIR_IDrec9ghBDY96gYPxhh-290179-NJNew Jersey Educ",5
Aetna,NJ,Small Group,38071,,,2
Aetna,NM,Self Funded/Employer Sponsored,25518,290099,CHIR_IDrecwCLGDesRaFkwcr-290099-AKAdvanced Contro,2
Aetna,NV,Individual,7299,,,1
Aetna,NV,Large Group,21180,,,2
Aetna,NV,Self Funded/Employer Sponsored,122894,290099,CHIR_IDrecwCLGDesRaFkwcr-290099-AKAdvanced Contro,4
Aetna,NV,Small Group,2034,,,1
Aetna,NY,Large Group,968770,,,5
Aetna,NY,Self Funded/Employer Sponsored,985870,290099,CHIR_IDrecwCLGDesRaFkwcr-290099-AKAdvanced Contro,5
Aetna,OH,Individual,24147,,,2
Aetna,OH,Large Group,22193,,,2
Aetna,OH,Self Funded/Employer Sponsored,533018,290099,CHIR_IDrecwCLGDesRaFkwcr-290099-AKAdvanced Contro,5
Aetna,OH,Small Group,336,,,1
Aetna,OK,Large Group,150,,,1
Aetna,OK,Self Funded/Employer Sponsored,185349,290099,CHIR_IDrecwCLGDesRaFkwcr-290099-AKAdvanced Contro,4
Aetna,OR,Large Group,50035,,,3
Aetna,OR,Self Funded/Employer Sponsored,259277,290099,CHIR_IDrecwCLGDesRaFkwcr-290099-AKAdvanced Contro,4
Aetna,OR,Small Group,44,,,1
Aetna,PA,Large Group,45597,,,3
Aetna,PA,Self Funded/Employer Sponsored,876274,290099,CHIR_IDrecwCLGDesRaFkwcr-290099-AKAdvanced Contro,5
Aetna,PA,Small Group,96429,,,4
Aetna,RI,Self Funded/Employer Sponsored,19441,290099,CHIR_IDrecwCLGDesRaFkwcr-290099-AKAdvanced Contro,2
Aetna,SC,Self Funded/Employer Sponsored,104383,290099,CHIR_IDrecwCLGDesRaFkwcr-290099-AKAdvanced Contro,4
Aetna,SC,Small Group,64,,,1
Aetna,SD,Large Group,1579,,,1
Aetna,SD,Self Funded/Employer Sponsored,14332,290099,CHIR_IDrecwCLGDesRaFkwcr-290099-AKAdvanced Contro,2
Aetna,SD,Small Group,3698,,,1
Aetna,TN,Self Funded/Employer Sponsored,244706,290099,CHIR_IDrecwCLGDesRaFkwcr-290099-AKAdvanced Contro,4
Aetna,TX,Individual,625877,,,5
Aetna,TX,Large Group,133054,,,4
Aetna,TX,Self Funded/Employer Sponsored,2445489,290099,CHIR_IDrecwCLGDesRaFkwcr-290099-AKAdvanced Contro,5
Aetna,TX,Small Group,67398,,,3
Aetna,UT,Individual,85723,,,3
Aetna,UT,Large Group,126642,,,4
Aetna,UT,Self Funded/Employer Sponsored,161219,290099,CHIR_IDrecwCLGDesRaFkwcr-290099-AKAdvanced Contro,4
Aetna,UT,Small Group,59873,,,3
Aetna,VA,Individual,30290,,,2
Aetna,VA,Large Group,41412,,,3
Aetna,VA,Self Funded/Employer Sponsored,597181,290099,CHIR_IDrecwCLGDesRaFkwcr-290099-AKAdvanced Contro,5
Aetna,VA,Small Group,28146,,,2
Aetna,VT,Self Funded/Employer Sponsored,15696,290099,CHIR_IDrecwCLGDesRaFkwcr-290099-AKAdvanced Contro,2
Aetna,WA,Large Group,333394,,,5
Aetna,WA,Self Funded/Employer Sponsored,318833,290099,CHIR_IDrecwCLGDesRaFkwcr-290099-AKAdvanced Contro,5
Aetna,WA,Small Group,172304,,,4
Aetna,WI,Self Funded/Employer Sponsored,144841,290099,CHIR_IDrecwCLGDesRaFkwcr-290099-AKAdvanced Contro,4
Aetna,WV,Self Funded/Employer Sponsored,91412,290099,CHIR_IDrecwCLGDesRaFkwcr-290099-AKAdvanced Contro,3
Aetna,WY,Self Funded/Employer Sponsored,15250,290099,CHIR_IDrecwCLGDesRaFkwcr-290099-AKAdvanced Contro,2
Anthem,CA,Individual,263556,,,4
Anthem,CA,Large Group,1035330,,,5
Anthem,CA,Self Funded/Employer Sponsored,2718462,,,5
Anthem,CA,Small Group,573455,,,5
Anthem,CO,Individual,91277,,,3
Anthem,CO,Large Group,91263,,,3
Anthem,CO,Self Funded/Employer Sponsored,818620,,,5
Anthem,CO,Small Group,27901,,,2
Anthem,CT,Individual,70638,,,3
Anthem,CT,Large Group,37792,,,2
Anthem,CT,Self Funded/Employer Sponsored,953031,,,5
Anthem,CT,Small Group,50692,,,3
Anthem,GA,Individual,61740,,,3
Anthem,GA,Large Group,120431,,,4
Anthem,GA,Self Funded/Employer Sponsored,1403991,,,5
Anthem,GA,Small Group,98652,,,4
Anthem,IN,Individual,103108,,,4
Anthem,IN,Large Group,132292,,,4
Anthem,IN,Self Funded/Employer Sponsored,5206433,,,5
Anthem,IN,Small Group,57018,,,3
Anthem,KY,Individual,53251,,,3
Anthem,KY,Large Group,146384,,,4
Anthem,KY,Self Funded/Employer Sponsored,310543,,,4
Anthem,KY,Small Group,80110,,,3
Anthem,LA,Individual,21442,,,2
Anthem,MA,Large Group,20930,,,2
Anthem,MA,Self Funded/Employer Sponsored,314997,,,4
Anthem,MA,Small Group,3955,,,1
Anthem,ME,Individual,28854,,,2
Anthem,ME,Large Group,80530,,,3
Anthem,ME,Self Funded/Employer Sponsored,467650,,,5
Anthem,ME,Small Group,11703,,,2
Anthem,MO,Individual,136849,,,4
Anthem,MO,Large Group,100191,,,4
Anthem,MO,Self Funded/Employer Sponsored,447625,,,5
Anthem,MO,Small Group,57891,,,3
Anthem,NH,Individual,55431,,,3
Anthem,NH,Large Group,82903,,,3
Anthem,NH,Self Funded/Employer Sponsored,113527,,,4
Anthem,NH,Small Group,1580,,,1
Anthem,NV,Individual,20680,,,2
Anthem,NV,Large Group,44674,,,3
Anthem,NV,Self Funded/Employer Sponsored,21319,,,2
Anthem,NV,Small Group,21032,,,2
Anthem,NY,Large Group,209984,,,4
Anthem,NY,Self Funded/Employer Sponsored,1330036,,,5
Anthem,NY,Small Group,6427,,,1
Anthem,OH,Individual,103621,,,4
Anthem,OH,Large Group,63851,,,3
Anthem,OH,Self Funded/Employer Sponsored,2726725,,,5
Anthem,OH,Small Group,220799,,,4
Anthem,OR,Large Group,152,,,1
Anthem,OR,Self Funded/Employer Sponsored,10703,,,1
Anthem,VA,Individual,178928,,,4
Anthem,VA,Large Group,190516,,,4
Anthem,VA,Self Funded/Employer Sponsored,3067310,,,5
Anthem,VA,Small Group,61965,,,3
Anthem,WI,Individual,76278,,,3
Anthem,WI,Large Group,48186,,,3
Anthem,WI,Self Funded/Employer Sponsored,618623,,,5
Anthem,WI,Small Group,54794,,,3
Blue Shield California,CA,Individual,702999,,,5
Blue Shield California,CA,Large Group,909568,,,5
Blue Shield California,CA,Self Funded/Employer Sponsored,1219824,198183,CHIR_IDrecthjnRCE5vRUEYp-198183-AKValue Drug Form,5
Blue Shield California,CA,Small Group,399545,,,5
Cigna,AK,Self Funded/Employer Sponsored,16398,"316783, 286395, 136993, 268516, 136991, 268479, 268488, 198422, 268477, 268489, 136990, 268513, 151892, 136992, 268511, 268502, 198426, 268528, 268503, 268529, 268530, 286394, 268535, 268534, 268533, 290284, 268532, 268518, 316780, 316781, 316782, 316785","CHIR_IDrecJUkHMhy9wFydai-316783-AKCigna National , CHIR_IDrecLeYx1W3KeMjAbG-286395-AKStandard Plus P, CHIR_IDrec19rlq1vtNSOYbr-136993-AKCigna Advantage, CHIR_IDrecSc9PHbFNuB92wa-268516-AKCigna Total Sav, CHIR_IDrecopGdpAEow8JYII-136991-AKCigna Performan, CHIR_IDrecFKQWY0a58xrntl-268479-AKCigna Specialty, CHIR_IDrecalp2Vf0dSYE8zP-268488-AKCigna Value 4-T, CHIR_IDrecrSc38zq5JJ64ol-198422-AKCigna Legacy (S, CHIR_IDrecSlQXSljxNDjwxP-268477-AKCigna Standard , CHIR_IDrecvhsz05Tb03gEcw-268489-AKCigna Specialty, CHIR_IDrecJd5kD6r5l5kdhh-136990-AKCigna Performan, CHIR_IDrec12S6n89bo0pR1H-268513-AKCigna Legacy (P, CHIR_IDrecl2FUMKjFmSeaLa-151892-AKCigna Standard , CHIR_IDrech1mbeY7bu1smZ5-136992-AKCigna Advantage, CHIR_IDrecQ40lXEB3LnrTmV-268511-AKCigna Legacy (P, CHIR_IDreceJlrorRcUoCUC9-268502-AKCigna Legacy (S, CHIR_IDrecbPqYntfpVpF3T2-198426-AKCigna Value 3-T, CHIR_IDrecuANwgvoPFcpMrm-268528-AKStandard and Pe, CHIR_IDrecLhChQdPINtnJPv-268503-AKCigna Specialty, CHIR_IDrecHL5acZB4MwThLP-268529-AKValue and Advan, CHIR_IDrecIjID5czWzbR1pX-268530-AKLegacy (Standar, CHIR_IDrec9TSEoHzm9YHyfK-286394-AKStandard Plan G, CHIR_IDreccbA3CpSYRKM9Bt-268535-AKStandard Preven, CHIR_IDrecy6gS3Y8oF9iVFd-268534-AKValue and Advan, CHIR_IDreceaPYwYqvhwfdbY-268533-AKLegacy (Standar, CHIR_IDrec9lezhyppiduMS8-290284-AKLegacy Diabetic, CHIR_IDrecz2TOibqNJzGEDX-268532-AKStandard and Pe, CHIR_IDrecRDqVEDerLMP7jF-268518-AKCigna National , CHIR_IDrec69p4dVMkC7nJwK-316780-AKCigna National , CHIR_IDrecbkHlq7SP7Ogt7i-316781-AKCigna National , CHIR_IDrecvcjPMepVksvuhe-316782-AKCigna National , CHIR_IDrecb56e5cJCQ6Hmf5-316785-AKCigna National ",2
Cigna,AL,Self Funded/Employer Sponsored,102118,"316783, 286395, 136993, 268516, 136991, 268479, 268488, 198422, 268477, 268489, 136990, 268513, 151892, 136992, 268511, 268502, 198426, 268528, 268503, 268529, 268530, 286394, 268535, 268534, 268533, 290284, 268532, 268518, 316780, 316781, 316782, 316785","CHIR_IDrecJUkHMhy9wFydai-316783-AKCigna National , CHIR_IDrecLeYx1W3KeMjAbG-286395-AKStandard Plus P, CHIR_IDrec19rlq1vtNSOYbr-136993-AKCigna Advantage, CHIR_IDrecSc9PHbFNuB92wa-268516-AKCigna Total Sav, CHIR_IDrecopGdpAEow8JYII-136991-AKCigna Performan, CHIR_IDrecFKQWY0a58xrntl-268479-AKCigna Specialty, CHIR_IDrecalp2Vf0dSYE8zP-268488-AKCigna Value 4-T, CHIR_IDrecrSc38zq5JJ64ol-198422-AKCigna Legacy (S, CHIR_IDrecSlQXSljxNDjwxP-268477-AKCigna Standard , CHIR_IDrecvhsz05Tb03gEcw-268489-AKCigna Specialty, CHIR_IDrecJd5kD6r5l5kdhh-136990-AKCigna Performan, CHIR_IDrec12S6n89bo0pR1H-268513-AKCigna Legacy (P, CHIR_IDrecl2FUMKjFmSeaLa-151892-AKCigna Standard , CHIR_IDrech1mbeY7bu1smZ5-136992-AKCigna Advantage, CHIR_IDrecQ40lXEB3LnrTmV-268511-AKCigna Legacy (P, CHIR_IDreceJlrorRcUoCUC9-268502-AKCigna Legacy (S, CHIR_IDrecbPqYntfpVpF3T2-198426-AKCigna Value 3-T, CHIR_IDrecuANwgvoPFcpMrm-268528-AKStandard and Pe, CHIR_IDrecLhChQdPINtnJPv-268503-AKCigna Specialty, CHIR_IDrecHL5acZB4MwThLP-268529-AKValue and Advan, CHIR_IDrecIjID5czWzbR1pX-268530-AKLegacy (Standar, CHIR_IDrec9TSEoHzm9YHyfK-286394-AKStandard Plan G, CHIR_IDreccbA3CpSYRKM9Bt-268535-AKStandard Preven, CHIR_IDrecy6gS3Y8oF9iVFd-268534-AKValue and Advan, CHIR_IDreceaPYwYqvhwfdbY-268533-AKLegacy (Standar, CHIR_IDrec9lezhyppiduMS8-290284-AKLegacy Diabetic, CHIR_IDrecz2TOibqNJzGEDX-268532-AKStandard and Pe, CHIR_IDrecRDqVEDerLMP7jF-268518-AKCigna National , CHIR_IDrec69p4dVMkC7nJwK-316780-AKCigna National , CHIR_IDrecbkHlq7SP7Ogt7i-316781-AKCigna National , CHIR_IDrecvcjPMepVksvuhe-316782-AKCigna National , CHIR_IDrecb56e5cJCQ6Hmf5-316785-AKCigna National ",4
Cigna,AR,Self Funded/Employer Sponsored,97360,"316783, 286395, 136993, 268516, 136991, 268479, 268488, 198422, 268477, 268489, 136990, 268513, 151892, 136992, 268511, 268502, 198426, 268528, 268503, 268529, 268530, 286394, 268535, 268534, 268533, 290284, 268532, 268518, 316780, 316781, 316782, 316785","CHIR_IDrecJUkHMhy9wFydai-316783-AKCigna National , CHIR_IDrecLeYx1W3KeMjAbG-286395-AKStandard Plus P, CHIR_IDrec19rlq1vtNSOYbr-136993-AKCigna Advantage, CHIR_IDrecSc9PHbFNuB92wa-268516-AKCigna Total Sav, CHIR_IDrecopGdpAEow8JYII-136991-AKCigna Performan, CHIR_IDrecFKQWY0a58xrntl-268479-AKCigna Specialty, CHIR_IDrecalp2Vf0dSYE8zP-268488-AKCigna Value 4-T, CHIR_IDrecrSc38zq5JJ64ol-198422-AKCigna Legacy (S, CHIR_IDrecSlQXSljxNDjwxP-268477-AKCigna Standard , CHIR_IDrecvhsz05Tb03gEcw-268489-AKCigna Specialty, CHIR_IDrecJd5kD6r5l5kdhh-136990-AKCigna Performan, CHIR_IDrec12S6n89bo0pR1H-268513-AKCigna Legacy (P, CHIR_IDrecl2FUMKjFmSeaLa-151892-AKCigna Standard , CHIR_IDrech1mbeY7bu1smZ5-136992-AKCigna Advantage, CHIR_IDrecQ40lXEB3LnrTmV-268511-AKCigna Legacy (P, CHIR_IDreceJlrorRcUoCUC9-268502-AKCigna Legacy (S, CHIR_IDrecbPqYntfpVpF3T2-198426-AKCigna Value 3-T, CHIR_IDrecuANwgvoPFcpMrm-268528-AKStandard and Pe, CHIR_IDrecLhChQdPINtnJPv-268503-AKCigna Specialty, CHIR_IDrecHL5acZB4MwThLP-268529-AKValue and Advan, CHIR_IDrecIjID5czWzbR1pX-268530-AKLegacy (Standar, CHIR_IDrec9TSEoHzm9YHyfK-286394-AKStandard Plan G, CHIR_IDreccbA3CpSYRKM9Bt-268535-AKStandard Preven, CHIR_IDrecy6gS3Y8oF9iVFd-268534-AKValue and Advan, CHIR_IDreceaPYwYqvhwfdbY-268533-AKLegacy (Standar, CHIR_IDrec9lezhyppiduMS8-290284-AKLegacy Diabetic, CHIR_IDrecz2TOibqNJzGEDX-268532-AKStandard and Pe, CHIR_IDrecRDqVEDerLMP7jF-268518-AKCigna National , CHIR_IDrec69p4dVMkC7nJwK-316780-AKCigna National , CHIR_IDrecbkHlq7SP7Ogt7i-316781-AKCigna National , CHIR_IDrecvcjPMepVksvuhe-316782-AKCigna National , CHIR_IDrecb56e5cJCQ6Hmf5-316785-AKCigna National ",4
Cigna,AZ,Individual,20712,,,2
Cigna,AZ,Large Group,40155,,,3
Cigna,AZ,Self Funded/Employer Sponsored,352125,"301799, 316783, 315720, 199850, 286395, 136993, 268516, 136991, 268479, 268488, 198422, 268477, 268489, 136990, 268513, 151892, 136992, 268511, 268502, 198426, 268528, 268503, 268529, 268530, 286394, 268535, 268534, 268533, 290284, 268532, 268518, 316780, 316781, 316782, 316785","CHIR_IDrec8XHi8XHpAmgl09-301799-AZOscar and Cigna, CHIR_IDrecJUkHMhy9wFydai-316783-AKCigna National , CHIR_IDrec7AIzuLz4CznuBE-315720-AZCigna Premiere , CHIR_IDrec1TkkGpQ2uF6bDK-199850-AZCigna Rx Premie, CHIR_IDrecLeYx1W3KeMjAbG-286395-AKStandard Plus P, CHIR_IDrec19rlq1vtNSOYbr-136993-AKCigna Advantage, CHIR_IDrecSc9PHbFNuB92wa-268516-AKCigna Total Sav, CHIR_IDrecopGdpAEow8JYII-136991-AKCigna Performan, CHIR_IDrecFKQWY0a58xrntl-268479-AKCigna Specialty, CHIR_IDrecalp2Vf0dSYE8zP-268488-AKCigna Value 4-T, CHIR_IDrecrSc38zq5JJ64ol-198422-AKCigna Legacy (S, CHIR_IDrecSlQXSljxNDjwxP-268477-AKCigna Standard , CHIR_IDrecvhsz05Tb03gEcw-268489-AKCigna Specialty, CHIR_IDrecJd5kD6r5l5kdhh-136990-AKCigna Performan, CHIR_IDrec12S6n89bo0pR1H-268513-AKCigna Legacy (P, CHIR_IDrecl2FUMKjFmSeaLa-151892-AKCigna Standard , CHIR_IDrech1mbeY7bu1smZ5-136992-AKCigna Advantage, CHIR_IDrecQ40lXEB3LnrTmV-268511-AKCigna Legacy (P, CHIR_IDreceJlrorRcUoCUC9-268502-AKCigna Legacy (S, CHIR_IDrecbPqYntfpVpF3T2-198426-AKCigna Value 3-T, CHIR_IDrecuANwgvoPFcpMrm-268528-AKStandard and Pe, CHIR_IDrecLhChQdPINtnJPv-268503-AKCigna Specialty, CHIR_IDrecHL5acZB4MwThLP-268529-AKValue and Advan, CHIR_IDrecIjID5czWzbR1pX-268530-AKLegacy (Standar, CHIR_IDrec9TSEoHzm9YHyfK-286394-AKStandard Plan G, CHIR_IDreccbA3CpSYRKM9Bt-268535-AKStandard Preven, CHIR_IDrecy6gS3Y8oF9iVFd-268534-AKValue and Advan, CHIR_IDreceaPYwYqvhwfdbY-268533-AKLegacy (Standar, CHIR_IDrec9lezhyppiduMS8-290284-AKLegacy Diabetic, CHIR_IDrecz2TOibqNJzGEDX-268532-AKStandard and Pe, CHIR_IDrecRDqVEDerLMP7jF-268518-AKCigna National , CHIR_IDrec69p4dVMkC7nJwK-316780-AKCigna National , CHIR_IDrecbkHlq7SP7Ogt7i-316781-AKCigna National , CHIR_IDrecvcjPMepVksvuhe-316782-AKCigna National , CHIR_IDrecb56e5cJCQ6Hmf5-316785-AKCigna National ",5
Cigna,CA,Large Group,107238,,,4
Cigna,CA,Self Funded/Employer Sponsored,887262,"316796, 316797, 316787, 316786, 316788, 301803, 316794, 316783, 316793, 316789, 316792, 268519, 268520, 286395, 268501, 268500, 268497, 268498, 268514, 268515, 268496, 268491, 268493, 268481, 268486, 268492, 268494, 268495, 268483, 268482, 268504, 268505, 268510, 268509, 268507, 268506, 136993, 268516, 136991, 268479, 268485, 268488, 198422, 268477, 268489, 136990, 268513, 151892, 136992, 268511, 268502, 198426, 268528, 268503, 268529, 268530, 286394, 268535, 268517, 268484, 316791, 268534, 268533, 290284, 268532, 268518, 316780, 316781, 316782, 316785","CHIR_IDrecCKd9ou6oLEKtG8-316796-CACigna National , CHIR_IDrec2wHHlTA6YHpzo6-316797-CACigna National , CHIR_IDrecFVf6CGLVgwPnNp-316787-CACigna National , CHIR_IDrecz9PX0eb2hqzpIV-316786-CACigna National , CHIR_IDrecjT083Nk14tOagv-316788-CACigna National , CHIR_IDrecYMNmvk80tSBU2X-301803-CAOscar and Cigna, CHIR_IDreca9XzQkdTf86EUo-316794-CACigna National , CHIR_IDrecJUkHMhy9wFydai-316783-AKCigna National , CHIR_IDrecZp60qazvEOCOIe-316793-CACigna National , CHIR_IDrecwKFCq7JLOuT0Bi-316789-CACigna National , CHIR_IDrecusdGJp8vXTL9qw-316792-CACigna National , CHIR_IDrec3JRUHq6kAMUXBe-268519-CACigna National , CHIR_IDrecx3sTGQuwDRV5AK-268520-CACigna National , CHIR_IDrecLeYx1W3KeMjAbG-286395-AKStandard Plus P, CHIR_IDrectHaioBXOsI6cqX-268501-CACigna Advantage, CHIR_IDreco8dzvWMiavZF7e-268500-CACigna Advantage, CHIR_IDrec5boxnyE0YH8kjB-268497-CACigna Performan, CHIR_IDrecsyKu9FxwVFcOyd-268498-CACigna Performan, CHIR_IDrecLf3fWd431A9nHM-268514-CACigna Legacy (P, CHIR_IDrecYVBm9MdEPWXQeU-268515-CACigna Legacy (P, CHIR_IDrecnYvV4HVyFnTJWs-268496-CACigna Specialty, CHIR_IDrecsV0fdNb8FvaEPw-268491-CACigna Value 3-T, CHIR_IDrecOujHsueib5cDzA-268493-CACigna Value 4-T, CHIR_IDrecmnXCnXMOZRdmLV-268481-CACigna Standard , CHIR_IDreczN89f6WNs77hqx-268486-CACigna Specialty, CHIR_IDrecsVOQur4ZI5L2A9-268492-CACigna Value 3-T, CHIR_IDrecIfPO3U7ZvTTZCs-268494-CACigna Value 4-T, CHIR_IDrecsPx1FO1IQwUgn1-268495-CACigna Specialty, CHIR_IDrecLamNQ2VlIRIz2r-268483-CACigna Standard , CHIR_IDrecynhegPVjTmxsw5-268482-CACigna Standard , CHIR_IDrec4Qr94xDlYrbRga-268504-CACigna Legacy (S, CHIR_IDrecF2s1rGKZjNLRgl-268505-CACigna Legacy (S, CHIR_IDrecBE4b7RoZccHPkC-268510-CACigna Specialty, CHIR_IDrecRiX2gUWorPfloW-268509-CACigna Specialty, CHIR_IDrecdXPtGEJHO8qAel-268507-CACigna Legacy (S, CHIR_IDrecIVRi7gup9Oe04p-268506-CACigna Legacy (S, CHIR_IDrec19rlq1vtNSOYbr-136993-AKCigna Advantage, CHIR_IDrecSc9PHbFNuB92wa-268516-AKCigna Total Sav, CHIR_IDrecopGdpAEow8JYII-136991-AKCigna Performan, CHIR_IDrecFKQWY0a58xrntl-268479-AKCigna Specialty, CHIR_IDrec2htHm6fFJXcnVe-268485-CACigna Specialty, CHIR_IDrecalp2Vf0dSYE8zP-268488-AKCigna Value 4-T, CHIR_IDrecrSc38zq5JJ64ol-198422-AKCigna Legacy (S, CHIR_IDrecSlQXSljxNDjwxP-268477-AKCigna Standard , CHIR_IDrecvhsz05Tb03gEcw-268489-AKCigna Specialty, CHIR_IDrecJd5kD6r5l5kdhh-136990-AKCigna Performan, CHIR_IDrec12S6n89bo0pR1H-268513-AKCigna Legacy (P, CHIR_IDrecl2FUMKjFmSeaLa-151892-AKCigna Standard , CHIR_IDrech1mbeY7bu1smZ5-136992-AKCigna Advantage, CHIR_IDrecQ40lXEB3LnrTmV-268511-AKCigna Legacy (P, CHIR_IDreceJlrorRcUoCUC9-268502-AKCigna Legacy (S, CHIR_IDrecbPqYntfpVpF3T2-198426-AKCigna Value 3-T, CHIR_IDrecuANwgvoPFcpMrm-268528-AKStandard and Pe, CHIR_IDrecLhChQdPINtnJPv-268503-AKCigna Specialty, CHIR_IDrecHL5acZB4MwThLP-268529-AKValue and Advan, CHIR_IDrecIjID5czWzbR1pX-268530-AKLegacy (Standar, CHIR_IDrec9TSEoHzm9YHyfK-286394-AKStandard Plan G, CHIR_IDreccbA3CpSYRKM9Bt-268535-AKStandard Preven, CHIR_IDrec71qAIVXcOAfMpZ-268517-CACigna Total Sav, CHIR_IDreck4PQrMrU1HNgAH-268484-CACigna Standard , CHIR_IDrechaSNIScHw2dU0W-316791-CACigna National , CHIR_IDrecy6gS3Y8oF9iVFd-268534-AKValue and Advan, CHIR_IDreceaPYwYqvhwfdbY-268533-AKLegacy (Standar, CHIR_IDrec9lezhyppiduMS8-290284-AKLegacy Diabetic, CHIR_IDrecz2TOibqNJzGEDX-268532-AKStandard and Pe, CHIR_IDrecRDqVEDerLMP7jF-268518-AKCigna National , CHIR_IDrec69p4dVMkC7nJwK-316780-AKCigna National , CHIR_IDrecbkHlq7SP7Ogt7i-316781-AKCigna National , CHIR_IDrecvcjPMepVksvuhe-316782-AKCigna National , CHIR_IDrecb56e5cJCQ6Hmf5-316785-AKCigna National ",5
Cigna,CO,Individual,18608,,,2
Cigna,CO,Large Group,39794,,,3
Cigna,CO,Self Funded/Employer Sponsored,563495,"316783, 199851, 286395, 136993, 268516, 136991, 268479, 268488, 198422, 268477, 268489, 136990, 268513, 151892, 136992, 268511, 268502, 198426, 268528, 268503, 268529, 268530, 286394, 268535, 268534, 268533, 290284, 268532, 268518, 316780, 316781, 316782, 316785","CHIR_IDrecJUkHMhy9wFydai-316783-AKCigna National , CHIR_IDrecu6kCoiBjWI3ilg-199851-COCigna Rx Essent, CHIR_IDrecLeYx1W3KeMjAbG-286395-AKStandard Plus P, CHIR_IDrec19rlq1vtNSOYbr-136993-AKCigna Advantage, CHIR_IDrecSc9PHbFNuB92wa-268516-AKCigna Total Sav, CHIR_IDrecopGdpAEow8JYII-136991-AKCigna Performan, CHIR_IDrecFKQWY0a58xrntl-268479-AKCigna Specialty, CHIR_IDrecalp2Vf0dSYE8zP-268488-AKCigna Value 4-T, CHIR_IDrecrSc38zq5JJ64ol-198422-AKCigna Legacy (S, CHIR_IDrecSlQXSljxNDjwxP-268477-AKCigna Standard , CHIR_IDrecvhsz05Tb03gEcw-268489-AKCigna Specialty, CHIR_IDrecJd5kD6r5l5kdhh-136990-AKCigna Performan, CHIR_IDrec12S6n89bo0pR1H-268513-AKCigna Legacy (P, CHIR_IDrecl2FUMKjFmSeaLa-151892-AKCigna Standard , CHIR_IDrech1mbeY7bu1smZ5-136992-AKCigna Advantage, CHIR_IDrecQ40lXEB3LnrTmV-268511-AKCigna Legacy (P, CHIR_IDreceJlrorRcUoCUC9-268502-AKCigna Legacy (S, CHIR_IDrecbPqYntfpVpF3T2-198426-AKCigna Value 3-T, CHIR_IDrecuANwgvoPFcpMrm-268528-AKStandard and Pe, CHIR_IDrecLhChQdPINtnJPv-268503-AKCigna Specialty, CHIR_IDrecHL5acZB4MwThLP-268529-AKValue and Advan, CHIR_IDrecIjID5czWzbR1pX-268530-AKLegacy (Standar, CHIR_IDrec9TSEoHzm9YHyfK-286394-AKStandard Plan G, CHIR_IDreccbA3CpSYRKM9Bt-268535-AKStandard Preven, CHIR_IDrecy6gS3Y8oF9iVFd-268534-AKValue and Advan, CHIR_IDreceaPYwYqvhwfdbY-268533-AKLegacy (Standar, CHIR_IDrec9lezhyppiduMS8-290284-AKLegacy Diabetic, CHIR_IDrecz2TOibqNJzGEDX-268532-AKStandard and Pe, CHIR_IDrecRDqVEDerLMP7jF-268518-AKCigna National , CHIR_IDrec69p4dVMkC7nJwK-316780-AKCigna National , CHIR_IDrecbkHlq7SP7Ogt7i-316781-AKCigna National , CHIR_IDrecvcjPMepVksvuhe-316782-AKCigna National , CHIR_IDrecb56e5cJCQ6Hmf5-316785-AKCigna National ",5
Cigna,CT,Large Group,45158,,,3
Cigna,CT,Self Funded/Employer Sponsored,352200,"301806, 316783, 286395, 136993, 268516, 136991, 268479, 268488, 198422, 268477, 268489, 136990, 268513, 151892, 136992, 268511, 268502, 198426, 268528, 268503, 268529, 268530, 286394, 268535, 268534, 268533, 290284, 268532, 268518, 316780, 316781, 316782, 316785","CHIR_IDrecavtiNO8tA0sADe-301806-CTOscar and Cigna, CHIR_IDrecJUkHMhy9wFydai-316783-AKCigna National , CHIR_IDrecLeYx1W3KeMjAbG-286395-AKStandard Plus P, CHIR_IDrec19rlq1vtNSOYbr-136993-AKCigna Advantage, CHIR_IDrecSc9PHbFNuB92wa-268516-AKCigna Total Sav, CHIR_IDrecopGdpAEow8JYII-136991-AKCigna Performan, CHIR_IDrecFKQWY0a58xrntl-268479-AKCigna Specialty, CHIR_IDrecalp2Vf0dSYE8zP-268488-AKCigna Value 4-T, CHIR_IDrecrSc38zq5JJ64ol-198422-AKCigna Legacy (S, CHIR_IDrecSlQXSljxNDjwxP-268477-AKCigna Standard , CHIR_IDrecvhsz05Tb03gEcw-268489-AKCigna Specialty, CHIR_IDrecJd5kD6r5l5kdhh-136990-AKCigna Performan, CHIR_IDrec12S6n89bo0pR1H-268513-AKCigna Legacy (P, CHIR_IDrecl2FUMKjFmSeaLa-151892-AKCigna Standard , CHIR_IDrech1mbeY7bu1smZ5-136992-AKCigna Advantage, CHIR_IDrecQ40lXEB3LnrTmV-268511-AKCigna Legacy (P, CHIR_IDreceJlrorRcUoCUC9-268502-AKCigna Legacy (S, CHIR_IDrecbPqYntfpVpF3T2-198426-AKCigna Value 3-T, CHIR_IDrecuANwgvoPFcpMrm-268528-AKStandard and Pe, CHIR_IDrecLhChQdPINtnJPv-268503-AKCigna Specialty, CHIR_IDrecHL5acZB4MwThLP-268529-AKValue and Advan, CHIR_IDrecIjID5czWzbR1pX-268530-AKLegacy (Standar, CHIR_IDrec9TSEoHzm9YHyfK-286394-AKStandard Plan G, CHIR_IDreccbA3CpSYRKM9Bt-268535-AKStandard Preven, CHIR_IDrecy6gS3Y8oF9iVFd-268534-AKValue and Advan, CHIR_IDreceaPYwYqvhwfdbY-268533-AKLegacy (Standar, CHIR_IDrec9lezhyppiduMS8-290284-AKLegacy Diabetic, CHIR_IDrecz2TOibqNJzGEDX-268532-AKStandard and Pe, CHIR_IDrecRDqVEDerLMP7jF-268518-AKCigna National , CHIR_IDrec69p4dVMkC7nJwK-316780-AKCigna National , CHIR_IDrecbkHlq7SP7Ogt7i-316781-AKCigna National , CHIR_IDrecvcjPMepVksvuhe-316782-AKCigna National , CHIR_IDrecb56e5cJCQ6Hmf5-316785-AKCigna National ",5
Cigna,DC,Large Group,32160,,,2
Cigna,DC,Self Funded/Employer Sponsored,35242,"316783, 286395, 136993, 268516, 136991, 268479, 268488, 198422, 268477, 268489, 136990, 268513, 151892, 136992, 268511, 268502, 198426, 268528, 268503, 268529, 268530, 286394, 268535, 268534, 268533, 290284, 268532, 268518, 316780, 316781, 316782, 316785","CHIR_IDrecJUkHMhy9wFydai-316783-AKCigna National , CHIR_IDrecLeYx1W3KeMjAbG-286395-AKStandard Plus P, CHIR_IDrec19rlq1vtNSOYbr-136993-AKCigna Advantage, CHIR_IDrecSc9PHbFNuB92wa-268516-AKCigna Total Sav, CHIR_IDrecopGdpAEow8JYII-136991-AKCigna Performan, CHIR_IDrecFKQWY0a58xrntl-268479-AKCigna Specialty, CHIR_IDrecalp2Vf0dSYE8zP-268488-AKCigna Value 4-T, CHIR_IDrecrSc38zq5JJ64ol-198422-AKCigna Legacy (S, CHIR_IDrecSlQXSljxNDjwxP-268477-AKCigna Standard , CHIR_IDrecvhsz05Tb03gEcw-268489-AKCigna Specialty, CHIR_IDrecJd5kD6r5l5kdhh-136990-AKCigna Performan, CHIR_IDrec12S6n89bo0pR1H-268513-AKCigna Legacy (P, CHIR_IDrecl2FUMKjFmSeaLa-151892-AKCigna Standard , CHIR_IDrech1mbeY7bu1smZ5-136992-AKCigna Advantage, CHIR_IDrecQ40lXEB3LnrTmV-268511-AKCigna Legacy (P, CHIR_IDreceJlrorRcUoCUC9-268502-AKCigna Legacy (S, CHIR_IDrecbPqYntfpVpF3T2-198426-AKCigna Value 3-T, CHIR_IDrecuANwgvoPFcpMrm-268528-AKStandard and Pe, CHIR_IDrecLhChQdPINtnJPv-268503-AKCigna Specialty, CHIR_IDrecHL5acZB4MwThLP-268529-AKValue and Advan, CHIR_IDrecIjID5czWzbR1pX-268530-AKLegacy (Standar, CHIR_IDrec9TSEoHzm9YHyfK-286394-AKStandard Plan G, CHIR_IDreccbA3CpSYRKM9Bt-268535-AKStandard Preven, CHIR_IDrecy6gS3Y8oF9iVFd-268534-AKValue and Advan, CHIR_IDreceaPYwYqvhwfdbY-268533-AKLegacy (Standar, CHIR_IDrec9lezhyppiduMS8-290284-AKLegacy Diabetic, CHIR_IDrecz2TOibqNJzGEDX-268532-AKStandard and Pe, CHIR_IDrecRDqVEDerLMP7jF-268518-AKCigna National , CHIR_IDrec69p4dVMkC7nJwK-316780-AKCigna National , CHIR_IDrecbkHlq7SP7Ogt7i-316781-AKCigna National , CHIR_IDrecvcjPMepVksvuhe-316782-AKCigna National , CHIR_IDrecb56e5cJCQ6Hmf5-316785-AKCigna National ",2
Cigna,DE,Large Group,161762,,,4
Cigna,DE,Self Funded/Employer Sponsored,46945,"316783, 286395, 136993, 268516, 136991, 268479, 268488, 198422, 268477, 268489, 136990, 268513, 151892, 136992, 268511, 268502, 198426, 268528, 268503, 268529, 268530, 286394, 268535, 268534, 268533, 290284, 268532, 268518, 316780, 316781, 316782, 316785","CHIR_IDrecJUkHMhy9wFydai-316783-AKCigna National , CHIR_IDrecLeYx1W3KeMjAbG-286395-AKStandard Plus P, CHIR_IDrec19rlq1vtNSOYbr-136993-AKCigna Advantage, CHIR_IDrecSc9PHbFNuB92wa-268516-AKCigna Total Sav, CHIR_IDrecopGdpAEow8JYII-136991-AKCigna Performan, CHIR_IDrecFKQWY0a58xrntl-268479-AKCigna Specialty, CHIR_IDrecalp2Vf0dSYE8zP-268488-AKCigna Value 4-T, CHIR_IDrecrSc38zq5JJ64ol-198422-AKCigna Legacy (S, CHIR_IDrecSlQXSljxNDjwxP-268477-AKCigna Standard , CHIR_IDrecvhsz05Tb03gEcw-268489-AKCigna Specialty, CHIR_IDrecJd5kD6r5l5kdhh-136990-AKCigna Performan, CHIR_IDrec12S6n89bo0pR1H-268513-AKCigna Legacy (P, CHIR_IDrecl2FUMKjFmSeaLa-151892-AKCigna Standard , CHIR_IDrech1mbeY7bu1smZ5-136992-AKCigna Advantage, CHIR_IDrecQ40lXEB3LnrTmV-268511-AKCigna Legacy (P, CHIR_IDreceJlrorRcUoCUC9-268502-AKCigna Legacy (S, CHIR_IDrecbPqYntfpVpF3T2-198426-AKCigna Value 3-T, CHIR_IDrecuANwgvoPFcpMrm-268528-AKStandard and Pe, CHIR_IDrecLhChQdPINtnJPv-268503-AKCigna Specialty, CHIR_IDrecHL5acZB4MwThLP-268529-AKValue and Advan, CHIR_IDrecIjID5czWzbR1pX-268530-AKLegacy (Standar, CHIR_IDrec9TSEoHzm9YHyfK-286394-AKStandard Plan G, CHIR_IDreccbA3CpSYRKM9Bt-268535-AKStandard Preven, CHIR_IDrecy6gS3Y8oF9iVFd-268534-AKValue and Advan, CHIR_IDreceaPYwYqvhwfdbY-268533-AKLegacy (Standar, CHIR_IDrec9lezhyppiduMS8-290284-AKLegacy Diabetic, CHIR_IDrecz2TOibqNJzGEDX-268532-AKStandard and Pe, CHIR_IDrecRDqVEDerLMP7jF-268518-AKCigna National , CHIR_IDrec69p4dVMkC7nJwK-316780-AKCigna National , CHIR_IDrecbkHlq7SP7Ogt7i-316781-AKCigna National , CHIR_IDrecvcjPMepVksvuhe-316782-AKCigna National , CHIR_IDrecb56e5cJCQ6Hmf5-316785-AKCigna National ",3
Cigna,FL,Individual,48332,,,3
Cigna,FL,Large Group,91368,,,3
Cigna,FL,Self Funded/Employer Sponsored,1174017,"316783, 199852, 315721, 286395, 136993, 268516, 136991, 268479, 268488, 198422, 268477, 268489, 136990, 268513, 151892, 136992, 268511, 268502, 198426, 268528, 268503, 268529, 268530, 286394, 268535, 268534, 268533, 290284, 268532, 268518, 316780, 316781, 316782, 316785","CHIR_IDrecJUkHMhy9wFydai-316783-AKCigna National , CHIR_IDrecSGoB9fMDWK7rxb-199852-FLCigna Rx Plus 5, CHIR_IDrecd4qtuaL8eFOiQO-315721-FLCigna Plus 4-Ti, CHIR_IDrecLeYx1W3KeMjAbG-286395-AKStandard Plus P, CHIR_IDrec19rlq1vtNSOYbr-136993-AKCigna Advantage, CHIR_IDrecSc9PHbFNuB92wa-268516-AKCigna Total Sav, CHIR_IDrecopGdpAEow8JYII-136991-AKCigna Performan, CHIR_IDrecFKQWY0a58xrntl-268479-AKCigna Specialty, CHIR_IDrecalp2Vf0dSYE8zP-268488-AKCigna Value 4-T, CHIR_IDrecrSc38zq5JJ64ol-198422-AKCigna Legacy (S, CHIR_IDrecSlQXSljxNDjwxP-268477-AKCigna Standard , CHIR_IDrecvhsz05Tb03gEcw-268489-AKCigna Specialty, CHIR_IDrecJd5kD6r5l5kdhh-136990-AKCigna Performan, CHIR_IDrec12S6n89bo0pR1H-268513-AKCigna Legacy (P, CHIR_IDrecl2FUMKjFmSeaLa-151892-AKCigna Standard , CHIR_IDrech1mbeY7bu1smZ5-136992-AKCigna Advantage, CHIR_IDrecQ40lXEB3LnrTmV-268511-AKCigna Legacy (P, CHIR_IDreceJlrorRcUoCUC9-268502-AKCigna Legacy (S, CHIR_IDrecbPqYntfpVpF3T2-198426-AKCigna Value 3-T, CHIR_IDrecuANwgvoPFcpMrm-268528-AKStandard and Pe, CHIR_IDrecLhChQdPINtnJPv-268503-AKCigna Specialty, CHIR_IDrecHL5acZB4MwThLP-268529-AKValue and Advan, CHIR_IDrecIjID5czWzbR1pX-268530-AKLegacy (Standar, CHIR_IDrec9TSEoHzm9YHyfK-286394-AKStandard Plan G, CHIR_IDreccbA3CpSYRKM9Bt-268535-AKStandard Preven, CHIR_IDrecy6gS3Y8oF9iVFd-268534-AKValue and Advan, CHIR_IDreceaPYwYqvhwfdbY-268533-AKLegacy (Standar, CHIR_IDrec9lezhyppiduMS8-290284-AKLegacy Diabetic, CHIR_IDrecz2TOibqNJzGEDX-268532-AKStandard and Pe, CHIR_IDrecRDqVEDerLMP7jF-268518-AKCigna National , CHIR_IDrec69p4dVMkC7nJwK-316780-AKCigna National , CHIR_IDrecbkHlq7SP7Ogt7i-316781-AKCigna National , CHIR_IDrecvcjPMepVksvuhe-316782-AKCigna National , CHIR_IDrecb56e5cJCQ6Hmf5-316785-AKCigna National ",5
Cigna,GA,Individual,22043,,,2
Cigna,GA,Large Group,45952,,,3
Cigna,GA,Self Funded/Employer Sponsored,586917,"301923, 316783, 290261, 286395, 136993, 268516, 136991, 268479, 268488, 198422, 268477, 268489, 136990, 268513, 151892, 136992, 268511, 268502, 198426, 268528, 268503, 268529, 268530, 286394, 268535, 268534, 268533, 290284, 268532, 268518, 316780, 316781, 316782, 316785","CHIR_IDrecXKPcpVxGYyghZt-301923-GAOscar and Cigna, CHIR_IDrecJUkHMhy9wFydai-316783-AKCigna National , CHIR_IDrecHyYRqsK42c4Ufu-290261-GACigna Plus 5-Ti, CHIR_IDrecLeYx1W3KeMjAbG-286395-AKStandard Plus P, CHIR_IDrec19rlq1vtNSOYbr-136993-AKCigna Advantage, CHIR_IDrecSc9PHbFNuB92wa-268516-AKCigna Total Sav, CHIR_IDrecopGdpAEow8JYII-136991-AKCigna Performan, CHIR_IDrecFKQWY0a58xrntl-268479-AKCigna Specialty, CHIR_IDrecalp2Vf0dSYE8zP-268488-AKCigna Value 4-T, CHIR_IDrecrSc38zq5JJ64ol-198422-AKCigna Legacy (S, CHIR_IDrecSlQXSljxNDjwxP-268477-AKCigna Standard , CHIR_IDrecvhsz05Tb03gEcw-268489-AKCigna Specialty, CHIR_IDrecJd5kD6r5l5kdhh-136990-AKCigna Performan, CHIR_IDrec12S6n89bo0pR1H-268513-AKCigna Legacy (P, CHIR_IDrecl2FUMKjFmSeaLa-151892-AKCigna Standard , CHIR_IDrech1mbeY7bu1smZ5-136992-AKCigna Advantage, CHIR_IDrecQ40lXEB3LnrTmV-268511-AKCigna Legacy (P, CHIR_IDreceJlrorRcUoCUC9-268502-AKCigna Legacy (S, CHIR_IDrecbPqYntfpVpF3T2-198426-AKCigna Value 3-T, CHIR_IDrecuANwgvoPFcpMrm-268528-AKStandard and Pe, CHIR_IDrecLhChQdPINtnJPv-268503-AKCigna Specialty, CHIR_IDrecHL5acZB4MwThLP-268529-AKValue and Advan, CHIR_IDrecIjID5czWzbR1pX-268530-AKLegacy (Standar, CHIR_IDrec9TSEoHzm9YHyfK-286394-AKStandard Plan G, CHIR_IDreccbA3CpSYRKM9Bt-268535-AKStandard Preven, CHIR_IDrecy6gS3Y8oF9iVFd-268534-AKValue and Advan, CHIR_IDreceaPYwYqvhwfdbY-268533-AKLegacy (Standar, CHIR_IDrec9lezhyppiduMS8-290284-AKLegacy Diabetic, CHIR_IDrecz2TOibqNJzGEDX-268532-AKStandard and Pe, CHIR_IDrecRDqVEDerLMP7jF-268518-AKCigna National , CHIR_IDrec69p4dVMkC7nJwK-316780-AKCigna National , CHIR_IDrecbkHlq7SP7Ogt7i-316781-AKCigna National , CHIR_IDrecvcjPMepVksvuhe-316782-AKCigna National , CHIR_IDrecb56e5cJCQ6Hmf5-316785-AKCigna National ",5
Cigna,HI,Self Funded/Employer Sponsored,58701,"316783, 286395, 136993, 268516, 136991, 268479, 268488, 198422, 268477, 268489, 136990, 268513, 151892, 136992, 268511, 268502, 198426, 268528, 268503, 268529, 268530, 286394, 268535, 268534, 268533, 290284, 268532, 268518, 316780, 316781, 316782, 316785","CHIR_IDrecJUkHMhy9wFydai-316783-AKCigna National , CHIR_IDrecLeYx1W3KeMjAbG-286395-AKStandard Plus P, CHIR_IDrec19rlq1vtNSOYbr-136993-AKCigna Advantage, CHIR_IDrecSc9PHbFNuB92wa-268516-AKCigna Total Sav, CHIR_IDrecopGdpAEow8JYII-136991-AKCigna Performan, CHIR_IDrecFKQWY0a58xrntl-268479-AKCigna Specialty, CHIR_IDrecalp2Vf0dSYE8zP-268488-AKCigna Value 4-T, CHIR_IDrecrSc38zq5JJ64ol-198422-AKCigna Legacy (S, CHIR_IDrecSlQXSljxNDjwxP-268477-AKCigna Standard , CHIR_IDrecvhsz05Tb03gEcw-268489-AKCigna Specialty, CHIR_IDrecJd5kD6r5l5kdhh-136990-AKCigna Performan, CHIR_IDrec12S6n89bo0pR1H-268513-AKCigna Legacy (P, CHIR_IDrecl2FUMKjFmSeaLa-151892-AKCigna Standard , CHIR_IDrech1mbeY7bu1smZ5-136992-AKCigna Advantage, CHIR_IDrecQ40lXEB3LnrTmV-268511-AKCigna Legacy (P, CHIR_IDreceJlrorRcUoCUC9-268502-AKCigna Legacy (S, CHIR_IDrecbPqYntfpVpF3T2-198426-AKCigna Value 3-T, CHIR_IDrecuANwgvoPFcpMrm-268528-AKStandard and Pe, CHIR_IDrecLhChQdPINtnJPv-268503-AKCigna Specialty, CHIR_IDrecHL5acZB4MwThLP-268529-AKValue and Advan, CHIR_IDrecIjID5czWzbR1pX-268530-AKLegacy (Standar, CHIR_IDrec9TSEoHzm9YHyfK-286394-AKStandard Plan G, CHIR_IDreccbA3CpSYRKM9Bt-268535-AKStandard Preven, CHIR_IDrecy6gS3Y8oF9iVFd-268534-AKValue and Advan, CHIR_IDreceaPYwYqvhwfdbY-268533-AKLegacy (Standar, CHIR_IDrec9lezhyppiduMS8-290284-AKLegacy Diabetic, CHIR_IDrecz2TOibqNJzGEDX-268532-AKStandard and Pe, CHIR_IDrecRDqVEDerLMP7jF-268518-AKCigna National , CHIR_IDrec69p4dVMkC7nJwK-316780-AKCigna National , CHIR_IDrecbkHlq7SP7Ogt7i-316781-AKCigna National , CHIR_IDrecvcjPMepVksvuhe-316782-AKCigna National , CHIR_IDrecb56e5cJCQ6Hmf5-316785-AKCigna National ",3
Cigna,IA,Self Funded/Employer Sponsored,93971,"316783, 286395, 136993, 268516, 136991, 268479, 268488, 198422, 268477, 268489, 136990, 268513, 151892, 136992, 268511, 268502, 198426, 268528, 268503, 268529, 268530, 286394, 268535, 268534, 268533, 290284, 268532, 268518, 316780, 316781, 316782, 316785","CHIR_IDrecJUkHMhy9wFydai-316783-AKCigna National , CHIR_IDrecLeYx1W3KeMjAbG-286395-AKStandard Plus P, CHIR_IDrec19rlq1vtNSOYbr-136993-AKCigna Advantage, CHIR_IDrecSc9PHbFNuB92wa-268516-AKCigna Total Sav, CHIR_IDrecopGdpAEow8JYII-136991-AKCigna Performan, CHIR_IDrecFKQWY0a58xrntl-268479-AKCigna Specialty, CHIR_IDrecalp2Vf0dSYE8zP-268488-AKCigna Value 4-T, CHIR_IDrecrSc38zq5JJ64ol-198422-AKCigna Legacy (S, CHIR_IDrecSlQXSljxNDjwxP-268477-AKCigna Standard , CHIR_IDrecvhsz05Tb03gEcw-268489-AKCigna Specialty, CHIR_IDrecJd5kD6r5l5kdhh-136990-AKCigna Performan, CHIR_IDrec12S6n89bo0pR1H-268513-AKCigna Legacy (P, CHIR_IDrecl2FUMKjFmSeaLa-151892-AKCigna Standard , CHIR_IDrech1mbeY7bu1smZ5-136992-AKCigna Advantage, CHIR_IDrecQ40lXEB3LnrTmV-268511-AKCigna Legacy (P, CHIR_IDreceJlrorRcUoCUC9-268502-AKCigna Legacy (S, CHIR_IDrecbPqYntfpVpF3T2-198426-AKCigna Value 3-T, CHIR_IDrecuANwgvoPFcpMrm-268528-AKStandard and Pe, CHIR_IDrecLhChQdPINtnJPv-268503-AKCigna Specialty, CHIR_IDrecHL5acZB4MwThLP-268529-AKValue and Advan, CHIR_IDrecIjID5czWzbR1pX-268530-AKLegacy (Standar, CHIR_IDrec9TSEoHzm9YHyfK-286394-AKStandard Plan G, CHIR_IDreccbA3CpSYRKM9Bt-268535-AKStandard Preven, CHIR_IDrecy6gS3Y8oF9iVFd-268534-AKValue and Advan, CHIR_IDreceaPYwYqvhwfdbY-268533-AKLegacy (Standar, CHIR_IDrec9lezhyppiduMS8-290284-AKLegacy Diabetic, CHIR_IDrecz2TOibqNJzGEDX-268532-AKStandard and Pe, CHIR_IDrecRDqVEDerLMP7jF-268518-AKCigna National , CHIR_IDrec69p4dVMkC7nJwK-316780-AKCigna National , CHIR_IDrecbkHlq7SP7Ogt7i-316781-AKCigna National , CHIR_IDrecvcjPMepVksvuhe-316782-AKCigna National , CHIR_IDrecb56e5cJCQ6Hmf5-316785-AKCigna National ",4
Cigna,ID,Self Funded/Employer Sponsored,53996,"316783, 286395, 136993, 268516, 136991, 268479, 268488, 198422, 268477, 268489, 136990, 268513, 151892, 136992, 268511, 268502, 198426, 268528, 268503, 268529, 268530, 286394, 268535, 268534, 268533, 290284, 268532, 268518, 316780, 316781, 316782, 316785","CHIR_IDrecJUkHMhy9wFydai-316783-AKCigna National , CHIR_IDrecLeYx1W3KeMjAbG-286395-AKStandard Plus P, CHIR_IDrec19rlq1vtNSOYbr-136993-AKCigna Advantage, CHIR_IDrecSc9PHbFNuB92wa-268516-AKCigna Total Sav, CHIR_IDrecopGdpAEow8JYII-136991-AKCigna Performan, CHIR_IDrecFKQWY0a58xrntl-268479-AKCigna Specialty, CHIR_IDrecalp2Vf0dSYE8zP-268488-AKCigna Value 4-T, CHIR_IDrecrSc38zq5JJ64ol-198422-AKCigna Legacy (S, CHIR_IDrecSlQXSljxNDjwxP-268477-AKCigna Standard , CHIR_IDrecvhsz05Tb03gEcw-268489-AKCigna Specialty, CHIR_IDrecJd5kD6r5l5kdhh-136990-AKCigna Performan, CHIR_IDrec12S6n89bo0pR1H-268513-AKCigna Legacy (P, CHIR_IDrecl2FUMKjFmSeaLa-151892-AKCigna Standard , CHIR_IDrech1mbeY7bu1smZ5-136992-AKCigna Advantage, CHIR_IDrecQ40lXEB3LnrTmV-268511-AKCigna Legacy (P, CHIR_IDreceJlrorRcUoCUC9-268502-AKCigna Legacy (S, CHIR_IDrecbPqYntfpVpF3T2-198426-AKCigna Value 3-T, CHIR_IDrecuANwgvoPFcpMrm-268528-AKStandard and Pe, CHIR_IDrecLhChQdPINtnJPv-268503-AKCigna Specialty, CHIR_IDrecHL5acZB4MwThLP-268529-AKValue and Advan, CHIR_IDrecIjID5czWzbR1pX-268530-AKLegacy (Standar, CHIR_IDrec9TSEoHzm9YHyfK-286394-AKStandard Plan G, CHIR_IDreccbA3CpSYRKM9Bt-268535-AKStandard Preven, CHIR_IDrecy6gS3Y8oF9iVFd-268534-AKValue and Advan, CHIR_IDreceaPYwYqvhwfdbY-268533-AKLegacy (Standar, CHIR_IDrec9lezhyppiduMS8-290284-AKLegacy Diabetic, CHIR_IDrecz2TOibqNJzGEDX-268532-AKStandard and Pe, CHIR_IDrecRDqVEDerLMP7jF-268518-AKCigna National , CHIR_IDrec69p4dVMkC7nJwK-316780-AKCigna National , CHIR_IDrecbkHlq7SP7Ogt7i-316781-AKCigna National , CHIR_IDrecvcjPMepVksvuhe-316782-AKCigna National , CHIR_IDrecb56e5cJCQ6Hmf5-316785-AKCigna National ",3
Cigna,IL,Individual,43529,,,3
Cigna,IL,Large Group,7849,,,1
Cigna,IL,Self Funded/Employer Sponsored,58461,"316783, 315723, 199853, 286395, 136993, 268516, 136991, 268479, 268488, 198422, 268477, 268489, 136990, 268513, 151892, 136992, 268511, 268502, 198426, 268528, 268503, 268529, 268530, 286394, 268535, 268534, 268533, 290284, 268532, 268518, 316780, 316781, 316782, 316785","CHIR_IDrecJUkHMhy9wFydai-316783-AKCigna National , CHIR_IDrec1IHz2OOJpSBvYd-315723-ILCigna Plus 4-Ti, CHIR_IDrectUEMNRDRT1oaFG-199853-ILCigna Rx Plus 5, CHIR_IDrecLeYx1W3KeMjAbG-286395-AKStandard Plus P, CHIR_IDrec19rlq1vtNSOYbr-136993-AKCigna Advantage, CHIR_IDrecSc9PHbFNuB92wa-268516-AKCigna Total Sav, CHIR_IDrecopGdpAEow8JYII-136991-AKCigna Performan, CHIR_IDrecFKQWY0a58xrntl-268479-AKCigna Specialty, CHIR_IDrecalp2Vf0dSYE8zP-268488-AKCigna Value 4-T, CHIR_IDrecrSc38zq5JJ64ol-198422-AKCigna Legacy (S, CHIR_IDrecSlQXSljxNDjwxP-268477-AKCigna Standard , CHIR_IDrecvhsz05Tb03gEcw-268489-AKCigna Specialty, CHIR_IDrecJd5kD6r5l5kdhh-136990-AKCigna Performan, CHIR_IDrec12S6n89bo0pR1H-268513-AKCigna Legacy (P, CHIR_IDrecl2FUMKjFmSeaLa-151892-AKCigna Standard , CHIR_IDrech1mbeY7bu1smZ5-136992-AKCigna Advantage, CHIR_IDrecQ40lXEB3LnrTmV-268511-AKCigna Legacy (P, CHIR_IDreceJlrorRcUoCUC9-268502-AKCigna Legacy (S, CHIR_IDrecbPqYntfpVpF3T2-198426-AKCigna Value 3-T, CHIR_IDrecuANwgvoPFcpMrm-268528-AKStandard and Pe, CHIR_IDrecLhChQdPINtnJPv-268503-AKCigna Specialty, CHIR_IDrecHL5acZB4MwThLP-268529-AKValue and Advan, CHIR_IDrecIjID5czWzbR1pX-268530-AKLegacy (Standar, CHIR_IDrec9TSEoHzm9YHyfK-286394-AKStandard Plan G, CHIR_IDreccbA3CpSYRKM9Bt-268535-AKStandard Preven, CHIR_IDrecy6gS3Y8oF9iVFd-268534-AKValue and Advan, CHIR_IDreceaPYwYqvhwfdbY-268533-AKLegacy (Standar, CHIR_IDrec9lezhyppiduMS8-290284-AKLegacy Diabetic, CHIR_IDrecz2TOibqNJzGEDX-268532-AKStandard and Pe, CHIR_IDrecRDqVEDerLMP7jF-268518-AKCigna National , CHIR_IDrec69p4dVMkC7nJwK-316780-AKCigna National , CHIR_IDrecbkHlq7SP7Ogt7i-316781-AKCigna National , CHIR_IDrecvcjPMepVksvuhe-316782-AKCigna National , CHIR_IDrecb56e5cJCQ6Hmf5-316785-AKCigna National ",3
Cigna,IN,Large Group,4416,,,1
Cigna,IN,Self Funded/Employer Sponsored,35231,"316783, 315724, 315717, 286395, 136993, 268516, 136991, 268479, 268488, 198422, 268477, 268489, 136990, 268513, 151892, 136992, 268511, 268502, 198426, 268528, 268503, 268529, 268530, 286394, 268535, 268534, 268533, 290284, 268532, 268518, 316780, 316781, 316782, 316785","CHIR_IDrecJUkHMhy9wFydai-316783-AKCigna National , CHIR_IDrecsjld1rrbq7890t-315724-INCigna Premiere , CHIR_IDrecubku9V573IgvWv-315717-INCigna Premiere , CHIR_IDrecLeYx1W3KeMjAbG-286395-AKStandard Plus P, CHIR_IDrec19rlq1vtNSOYbr-136993-AKCigna Advantage, CHIR_IDrecSc9PHbFNuB92wa-268516-AKCigna Total Sav, CHIR_IDrecopGdpAEow8JYII-136991-AKCigna Performan, CHIR_IDrecFKQWY0a58xrntl-268479-AKCigna Specialty, CHIR_IDrecalp2Vf0dSYE8zP-268488-AKCigna Value 4-T, CHIR_IDrecrSc38zq5JJ64ol-198422-AKCigna Legacy (S, CHIR_IDrecSlQXSljxNDjwxP-268477-AKCigna Standard , CHIR_IDrecvhsz05Tb03gEcw-268489-AKCigna Specialty, CHIR_IDrecJd5kD6r5l5kdhh-136990-AKCigna Performan, CHIR_IDrec12S6n89bo0pR1H-268513-AKCigna Legacy (P, CHIR_IDrecl2FUMKjFmSeaLa-151892-AKCigna Standard , CHIR_IDrech1mbeY7bu1smZ5-136992-AKCigna Advantage, CHIR_IDrecQ40lXEB3LnrTmV-268511-AKCigna Legacy (P, CHIR_IDreceJlrorRcUoCUC9-268502-AKCigna Legacy (S, CHIR_IDrecbPqYntfpVpF3T2-198426-AKCigna Value 3-T, CHIR_IDrecuANwgvoPFcpMrm-268528-AKStandard and Pe, CHIR_IDrecLhChQdPINtnJPv-268503-AKCigna Specialty, CHIR_IDrecHL5acZB4MwThLP-268529-AKValue and Advan, CHIR_IDrecIjID5czWzbR1pX-268530-AKLegacy (Standar, CHIR_IDrec9TSEoHzm9YHyfK-286394-AKStandard Plan G, CHIR_IDreccbA3CpSYRKM9Bt-268535-AKStandard Preven, CHIR_IDrecy6gS3Y8oF9iVFd-268534-AKValue and Advan, CHIR_IDreceaPYwYqvhwfdbY-268533-AKLegacy (Standar, CHIR_IDrec9lezhyppiduMS8-290284-AKLegacy Diabetic, CHIR_IDrecz2TOibqNJzGEDX-268532-AKStandard and Pe, CHIR_IDrecRDqVEDerLMP7jF-268518-AKCigna National , CHIR_IDrec69p4dVMkC7nJwK-316780-AKCigna National , CHIR_IDrecbkHlq7SP7Ogt7i-316781-AKCigna National , CHIR_IDrecvcjPMepVksvuhe-316782-AKCigna National , CHIR_IDrecb56e5cJCQ6Hmf5-316785-AKCigna National ",2
Cigna,KS,Individual,942,,,1
Cigna,KS,Large Group,2657,,,1
Cigna,KS,Self Funded/Employer Sponsored,117329,"301931, 316783, 286395, 136993, 268516, 136991, 268479, 268488, 198422, 268477, 268489, 136990, 268513, 151892, 136992, 268511, 268502, 198426, 268528, 268503, 268529, 268530, 286394, 268535, 268534, 268533, 290284, 268532, 268518, 316780, 316781, 316782, 316785","CHIR_IDrecxQnO4owR1lVQM4-301931-KSOscar and Cigna, CHIR_IDrecJUkHMhy9wFydai-316783-AKCigna National , CHIR_IDrecLeYx1W3KeMjAbG-286395-AKStandard Plus P, CHIR_IDrec19rlq1vtNSOYbr-136993-AKCigna Advantage, CHIR_IDrecSc9PHbFNuB92wa-268516-AKCigna Total Sav, CHIR_IDrecopGdpAEow8JYII-136991-AKCigna Performan, CHIR_IDrecFKQWY0a58xrntl-268479-AKCigna Specialty, CHIR_IDrecalp2Vf0dSYE8zP-268488-AKCigna Value 4-T, CHIR_IDrecrSc38zq5JJ64ol-198422-AKCigna Legacy (S, CHIR_IDrecSlQXSljxNDjwxP-268477-AKCigna Standard , CHIR_IDrecvhsz05Tb03gEcw-268489-AKCigna Specialty, CHIR_IDrecJd5kD6r5l5kdhh-136990-AKCigna Performan, CHIR_IDrec12S6n89bo0pR1H-268513-AKCigna Legacy (P, CHIR_IDrecl2FUMKjFmSeaLa-151892-AKCigna Standard , CHIR_IDrech1mbeY7bu1smZ5-136992-AKCigna Advantage, CHIR_IDrecQ40lXEB3LnrTmV-268511-AKCigna Legacy (P, CHIR_IDreceJlrorRcUoCUC9-268502-AKCigna Legacy (S, CHIR_IDrecbPqYntfpVpF3T2-198426-AKCigna Value 3-T, CHIR_IDrecuANwgvoPFcpMrm-268528-AKStandard and Pe, CHIR_IDrecLhChQdPINtnJPv-268503-AKCigna Specialty, CHIR_IDrecHL5acZB4MwThLP-268529-AKValue and Advan, CHIR_IDrecIjID5czWzbR1pX-268530-AKLegacy (Standar, CHIR_IDrec9TSEoHzm9YHyfK-286394-AKStandard Plan G, CHIR_IDreccbA3CpSYRKM9Bt-268535-AKStandard Preven, CHIR_IDrecy6gS3Y8oF9iVFd-268534-AKValue and Advan, CHIR_IDreceaPYwYqvhwfdbY-268533-AKLegacy (Standar, CHIR_IDrec9lezhyppiduMS8-290284-AKLegacy Diabetic, CHIR_IDrecz2TOibqNJzGEDX-268532-AKStandard and Pe, CHIR_IDrecRDqVEDerLMP7jF-268518-AKCigna National , CHIR_IDrec69p4dVMkC7nJwK-316780-AKCigna National , CHIR_IDrecbkHlq7SP7Ogt7i-316781-AKCigna National , CHIR_IDrecvcjPMepVksvuhe-316782-AKCigna National , CHIR_IDrecb56e5cJCQ6Hmf5-316785-AKCigna National ",4
Cigna,KY,Self Funded/Employer Sponsored,98615,"316783, 286395, 136993, 268516, 136991, 268479, 268488, 198422, 268477, 268489, 136990, 268513, 151892, 136992, 268511, 268502, 198426, 268528, 268503, 268529, 268530, 286394, 268535, 268534, 268533, 290284, 268532, 268518, 316780, 316781, 316782, 316785","CHIR_IDrecJUkHMhy9wFydai-316783-AKCigna National , CHIR_IDrecLeYx1W3KeMjAbG-286395-AKStandard Plus P, CHIR_IDrec19rlq1vtNSOYbr-136993-AKCigna Advantage, CHIR_IDrecSc9PHbFNuB92wa-268516-AKCigna Total Sav, CHIR_IDrecopGdpAEow8JYII-136991-AKCigna Performan, CHIR_IDrecFKQWY0a58xrntl-268479-AKCigna Specialty, CHIR_IDrecalp2Vf0dSYE8zP-268488-AKCigna Value 4-T, CHIR_IDrecrSc38zq5JJ64ol-198422-AKCigna Legacy (S, CHIR_IDrecSlQXSljxNDjwxP-268477-AKCigna Standard , CHIR_IDrecvhsz05Tb03gEcw-268489-AKCigna Specialty, CHIR_IDrecJd5kD6r5l5kdhh-136990-AKCigna Performan, CHIR_IDrec12S6n89bo0pR1H-268513-AKCigna Legacy (P, CHIR_IDrecl2FUMKjFmSeaLa-151892-AKCigna Standard , CHIR_IDrech1mbeY7bu1smZ5-136992-AKCigna Advantage, CHIR_IDrecQ40lXEB3LnrTmV-268511-AKCigna Legacy (P, CHIR_IDreceJlrorRcUoCUC9-268502-AKCigna Legacy (S, CHIR_IDrecbPqYntfpVpF3T2-198426-AKCigna Value 3-T, CHIR_IDrecuANwgvoPFcpMrm-268528-AKStandard and Pe, CHIR_IDrecLhChQdPINtnJPv-268503-AKCigna Specialty, CHIR_IDrecHL5acZB4MwThLP-268529-AKValue and Advan, CHIR_IDrecIjID5czWzbR1pX-268530-AKLegacy (Standar, CHIR_IDrec9TSEoHzm9YHyfK-286394-AKStandard Plan G, CHIR_IDreccbA3CpSYRKM9Bt-268535-AKStandard Preven, CHIR_IDrecy6gS3Y8oF9iVFd-268534-AKValue and Advan, CHIR_IDreceaPYwYqvhwfdbY-268533-AKLegacy (Standar, CHIR_IDrec9lezhyppiduMS8-290284-AKLegacy Diabetic, CHIR_IDrecz2TOibqNJzGEDX-268532-AKStandard and Pe, CHIR_IDrecRDqVEDerLMP7jF-268518-AKCigna National , CHIR_IDrec69p4dVMkC7nJwK-316780-AKCigna National , CHIR_IDrecbkHlq7SP7Ogt7i-316781-AKCigna National , CHIR_IDrecvcjPMepVksvuhe-316782-AKCigna National , CHIR_IDrecb56e5cJCQ6Hmf5-316785-AKCigna National ",4
Cigna,LA,Self Funded/Employer Sponsored,169052,"316783, 286395, 136993, 268516, 136991, 268479, 268488, 198422, 268477, 268489, 136990, 268513, 151892, 136992, 268511, 268502, 198426, 268528, 268503, 268529, 268530, 286394, 268535, 268534, 268533, 290284, 268532, 268518, 316780, 316781, 316782, 316785","CHIR_IDrecJUkHMhy9wFydai-316783-AKCigna National , CHIR_IDrecLeYx1W3KeMjAbG-286395-AKStandard Plus P, CHIR_IDrec19rlq1vtNSOYbr-136993-AKCigna Advantage, CHIR_IDrecSc9PHbFNuB92wa-268516-AKCigna Total Sav, CHIR_IDrecopGdpAEow8JYII-136991-AKCigna Performan, CHIR_IDrecFKQWY0a58xrntl-268479-AKCigna Specialty, CHIR_IDrecalp2Vf0dSYE8zP-268488-AKCigna Value 4-T, CHIR_IDrecrSc38zq5JJ64ol-198422-AKCigna Legacy (S, CHIR_IDrecSlQXSljxNDjwxP-268477-AKCigna Standard , CHIR_IDrecvhsz05Tb03gEcw-268489-AKCigna Specialty, CHIR_IDrecJd5kD6r5l5kdhh-136990-AKCigna Performan, CHIR_IDrec12S6n89bo0pR1H-268513-AKCigna Legacy (P, CHIR_IDrecl2FUMKjFmSeaLa-151892-AKCigna Standard , CHIR_IDrech1mbeY7bu1smZ5-136992-AKCigna Advantage, CHIR_IDrecQ40lXEB3LnrTmV-268511-AKCigna Legacy (P, CHIR_IDreceJlrorRcUoCUC9-268502-AKCigna Legacy (S, CHIR_IDrecbPqYntfpVpF3T2-198426-AKCigna Value 3-T, CHIR_IDrecuANwgvoPFcpMrm-268528-AKStandard and Pe, CHIR_IDrecLhChQdPINtnJPv-268503-AKCigna Specialty, CHIR_IDrecHL5acZB4MwThLP-268529-AKValue and Advan, CHIR_IDrecIjID5czWzbR1pX-268530-AKLegacy (Standar, CHIR_IDrec9TSEoHzm9YHyfK-286394-AKStandard Plan G, CHIR_IDreccbA3CpSYRKM9Bt-268535-AKStandard Preven, CHIR_IDrecy6gS3Y8oF9iVFd-268534-AKValue and Advan, CHIR_IDreceaPYwYqvhwfdbY-268533-AKLegacy (Standar, CHIR_IDrec9lezhyppiduMS8-290284-AKLegacy Diabetic, CHIR_IDrecz2TOibqNJzGEDX-268532-AKStandard and Pe, CHIR_IDrecRDqVEDerLMP7jF-268518-AKCigna National , CHIR_IDrec69p4dVMkC7nJwK-316780-AKCigna National , CHIR_IDrecbkHlq7SP7Ogt7i-316781-AKCigna National , CHIR_IDrecvcjPMepVksvuhe-316782-AKCigna National , CHIR_IDrecb56e5cJCQ6Hmf5-316785-AKCigna National ",4
Cigna,MA,Large Group,52602,,,3
Cigna,MA,Self Funded/Employer Sponsored,162899,"316783, 286395, 136993, 268516, 136991, 268479, 268488, 198422, 268477, 268489, 136990, 268513, 151892, 136992, 268511, 268502, 198426, 268528, 268503, 268529, 268530, 286394, 268535, 268534, 268533, 290284, 268532, 268518, 316780, 316781, 316782, 316785","CHIR_IDrecJUkHMhy9wFydai-316783-AKCigna National , CHIR_IDrecLeYx1W3KeMjAbG-286395-AKStandard Plus P, CHIR_IDrec19rlq1vtNSOYbr-136993-AKCigna Advantage, CHIR_IDrecSc9PHbFNuB92wa-268516-AKCigna Total Sav, CHIR_IDrecopGdpAEow8JYII-136991-AKCigna Performan, CHIR_IDrecFKQWY0a58xrntl-268479-AKCigna Specialty, CHIR_IDrecalp2Vf0dSYE8zP-268488-AKCigna Value 4-T, CHIR_IDrecrSc38zq5JJ64ol-198422-AKCigna Legacy (S, CHIR_IDrecSlQXSljxNDjwxP-268477-AKCigna Standard , CHIR_IDrecvhsz05Tb03gEcw-268489-AKCigna Specialty, CHIR_IDrecJd5kD6r5l5kdhh-136990-AKCigna Performan, CHIR_IDrec12S6n89bo0pR1H-268513-AKCigna Legacy (P, CHIR_IDrecl2FUMKjFmSeaLa-151892-AKCigna Standard , CHIR_IDrech1mbeY7bu1smZ5-136992-AKCigna Advantage, CHIR_IDrecQ40lXEB3LnrTmV-268511-AKCigna Legacy (P, CHIR_IDreceJlrorRcUoCUC9-268502-AKCigna Legacy (S, CHIR_IDrecbPqYntfpVpF3T2-198426-AKCigna Value 3-T, CHIR_IDrecuANwgvoPFcpMrm-268528-AKStandard and Pe, CHIR_IDrecLhChQdPINtnJPv-268503-AKCigna Specialty, CHIR_IDrecHL5acZB4MwThLP-268529-AKValue and Advan, CHIR_IDrecIjID5czWzbR1pX-268530-AKLegacy (Standar, CHIR_IDrec9TSEoHzm9YHyfK-286394-AKStandard Plan G, CHIR_IDreccbA3CpSYRKM9Bt-268535-AKStandard Preven, CHIR_IDrecy6gS3Y8oF9iVFd-268534-AKValue and Advan, CHIR_IDreceaPYwYqvhwfdbY-268533-AKLegacy (Standar, CHIR_IDrec9lezhyppiduMS8-290284-AKLegacy Diabetic, CHIR_IDrecz2TOibqNJzGEDX-268532-AKStandard and Pe, CHIR_IDrecRDqVEDerLMP7jF-268518-AKCigna National , CHIR_IDrec69p4dVMkC7nJwK-316780-AKCigna National , CHIR_IDrecbkHlq7SP7Ogt7i-316781-AKCigna National , CHIR_IDrecvcjPMepVksvuhe-316782-AKCigna National , CHIR_IDrecb56e5cJCQ6Hmf5-316785-AKCigna National ",4
Cigna,MA,Small Group,2595,,,1
Cigna,MD,Large Group,31882,,,2
Cigna,MD,Self Funded/Employer Sponsored,504687,"316783, 286395, 136993, 268516, 136991, 268479, 268488, 198422, 268477, 268489, 136990, 268513, 151892, 136992, 268511, 268502, 198426, 268528, 268503, 268529, 268530, 286394, 268535, 268534, 268533, 290284, 268532, 268518, 316780, 316781, 316782, 316785","CHIR_IDrecJUkHMhy9wFydai-316783-AKCigna National , CHIR_IDrecLeYx1W3KeMjAbG-286395-AKStandard Plus P, CHIR_IDrec19rlq1vtNSOYbr-136993-AKCigna Advantage, CHIR_IDrecSc9PHbFNuB92wa-268516-AKCigna Total Sav, CHIR_IDrecopGdpAEow8JYII-136991-AKCigna Performan, CHIR_IDrecFKQWY0a58xrntl-268479-AKCigna Specialty, CHIR_IDrecalp2Vf0dSYE8zP-268488-AKCigna Value 4-T, CHIR_IDrecrSc38zq5JJ64ol-198422-AKCigna Legacy (S, CHIR_IDrecSlQXSljxNDjwxP-268477-AKCigna Standard , CHIR_IDrecvhsz05Tb03gEcw-268489-AKCigna Specialty, CHIR_IDrecJd5kD6r5l5kdhh-136990-AKCigna Performan, CHIR_IDrec12S6n89bo0pR1H-268513-AKCigna Legacy (P, CHIR_IDrecl2FUMKjFmSeaLa-151892-AKCigna Standard , CHIR_IDrech1mbeY7bu1smZ5-136992-AKCigna Advantage, CHIR_IDrecQ40lXEB3LnrTmV-268511-AKCigna Legacy (P, CHIR_IDreceJlrorRcUoCUC9-268502-AKCigna Legacy (S, CHIR_IDrecbPqYntfpVpF3T2-198426-AKCigna Value 3-T, CHIR_IDrecuANwgvoPFcpMrm-268528-AKStandard and Pe, CHIR_IDrecLhChQdPINtnJPv-268503-AKCigna Specialty, CHIR_IDrecHL5acZB4MwThLP-268529-AKValue and Advan, CHIR_IDrecIjID5czWzbR1pX-268530-AKLegacy (Standar, CHIR_IDrec9TSEoHzm9YHyfK-286394-AKStandard Plan G, CHIR_IDreccbA3CpSYRKM9Bt-268535-AKStandard Preven, CHIR_IDrecy6gS3Y8oF9iVFd-268534-AKValue and Advan, CHIR_IDreceaPYwYqvhwfdbY-268533-AKLegacy (Standar, CHIR_IDrec9lezhyppiduMS8-290284-AKLegacy Diabetic, CHIR_IDrecz2TOibqNJzGEDX-268532-AKStandard and Pe, CHIR_IDrecRDqVEDerLMP7jF-268518-AKCigna National , CHIR_IDrec69p4dVMkC7nJwK-316780-AKCigna National , CHIR_IDrecbkHlq7SP7Ogt7i-316781-AKCigna National , CHIR_IDrecvcjPMepVksvuhe-316782-AKCigna National , CHIR_IDrecb56e5cJCQ6Hmf5-316785-AKCigna National ",5
Cigna,ME,Large Group,7628,,,1
Cigna,ME,Self Funded/Employer Sponsored,86883,"316783, 286395, 136993, 268516, 136991, 268479, 268488, 198422, 268477, 268489, 136990, 268513, 151892, 136992, 268511, 268502, 198426, 268528, 268503, 268529, 268530, 286394, 268535, 268534, 268533, 290284, 268532, 268518, 316780, 316781, 316782, 316785","CHIR_IDrecJUkHMhy9wFydai-316783-AKCigna National , CHIR_IDrecLeYx1W3KeMjAbG-286395-AKStandard Plus P, CHIR_IDrec19rlq1vtNSOYbr-136993-AKCigna Advantage, CHIR_IDrecSc9PHbFNuB92wa-268516-AKCigna Total Sav, CHIR_IDrecopGdpAEow8JYII-136991-AKCigna Performan, CHIR_IDrecFKQWY0a58xrntl-268479-AKCigna Specialty, CHIR_IDrecalp2Vf0dSYE8zP-268488-AKCigna Value 4-T, CHIR_IDrecrSc38zq5JJ64ol-198422-AKCigna Legacy (S, CHIR_IDrecSlQXSljxNDjwxP-268477-AKCigna Standard , CHIR_IDrecvhsz05Tb03gEcw-268489-AKCigna Specialty, CHIR_IDrecJd5kD6r5l5kdhh-136990-AKCigna Performan, CHIR_IDrec12S6n89bo0pR1H-268513-AKCigna Legacy (P, CHIR_IDrecl2FUMKjFmSeaLa-151892-AKCigna Standard , CHIR_IDrech1mbeY7bu1smZ5-136992-AKCigna Advantage, CHIR_IDrecQ40lXEB3LnrTmV-268511-AKCigna Legacy (P, CHIR_IDreceJlrorRcUoCUC9-268502-AKCigna Legacy (S, CHIR_IDrecbPqYntfpVpF3T2-198426-AKCigna Value 3-T, CHIR_IDrecuANwgvoPFcpMrm-268528-AKStandard and Pe, CHIR_IDrecLhChQdPINtnJPv-268503-AKCigna Specialty, CHIR_IDrecHL5acZB4MwThLP-268529-AKValue and Advan, CHIR_IDrecIjID5czWzbR1pX-268530-AKLegacy (Standar, CHIR_IDrec9TSEoHzm9YHyfK-286394-AKStandard Plan G, CHIR_IDreccbA3CpSYRKM9Bt-268535-AKStandard Preven, CHIR_IDrecy6gS3Y8oF9iVFd-268534-AKValue and Advan, CHIR_IDreceaPYwYqvhwfdbY-268533-AKLegacy (Standar, CHIR_IDrec9lezhyppiduMS8-290284-AKLegacy Diabetic, CHIR_IDrecz2TOibqNJzGEDX-268532-AKStandard and Pe, CHIR_IDrecRDqVEDerLMP7jF-268518-AKCigna National , CHIR_IDrec69p4dVMkC7nJwK-316780-AKCigna National , CHIR_IDrecbkHlq7SP7Ogt7i-316781-AKCigna National , CHIR_IDrecvcjPMepVksvuhe-316782-AKCigna National , CHIR_IDrecb56e5cJCQ6Hmf5-316785-AKCigna National ",3
Cigna,MI,Large Group,2487,,,1
Cigna,MI,Self Funded/Employer Sponsored,140900,"316783, 286395, 136993, 268516, 136991, 268479, 268488, 198422, 268477, 268489, 136990, 268513, 151892, 136992, 268511, 268502, 198426, 268528, 268503, 268529, 268530, 286394, 268535, 268534, 268533, 290284, 268532, 268518, 316780, 316781, 316782, 316785","CHIR_IDrecJUkHMhy9wFydai-316783-AKCigna National , CHIR_IDrecLeYx1W3KeMjAbG-286395-AKStandard Plus P, CHIR_IDrec19rlq1vtNSOYbr-136993-AKCigna Advantage, CHIR_IDrecSc9PHbFNuB92wa-268516-AKCigna Total Sav, CHIR_IDrecopGdpAEow8JYII-136991-AKCigna Performan, CHIR_IDrecFKQWY0a58xrntl-268479-AKCigna Specialty, CHIR_IDrecalp2Vf0dSYE8zP-268488-AKCigna Value 4-T, CHIR_IDrecrSc38zq5JJ64ol-198422-AKCigna Legacy (S, CHIR_IDrecSlQXSljxNDjwxP-268477-AKCigna Standard , CHIR_IDrecvhsz05Tb03gEcw-268489-AKCigna Specialty, CHIR_IDrecJd5kD6r5l5kdhh-136990-AKCigna Performan, CHIR_IDrec12S6n89bo0pR1H-268513-AKCigna Legacy (P, CHIR_IDrecl2FUMKjFmSeaLa-151892-AKCigna Standard , CHIR_IDrech1mbeY7bu1smZ5-136992-AKCigna Advantage, CHIR_IDrecQ40lXEB3LnrTmV-268511-AKCigna Legacy (P, CHIR_IDreceJlrorRcUoCUC9-268502-AKCigna Legacy (S, CHIR_IDrecbPqYntfpVpF3T2-198426-AKCigna Value 3-T, CHIR_IDrecuANwgvoPFcpMrm-268528-AKStandard and Pe, CHIR_IDrecLhChQdPINtnJPv-268503-AKCigna Specialty, CHIR_IDrecHL5acZB4MwThLP-268529-AKValue and Advan, CHIR_IDrecIjID5czWzbR1pX-268530-AKLegacy (Standar, CHIR_IDrec9TSEoHzm9YHyfK-286394-AKStandard Plan G, CHIR_IDreccbA3CpSYRKM9Bt-268535-AKStandard Preven, CHIR_IDrecy6gS3Y8oF9iVFd-268534-AKValue and Advan, CHIR_IDreceaPYwYqvhwfdbY-268533-AKLegacy (Standar, CHIR_IDrec9lezhyppiduMS8-290284-AKLegacy Diabetic, CHIR_IDrecz2TOibqNJzGEDX-268532-AKStandard and Pe, CHIR_IDrecRDqVEDerLMP7jF-268518-AKCigna National , CHIR_IDrec69p4dVMkC7nJwK-316780-AKCigna National , CHIR_IDrecbkHlq7SP7Ogt7i-316781-AKCigna National , CHIR_IDrecvcjPMepVksvuhe-316782-AKCigna National , CHIR_IDrecb56e5cJCQ6Hmf5-316785-AKCigna National ",4
Cigna,MN,Self Funded/Employer Sponsored,164430,"316783, 286395, 136993, 268516, 136991, 268479, 268488, 198422, 268477, 268489, 136990, 268513, 151892, 136992, 268511, 268502, 198426, 268528, 268503, 268529, 268530, 286394, 268535, 268534, 268533, 290284, 268532, 268518, 316780, 316781, 316782, 316785","CHIR_IDrecJUkHMhy9wFydai-316783-AKCigna National , CHIR_IDrecLeYx1W3KeMjAbG-286395-AKStandard Plus P, CHIR_IDrec19rlq1vtNSOYbr-136993-AKCigna Advantage, CHIR_IDrecSc9PHbFNuB92wa-268516-AKCigna Total Sav, CHIR_IDrecopGdpAEow8JYII-136991-AKCigna Performan, CHIR_IDrecFKQWY0a58xrntl-268479-AKCigna Specialty, CHIR_IDrecalp2Vf0dSYE8zP-268488-AKCigna Value 4-T, CHIR_IDrecrSc38zq5JJ64ol-198422-AKCigna Legacy (S, CHIR_IDrecSlQXSljxNDjwxP-268477-AKCigna Standard , CHIR_IDrecvhsz05Tb03gEcw-268489-AKCigna Specialty, CHIR_IDrecJd5kD6r5l5kdhh-136990-AKCigna Performan, CHIR_IDrec12S6n89bo0pR1H-268513-AKCigna Legacy (P, CHIR_IDrecl2FUMKjFmSeaLa-151892-AKCigna Standard , CHIR_IDrech1mbeY7bu1smZ5-136992-AKCigna Advantage, CHIR_IDrecQ40lXEB3LnrTmV-268511-AKCigna Legacy (P, CHIR_IDreceJlrorRcUoCUC9-268502-AKCigna Legacy (S, CHIR_IDrecbPqYntfpVpF3T2-198426-AKCigna Value 3-T, CHIR_IDrecuANwgvoPFcpMrm-268528-AKStandard and Pe, CHIR_IDrecLhChQdPINtnJPv-268503-AKCigna Specialty, CHIR_IDrecHL5acZB4MwThLP-268529-AKValue and Advan, CHIR_IDrecIjID5czWzbR1pX-268530-AKLegacy (Standar, CHIR_IDrec9TSEoHzm9YHyfK-286394-AKStandard Plan G, CHIR_IDreccbA3CpSYRKM9Bt-268535-AKStandard Preven, CHIR_IDrecy6gS3Y8oF9iVFd-268534-AKValue and Advan, CHIR_IDreceaPYwYqvhwfdbY-268533-AKLegacy (Standar, CHIR_IDrec9lezhyppiduMS8-290284-AKLegacy Diabetic, CHIR_IDrecz2TOibqNJzGEDX-268532-AKStandard and Pe, CHIR_IDrecRDqVEDerLMP7jF-268518-AKCigna National , CHIR_IDrec69p4dVMkC7nJwK-316780-AKCigna National , CHIR_IDrecbkHlq7SP7Ogt7i-316781-AKCigna National , CHIR_IDrecvcjPMepVksvuhe-316782-AKCigna National , CHIR_IDrecb56e5cJCQ6Hmf5-316785-AKCigna National ",4
Cigna,MO,Individual,36857,,,2
Cigna,MO,Large Group,7269,,,1
Cigna,MO,Self Funded/Employer Sponsored,352186,"301935, 316783, 286395, 136993, 268516, 136991, 268479, 268488, 198422, 268477, 268489, 136990, 268513, 151892, 136992, 268511, 268502, 198426, 268528, 268503, 268529, 268530, 286394, 268535, 268534, 268533, 290284, 268532, 268518, 316780, 316781, 316782, 316785","CHIR_IDrecx8Okyot4wI4XYs-301935-MOOscar and Cigna, CHIR_IDrecJUkHMhy9wFydai-316783-AKCigna National , CHIR_IDrecLeYx1W3KeMjAbG-286395-AKStandard Plus P, CHIR_IDrec19rlq1vtNSOYbr-136993-AKCigna Advantage, CHIR_IDrecSc9PHbFNuB92wa-268516-AKCigna Total Sav, CHIR_IDrecopGdpAEow8JYII-136991-AKCigna Performan, CHIR_IDrecFKQWY0a58xrntl-268479-AKCigna Specialty, CHIR_IDrecalp2Vf0dSYE8zP-268488-AKCigna Value 4-T, CHIR_IDrecrSc38zq5JJ64ol-198422-AKCigna Legacy (S, CHIR_IDrecSlQXSljxNDjwxP-268477-AKCigna Standard , CHIR_IDrecvhsz05Tb03gEcw-268489-AKCigna Specialty, CHIR_IDrecJd5kD6r5l5kdhh-136990-AKCigna Performan, CHIR_IDrec12S6n89bo0pR1H-268513-AKCigna Legacy (P, CHIR_IDrecl2FUMKjFmSeaLa-151892-AKCigna Standard , CHIR_IDrech1mbeY7bu1smZ5-136992-AKCigna Advantage, CHIR_IDrecQ40lXEB3LnrTmV-268511-AKCigna Legacy (P, CHIR_IDreceJlrorRcUoCUC9-268502-AKCigna Legacy (S, CHIR_IDrecbPqYntfpVpF3T2-198426-AKCigna Value 3-T, CHIR_IDrecuANwgvoPFcpMrm-268528-AKStandard and Pe, CHIR_IDrecLhChQdPINtnJPv-268503-AKCigna Specialty, CHIR_IDrecHL5acZB4MwThLP-268529-AKValue and Advan, CHIR_IDrecIjID5czWzbR1pX-268530-AKLegacy (Standar, CHIR_IDrec9TSEoHzm9YHyfK-286394-AKStandard Plan G, CHIR_IDreccbA3CpSYRKM9Bt-268535-AKStandard Preven, CHIR_IDrecy6gS3Y8oF9iVFd-268534-AKValue and Advan, CHIR_IDreceaPYwYqvhwfdbY-268533-AKLegacy (Standar, CHIR_IDrec9lezhyppiduMS8-290284-AKLegacy Diabetic, CHIR_IDrecz2TOibqNJzGEDX-268532-AKStandard and Pe, CHIR_IDrecRDqVEDerLMP7jF-268518-AKCigna National , CHIR_IDrec69p4dVMkC7nJwK-316780-AKCigna National , CHIR_IDrecbkHlq7SP7Ogt7i-316781-AKCigna National , CHIR_IDrecvcjPMepVksvuhe-316782-AKCigna National , CHIR_IDrecb56e5cJCQ6Hmf5-316785-AKCigna National ",5
Cigna,MS,Self Funded/Employer Sponsored,111488,"316783, 315727, 290262, 286395, 136993, 268516, 136991, 268479, 268488, 198422, 268477, 268489, 136990, 268513, 151892, 136992, 268511, 268502, 198426, 268528, 268503, 268529, 268530, 286394, 268535, 268534, 268533, 290284, 268532, 268518, 316780, 316781, 316782, 316785","CHIR_IDrecJUkHMhy9wFydai-316783-AKCigna National , CHIR_IDrecO8bdAH1bLHKmce-315727-MSCigna Plus 4-Ti, CHIR_IDrec6K8dDay3YQXC4r-290262-MSCigna Plus 5-Ti, CHIR_IDrecLeYx1W3KeMjAbG-286395-AKStandard Plus P, CHIR_IDrec19rlq1vtNSOYbr-136993-AKCigna Advantage, CHIR_IDrecSc9PHbFNuB92wa-268516-AKCigna Total Sav, CHIR_IDrecopGdpAEow8JYII-136991-AKCigna Performan, CHIR_IDrecFKQWY0a58xrntl-268479-AKCigna Specialty, CHIR_IDrecalp2Vf0dSYE8zP-268488-AKCigna Value 4-T, CHIR_IDrecrSc38zq5JJ64ol-198422-AKCigna Legacy (S, CHIR_IDrecSlQXSljxNDjwxP-268477-AKCigna Standard , CHIR_IDrecvhsz05Tb03gEcw-268489-AKCigna Specialty, CHIR_IDrecJd5kD6r5l5kdhh-136990-AKCigna Performan, CHIR_IDrec12S6n89bo0pR1H-268513-AKCigna Legacy (P, CHIR_IDrecl2FUMKjFmSeaLa-151892-AKCigna Standard , CHIR_IDrech1mbeY7bu1smZ5-136992-AKCigna Advantage, CHIR_IDrecQ40lXEB3LnrTmV-268511-AKCigna Legacy (P, CHIR_IDreceJlrorRcUoCUC9-268502-AKCigna Legacy (S, CHIR_IDrecbPqYntfpVpF3T2-198426-AKCigna Value 3-T, CHIR_IDrecuANwgvoPFcpMrm-268528-AKStandard and Pe, CHIR_IDrecLhChQdPINtnJPv-268503-AKCigna Specialty, CHIR_IDrecHL5acZB4MwThLP-268529-AKValue and Advan, CHIR_IDrecIjID5czWzbR1pX-268530-AKLegacy (Standar, CHIR_IDrec9TSEoHzm9YHyfK-286394-AKStandard Plan G, CHIR_IDreccbA3CpSYRKM9Bt-268535-AKStandard Preven, CHIR_IDrecy6gS3Y8oF9iVFd-268534-AKValue and Advan, CHIR_IDreceaPYwYqvhwfdbY-268533-AKLegacy (Standar, CHIR_IDrec9lezhyppiduMS8-290284-AKLegacy Diabetic, CHIR_IDrecz2TOibqNJzGEDX-268532-AKStandard and Pe, CHIR_IDrecRDqVEDerLMP7jF-268518-AKCigna National , CHIR_IDrec69p4dVMkC7nJwK-316780-AKCigna National , CHIR_IDrecbkHlq7SP7Ogt7i-316781-AKCigna National , CHIR_IDrecvcjPMepVksvuhe-316782-AKCigna National , CHIR_IDrecb56e5cJCQ6Hmf5-316785-AKCigna National ",4
Cigna,MT,Large Group,6937,,,1
Cigna,MT,Self Funded/Employer Sponsored,117331,"316783, 286395, 136993, 268516, 136991, 268479, 268488, 198422, 268477, 268489, 136990, 268513, 151892, 136992, 268511, 268502, 198426, 268528, 268503, 268529, 268530, 286394, 268535, 268534, 268533, 290284, 268532, 268518, 316780, 316781, 316782, 316785","CHIR_IDrecJUkHMhy9wFydai-316783-AKCigna National , CHIR_IDrecLeYx1W3KeMjAbG-286395-AKStandard Plus P, CHIR_IDrec19rlq1vtNSOYbr-136993-AKCigna Advantage, CHIR_IDrecSc9PHbFNuB92wa-268516-AKCigna Total Sav, CHIR_IDrecopGdpAEow8JYII-136991-AKCigna Performan, CHIR_IDrecFKQWY0a58xrntl-268479-AKCigna Specialty, CHIR_IDrecalp2Vf0dSYE8zP-268488-AKCigna Value 4-T, CHIR_IDrecrSc38zq5JJ64ol-198422-AKCigna Legacy (S, CHIR_IDrecSlQXSljxNDjwxP-268477-AKCigna Standard , CHIR_IDrecvhsz05Tb03gEcw-268489-AKCigna Specialty, CHIR_IDrecJd5kD6r5l5kdhh-136990-AKCigna Performan, CHIR_IDrec12S6n89bo0pR1H-268513-AKCigna Legacy (P, CHIR_IDrecl2FUMKjFmSeaLa-151892-AKCigna Standard , CHIR_IDrech1mbeY7bu1smZ5-136992-AKCigna Advantage, CHIR_IDrecQ40lXEB3LnrTmV-268511-AKCigna Legacy (P, CHIR_IDreceJlrorRcUoCUC9-268502-AKCigna Legacy (S, CHIR_IDrecbPqYntfpVpF3T2-198426-AKCigna Value 3-T, CHIR_IDrecuANwgvoPFcpMrm-268528-AKStandard and Pe, CHIR_IDrecLhChQdPINtnJPv-268503-AKCigna Specialty, CHIR_IDrecHL5acZB4MwThLP-268529-AKValue and Advan, CHIR_IDrecIjID5czWzbR1pX-268530-AKLegacy (Standar, CHIR_IDrec9TSEoHzm9YHyfK-286394-AKStandard Plan G, CHIR_IDreccbA3CpSYRKM9Bt-268535-AKStandard Preven, CHIR_IDrecy6gS3Y8oF9iVFd-268534-AKValue and Advan, CHIR_IDreceaPYwYqvhwfdbY-268533-AKLegacy (Standar, CHIR_IDrec9lezhyppiduMS8-290284-AKLegacy Diabetic, CHIR_IDrecz2TOibqNJzGEDX-268532-AKStandard and Pe, CHIR_IDrecRDqVEDerLMP7jF-268518-AKCigna National , CHIR_IDrec69p4dVMkC7nJwK-316780-AKCigna National , CHIR_IDrecbkHlq7SP7Ogt7i-316781-AKCigna National , CHIR_IDrecvcjPMepVksvuhe-316782-AKCigna National , CHIR_IDrecb56e5cJCQ6Hmf5-316785-AKCigna National ",4
Cigna,NC,Individual,70330,,,3
Cigna,NC,Large Group,15513,,,2
Cigna,NC,Self Funded/Employer Sponsored,528229,"316783, 199855, 315728, 286395, 136993, 268516, 136991, 268479, 268488, 198422, 268477, 268489, 136990, 268513, 151892, 136992, 268511, 268502, 198426, 268528, 268503, 268529, 268530, 286394, 268535, 268534, 268533, 290284, 268532, 268518, 316780, 316781, 316782, 316785","CHIR_IDrecJUkHMhy9wFydai-316783-AKCigna National , CHIR_IDrecl7DpdEpmQtYnyD-199855-NCCigna Rx Plus 5, CHIR_IDreciy9B9sDXpr2Dqs-315728-NCCigna Plus 4-Ti, CHIR_IDrecLeYx1W3KeMjAbG-286395-AKStandard Plus P, CHIR_IDrec19rlq1vtNSOYbr-136993-AKCigna Advantage, CHIR_IDrecSc9PHbFNuB92wa-268516-AKCigna Total Sav, CHIR_IDrecopGdpAEow8JYII-136991-AKCigna Performan, CHIR_IDrecFKQWY0a58xrntl-268479-AKCigna Specialty, CHIR_IDrecalp2Vf0dSYE8zP-268488-AKCigna Value 4-T, CHIR_IDrecrSc38zq5JJ64ol-198422-AKCigna Legacy (S, CHIR_IDrecSlQXSljxNDjwxP-268477-AKCigna Standard , CHIR_IDrecvhsz05Tb03gEcw-268489-AKCigna Specialty, CHIR_IDrecJd5kD6r5l5kdhh-136990-AKCigna Performan, CHIR_IDrec12S6n89bo0pR1H-268513-AKCigna Legacy (P, CHIR_IDrecl2FUMKjFmSeaLa-151892-AKCigna Standard , CHIR_IDrech1mbeY7bu1smZ5-136992-AKCigna Advantage, CHIR_IDrecQ40lXEB3LnrTmV-268511-AKCigna Legacy (P, CHIR_IDreceJlrorRcUoCUC9-268502-AKCigna Legacy (S, CHIR_IDrecbPqYntfpVpF3T2-198426-AKCigna Value 3-T, CHIR_IDrecuANwgvoPFcpMrm-268528-AKStandard and Pe, CHIR_IDrecLhChQdPINtnJPv-268503-AKCigna Specialty, CHIR_IDrecHL5acZB4MwThLP-268529-AKValue and Advan, CHIR_IDrecIjID5czWzbR1pX-268530-AKLegacy (Standar, CHIR_IDrec9TSEoHzm9YHyfK-286394-AKStandard Plan G, CHIR_IDreccbA3CpSYRKM9Bt-268535-AKStandard Preven, CHIR_IDrecy6gS3Y8oF9iVFd-268534-AKValue and Advan, CHIR_IDreceaPYwYqvhwfdbY-268533-AKLegacy (Standar, CHIR_IDrec9lezhyppiduMS8-290284-AKLegacy Diabetic, CHIR_IDrecz2TOibqNJzGEDX-268532-AKStandard and Pe, CHIR_IDrecRDqVEDerLMP7jF-268518-AKCigna National , CHIR_IDrec69p4dVMkC7nJwK-316780-AKCigna National , CHIR_IDrecbkHlq7SP7Ogt7i-316781-AKCigna National , CHIR_IDrecvcjPMepVksvuhe-316782-AKCigna National , CHIR_IDrecb56e5cJCQ6Hmf5-316785-AKCigna National ",5
Cigna,ND,Self Funded/Employer Sponsored,11641,"316783, 286395, 136993, 268516, 136991, 268479, 268488, 198422, 268477, 268489, 136990, 268513, 151892, 136992, 268511, 268502, 198426, 268528, 268503, 268529, 268530, 286394, 268535, 268534, 268533, 290284, 268532, 268518, 316780, 316781, 316782, 316785","CHIR_IDrecJUkHMhy9wFydai-316783-AKCigna National , CHIR_IDrecLeYx1W3KeMjAbG-286395-AKStandard Plus P, CHIR_IDrec19rlq1vtNSOYbr-136993-AKCigna Advantage, CHIR_IDrecSc9PHbFNuB92wa-268516-AKCigna Total Sav, CHIR_IDrecopGdpAEow8JYII-136991-AKCigna Performan, CHIR_IDrecFKQWY0a58xrntl-268479-AKCigna Specialty, CHIR_IDrecalp2Vf0dSYE8zP-268488-AKCigna Value 4-T, CHIR_IDrecrSc38zq5JJ64ol-198422-AKCigna Legacy (S, CHIR_IDrecSlQXSljxNDjwxP-268477-AKCigna Standard , CHIR_IDrecvhsz05Tb03gEcw-268489-AKCigna Specialty, CHIR_IDrecJd5kD6r5l5kdhh-136990-AKCigna Performan, CHIR_IDrec12S6n89bo0pR1H-268513-AKCigna Legacy (P, CHIR_IDrecl2FUMKjFmSeaLa-151892-AKCigna Standard , CHIR_IDrech1mbeY7bu1smZ5-136992-AKCigna Advantage, CHIR_IDrecQ40lXEB3LnrTmV-268511-AKCigna Legacy (P, CHIR_IDreceJlrorRcUoCUC9-268502-AKCigna Legacy (S, CHIR_IDrecbPqYntfpVpF3T2-198426-AKCigna Value 3-T, CHIR_IDrecuANwgvoPFcpMrm-268528-AKStandard and Pe, CHIR_IDrecLhChQdPINtnJPv-268503-AKCigna Specialty, CHIR_IDrecHL5acZB4MwThLP-268529-AKValue and Advan, CHIR_IDrecIjID5czWzbR1pX-268530-AKLegacy (Standar, CHIR_IDrec9TSEoHzm9YHyfK-286394-AKStandard Plan G, CHIR_IDreccbA3CpSYRKM9Bt-268535-AKStandard Preven, CHIR_IDrecy6gS3Y8oF9iVFd-268534-AKValue and Advan, CHIR_IDreceaPYwYqvhwfdbY-268533-AKLegacy (Standar, CHIR_IDrec9lezhyppiduMS8-290284-AKLegacy Diabetic, CHIR_IDrecz2TOibqNJzGEDX-268532-AKStandard and Pe, CHIR_IDrecRDqVEDerLMP7jF-268518-AKCigna National , CHIR_IDrec69p4dVMkC7nJwK-316780-AKCigna National , CHIR_IDrecbkHlq7SP7Ogt7i-316781-AKCigna National , CHIR_IDrecvcjPMepVksvuhe-316782-AKCigna National , CHIR_IDrecb56e5cJCQ6Hmf5-316785-AKCigna National ",1
Cigna,NE,Self Funded/Employer Sponsored,41103,"316783, 286395, 136993, 268516, 136991, 268479, 268488, 198422, 268477, 268489, 136990, 268513, 151892, 136992, 268511, 268502, 198426, 268528, 268503, 268529, 268530, 286394, 268535, 268534, 268533, 290284, 268532, 268518, 316780, 316781, 316782, 316785","CHIR_IDrecJUkHMhy9wFydai-316783-AKCigna National , CHIR_IDrecLeYx1W3KeMjAbG-286395-AKStandard Plus P, CHIR_IDrec19rlq1vtNSOYbr-136993-AKCigna Advantage, CHIR_IDrecSc9PHbFNuB92wa-268516-AKCigna Total Sav, CHIR_IDrecopGdpAEow8JYII-136991-AKCigna Performan, CHIR_IDrecFKQWY0a58xrntl-268479-AKCigna Specialty, CHIR_IDrecalp2Vf0dSYE8zP-268488-AKCigna Value 4-T, CHIR_IDrecrSc38zq5JJ64ol-198422-AKCigna Legacy (S, CHIR_IDrecSlQXSljxNDjwxP-268477-AKCigna Standard , CHIR_IDrecvhsz05Tb03gEcw-268489-AKCigna Specialty, CHIR_IDrecJd5kD6r5l5kdhh-136990-AKCigna Performan, CHIR_IDrec12S6n89bo0pR1H-268513-AKCigna Legacy (P, CHIR_IDrecl2FUMKjFmSeaLa-151892-AKCigna Standard , CHIR_IDrech1mbeY7bu1smZ5-136992-AKCigna Advantage, CHIR_IDrecQ40lXEB3LnrTmV-268511-AKCigna Legacy (P, CHIR_IDreceJlrorRcUoCUC9-268502-AKCigna Legacy (S, CHIR_IDrecbPqYntfpVpF3T2-198426-AKCigna Value 3-T, CHIR_IDrecuANwgvoPFcpMrm-268528-AKStandard and Pe, CHIR_IDrecLhChQdPINtnJPv-268503-AKCigna Specialty, CHIR_IDrecHL5acZB4MwThLP-268529-AKValue and Advan, CHIR_IDrecIjID5czWzbR1pX-268530-AKLegacy (Standar, CHIR_IDrec9TSEoHzm9YHyfK-286394-AKStandard Plan G, CHIR_IDreccbA3CpSYRKM9Bt-268535-AKStandard Preven, CHIR_IDrecy6gS3Y8oF9iVFd-268534-AKValue and Advan, CHIR_IDreceaPYwYqvhwfdbY-268533-AKLegacy (Standar, CHIR_IDrec9lezhyppiduMS8-290284-AKLegacy Diabetic, CHIR_IDrecz2TOibqNJzGEDX-268532-AKStandard and Pe, CHIR_IDrecRDqVEDerLMP7jF-268518-AKCigna National , CHIR_IDrec69p4dVMkC7nJwK-316780-AKCigna National , CHIR_IDrecbkHlq7SP7Ogt7i-316781-AKCigna National , CHIR_IDrecvcjPMepVksvuhe-316782-AKCigna National , CHIR_IDrecb56e5cJCQ6Hmf5-316785-AKCigna National ",3
Cigna,NH,Large Group,10673,,,1
Cigna,NH,Self Funded/Employer Sponsored,112604,"316783, 286395, 136993, 268516, 136991, 268479, 268488, 198422, 268477, 268489, 136990, 268513, 151892, 136992, 268511, 268502, 198426, 268528, 268503, 268529, 268530, 286394, 268535, 268534, 268533, 290284, 268532, 268518, 316780, 316781, 316782, 316785","CHIR_IDrecJUkHMhy9wFydai-316783-AKCigna National , CHIR_IDrecLeYx1W3KeMjAbG-286395-AKStandard Plus P, CHIR_IDrec19rlq1vtNSOYbr-136993-AKCigna Advantage, CHIR_IDrecSc9PHbFNuB92wa-268516-AKCigna Total Sav, CHIR_IDrecopGdpAEow8JYII-136991-AKCigna Performan, CHIR_IDrecFKQWY0a58xrntl-268479-AKCigna Specialty, CHIR_IDrecalp2Vf0dSYE8zP-268488-AKCigna Value 4-T, CHIR_IDrecrSc38zq5JJ64ol-198422-AKCigna Legacy (S, CHIR_IDrecSlQXSljxNDjwxP-268477-AKCigna Standard , CHIR_IDrecvhsz05Tb03gEcw-268489-AKCigna Specialty, CHIR_IDrecJd5kD6r5l5kdhh-136990-AKCigna Performan, CHIR_IDrec12S6n89bo0pR1H-268513-AKCigna Legacy (P, CHIR_IDrecl2FUMKjFmSeaLa-151892-AKCigna Standard , CHIR_IDrech1mbeY7bu1smZ5-136992-AKCigna Advantage, CHIR_IDrecQ40lXEB3LnrTmV-268511-AKCigna Legacy (P, CHIR_IDreceJlrorRcUoCUC9-268502-AKCigna Legacy (S, CHIR_IDrecbPqYntfpVpF3T2-198426-AKCigna Value 3-T, CHIR_IDrecuANwgvoPFcpMrm-268528-AKStandard and Pe, CHIR_IDrecLhChQdPINtnJPv-268503-AKCigna Specialty, CHIR_IDrecHL5acZB4MwThLP-268529-AKValue and Advan, CHIR_IDrecIjID5czWzbR1pX-268530-AKLegacy (Standar, CHIR_IDrec9TSEoHzm9YHyfK-286394-AKStandard Plan G, CHIR_IDreccbA3CpSYRKM9Bt-268535-AKStandard Preven, CHIR_IDrecy6gS3Y8oF9iVFd-268534-AKValue and Advan, CHIR_IDreceaPYwYqvhwfdbY-268533-AKLegacy (Standar, CHIR_IDrec9lezhyppiduMS8-290284-AKLegacy Diabetic, CHIR_IDrecz2TOibqNJzGEDX-268532-AKStandard and Pe, CHIR_IDrecRDqVEDerLMP7jF-268518-AKCigna National , CHIR_IDrec69p4dVMkC7nJwK-316780-AKCigna National , CHIR_IDrecbkHlq7SP7Ogt7i-316781-AKCigna National , CHIR_IDrecvcjPMepVksvuhe-316782-AKCigna National , CHIR_IDrecb56e5cJCQ6Hmf5-316785-AKCigna National ",4
Cigna,NJ,Large Group,65316,,,3
Cigna,NJ,Self Funded/Employer Sponsored,1231753,"316783, 286395, 136993, 268516, 136991, 268479, 268488, 198422, 268477, 268489, 136990, 268513, 151892, 136992, 268511, 268502, 198426, 268528, 268503, 268529, 268530, 286394, 268535, 268534, 268533, 290284, 268532, 268518, 316780, 316781, 316782, 316785","CHIR_IDrecJUkHMhy9wFydai-316783-AKCigna National , CHIR_IDrecLeYx1W3KeMjAbG-286395-AKStandard Plus P, CHIR_IDrec19rlq1vtNSOYbr-136993-AKCigna Advantage, CHIR_IDrecSc9PHbFNuB92wa-268516-AKCigna Total Sav, CHIR_IDrecopGdpAEow8JYII-136991-AKCigna Performan, CHIR_IDrecFKQWY0a58xrntl-268479-AKCigna Specialty, CHIR_IDrecalp2Vf0dSYE8zP-268488-AKCigna Value 4-T, CHIR_IDrecrSc38zq5JJ64ol-198422-AKCigna Legacy (S, CHIR_IDrecSlQXSljxNDjwxP-268477-AKCigna Standard , CHIR_IDrecvhsz05Tb03gEcw-268489-AKCigna Specialty, CHIR_IDrecJd5kD6r5l5kdhh-136990-AKCigna Performan, CHIR_IDrec12S6n89bo0pR1H-268513-AKCigna Legacy (P, CHIR_IDrecl2FUMKjFmSeaLa-151892-AKCigna Standard , CHIR_IDrech1mbeY7bu1smZ5-136992-AKCigna Advantage, CHIR_IDrecQ40lXEB3LnrTmV-268511-AKCigna Legacy (P, CHIR_IDreceJlrorRcUoCUC9-268502-AKCigna Legacy (S, CHIR_IDrecbPqYntfpVpF3T2-198426-AKCigna Value 3-T, CHIR_IDrecuANwgvoPFcpMrm-268528-AKStandard and Pe, CHIR_IDrecLhChQdPINtnJPv-268503-AKCigna Specialty, CHIR_IDrecHL5acZB4MwThLP-268529-AKValue and Advan, CHIR_IDrecIjID5czWzbR1pX-268530-AKLegacy (Standar, CHIR_IDrec9TSEoHzm9YHyfK-286394-AKStandard Plan G, CHIR_IDreccbA3CpSYRKM9Bt-268535-AKStandard Preven, CHIR_IDrecy6gS3Y8oF9iVFd-268534-AKValue and Advan, CHIR_IDreceaPYwYqvhwfdbY-268533-AKLegacy (Standar, CHIR_IDrec9lezhyppiduMS8-290284-AKLegacy Diabetic, CHIR_IDrecz2TOibqNJzGEDX-268532-AKStandard and Pe, CHIR_IDrecRDqVEDerLMP7jF-268518-AKCigna National , CHIR_IDrec69p4dVMkC7nJwK-316780-AKCigna National , CHIR_IDrecbkHlq7SP7Ogt7i-316781-AKCigna National , CHIR_IDrecvcjPMepVksvuhe-316782-AKCigna National , CHIR_IDrecb56e5cJCQ6Hmf5-316785-AKCigna National ",5
Cigna,NM,Self Funded/Employer Sponsored,52892,"316783, 286395, 136993, 268516, 136991, 268479, 268488, 198422, 268477, 268489, 136990, 268513, 151892, 136992, 268511, 268502, 198426, 268528, 268503, 268529, 268530, 286394, 268535, 268534, 268533, 290284, 268532, 268518, 316780, 316781, 316782, 316785","CHIR_IDrecJUkHMhy9wFydai-316783-AKCigna National , CHIR_IDrecLeYx1W3KeMjAbG-286395-AKStandard Plus P, CHIR_IDrec19rlq1vtNSOYbr-136993-AKCigna Advantage, CHIR_IDrecSc9PHbFNuB92wa-268516-AKCigna Total Sav, CHIR_IDrecopGdpAEow8JYII-136991-AKCigna Performan, CHIR_IDrecFKQWY0a58xrntl-268479-AKCigna Specialty, CHIR_IDrecalp2Vf0dSYE8zP-268488-AKCigna Value 4-T, CHIR_IDrecrSc38zq5JJ64ol-198422-AKCigna Legacy (S, CHIR_IDrecSlQXSljxNDjwxP-268477-AKCigna Standard , CHIR_IDrecvhsz05Tb03gEcw-268489-AKCigna Specialty, CHIR_IDrecJd5kD6r5l5kdhh-136990-AKCigna Performan, CHIR_IDrec12S6n89bo0pR1H-268513-AKCigna Legacy (P, CHIR_IDrecl2FUMKjFmSeaLa-151892-AKCigna Standard , CHIR_IDrech1mbeY7bu1smZ5-136992-AKCigna Advantage, CHIR_IDrecQ40lXEB3LnrTmV-268511-AKCigna Legacy (P, CHIR_IDreceJlrorRcUoCUC9-268502-AKCigna Legacy (S, CHIR_IDrecbPqYntfpVpF3T2-198426-AKCigna Value 3-T, CHIR_IDrecuANwgvoPFcpMrm-268528-AKStandard and Pe, CHIR_IDrecLhChQdPINtnJPv-268503-AKCigna Specialty, CHIR_IDrecHL5acZB4MwThLP-268529-AKValue and Advan, CHIR_IDrecIjID5czWzbR1pX-268530-AKLegacy (Standar, CHIR_IDrec9TSEoHzm9YHyfK-286394-AKStandard Plan G, CHIR_IDreccbA3CpSYRKM9Bt-268535-AKStandard Preven, CHIR_IDrecy6gS3Y8oF9iVFd-268534-AKValue and Advan, CHIR_IDreceaPYwYqvhwfdbY-268533-AKLegacy (Standar, CHIR_IDrec9lezhyppiduMS8-290284-AKLegacy Diabetic, CHIR_IDrecz2TOibqNJzGEDX-268532-AKStandard and Pe, CHIR_IDrecRDqVEDerLMP7jF-268518-AKCigna National , CHIR_IDrec69p4dVMkC7nJwK-316780-AKCigna National , CHIR_IDrecbkHlq7SP7Ogt7i-316781-AKCigna National , CHIR_IDrecvcjPMepVksvuhe-316782-AKCigna National , CHIR_IDrecb56e5cJCQ6Hmf5-316785-AKCigna National ",3
Cigna,NV,Large Group,3868,,,1
Cigna,NV,Self Funded/Employer Sponsored,117404,"316783, 286395, 136993, 268516, 136991, 268479, 268488, 198422, 268477, 268489, 136990, 268513, 151892, 136992, 268511, 268502, 198426, 268528, 268503, 268529, 268530, 286394, 268535, 268534, 268533, 290284, 268532, 268518, 316780, 316781, 316782, 316785","CHIR_IDrecJUkHMhy9wFydai-316783-AKCigna National , CHIR_IDrecLeYx1W3KeMjAbG-286395-AKStandard Plus P, CHIR_IDrec19rlq1vtNSOYbr-136993-AKCigna Advantage, CHIR_IDrecSc9PHbFNuB92wa-268516-AKCigna Total Sav, CHIR_IDrecopGdpAEow8JYII-136991-AKCigna Performan, CHIR_IDrecFKQWY0a58xrntl-268479-AKCigna Specialty, CHIR_IDrecalp2Vf0dSYE8zP-268488-AKCigna Value 4-T, CHIR_IDrecrSc38zq5JJ64ol-198422-AKCigna Legacy (S, CHIR_IDrecSlQXSljxNDjwxP-268477-AKCigna Standard , CHIR_IDrecvhsz05Tb03gEcw-268489-AKCigna Specialty, CHIR_IDrecJd5kD6r5l5kdhh-136990-AKCigna Performan, CHIR_IDrec12S6n89bo0pR1H-268513-AKCigna Legacy (P, CHIR_IDrecl2FUMKjFmSeaLa-151892-AKCigna Standard , CHIR_IDrech1mbeY7bu1smZ5-136992-AKCigna Advantage, CHIR_IDrecQ40lXEB3LnrTmV-268511-AKCigna Legacy (P, CHIR_IDreceJlrorRcUoCUC9-268502-AKCigna Legacy (S, CHIR_IDrecbPqYntfpVpF3T2-198426-AKCigna Value 3-T, CHIR_IDrecuANwgvoPFcpMrm-268528-AKStandard and Pe, CHIR_IDrecLhChQdPINtnJPv-268503-AKCigna Specialty, CHIR_IDrecHL5acZB4MwThLP-268529-AKValue and Advan, CHIR_IDrecIjID5czWzbR1pX-268530-AKLegacy (Standar, CHIR_IDrec9TSEoHzm9YHyfK-286394-AKStandard Plan G, CHIR_IDreccbA3CpSYRKM9Bt-268535-AKStandard Preven, CHIR_IDrecy6gS3Y8oF9iVFd-268534-AKValue and Advan, CHIR_IDreceaPYwYqvhwfdbY-268533-AKLegacy (Standar, CHIR_IDrec9lezhyppiduMS8-290284-AKLegacy Diabetic, CHIR_IDrecz2TOibqNJzGEDX-268532-AKStandard and Pe, CHIR_IDrecRDqVEDerLMP7jF-268518-AKCigna National , CHIR_IDrec69p4dVMkC7nJwK-316780-AKCigna National , CHIR_IDrecbkHlq7SP7Ogt7i-316781-AKCigna National , CHIR_IDrecvcjPMepVksvuhe-316782-AKCigna National , CHIR_IDrecb56e5cJCQ6Hmf5-316785-AKCigna National ",4
Cigna,NY,Large Group,185867,,,4
Cigna,NY,Self Funded/Employer Sponsored,682031,"316783, 286395, 136993, 268516, 136991, 268479, 268488, 198422, 268477, 268489, 136990, 268513, 151892, 136992, 268511, 268502, 198426, 268528, 268503, 268529, 268530, 286394, 268535, 268534, 268533, 290284, 268532, 268518, 316780, 316781, 316782, 316785","CHIR_IDrecJUkHMhy9wFydai-316783-AKCigna National , CHIR_IDrecLeYx1W3KeMjAbG-286395-AKStandard Plus P, CHIR_IDrec19rlq1vtNSOYbr-136993-AKCigna Advantage, CHIR_IDrecSc9PHbFNuB92wa-268516-AKCigna Total Sav, CHIR_IDrecopGdpAEow8JYII-136991-AKCigna Performan, CHIR_IDrecFKQWY0a58xrntl-268479-AKCigna Specialty, CHIR_IDrecalp2Vf0dSYE8zP-268488-AKCigna Value 4-T, CHIR_IDrecrSc38zq5JJ64ol-198422-AKCigna Legacy (S, CHIR_IDrecSlQXSljxNDjwxP-268477-AKCigna Standard , CHIR_IDrecvhsz05Tb03gEcw-268489-AKCigna Specialty, CHIR_IDrecJd5kD6r5l5kdhh-136990-AKCigna Performan, CHIR_IDrec12S6n89bo0pR1H-268513-AKCigna Legacy (P, CHIR_IDrecl2FUMKjFmSeaLa-151892-AKCigna Standard , CHIR_IDrech1mbeY7bu1smZ5-136992-AKCigna Advantage, CHIR_IDrecQ40lXEB3LnrTmV-268511-AKCigna Legacy (P, CHIR_IDreceJlrorRcUoCUC9-268502-AKCigna Legacy (S, CHIR_IDrecbPqYntfpVpF3T2-198426-AKCigna Value 3-T, CHIR_IDrecuANwgvoPFcpMrm-268528-AKStandard and Pe, CHIR_IDrecLhChQdPINtnJPv-268503-AKCigna Specialty, CHIR_IDrecHL5acZB4MwThLP-268529-AKValue and Advan, CHIR_IDrecIjID5czWzbR1pX-268530-AKLegacy (Standar, CHIR_IDrec9TSEoHzm9YHyfK-286394-AKStandard Plan G, CHIR_IDreccbA3CpSYRKM9Bt-268535-AKStandard Preven, CHIR_IDrecy6gS3Y8oF9iVFd-268534-AKValue and Advan, CHIR_IDreceaPYwYqvhwfdbY-268533-AKLegacy (Standar, CHIR_IDrec9lezhyppiduMS8-290284-AKLegacy Diabetic, CHIR_IDrecz2TOibqNJzGEDX-268532-AKStandard and Pe, CHIR_IDrecRDqVEDerLMP7jF-268518-AKCigna National , CHIR_IDrec69p4dVMkC7nJwK-316780-AKCigna National , CHIR_IDrecbkHlq7SP7Ogt7i-316781-AKCigna National , CHIR_IDrecvcjPMepVksvuhe-316782-AKCigna National , CHIR_IDrecb56e5cJCQ6Hmf5-316785-AKCigna National ",5
Cigna,OH,Large Group,9794,,,1
Cigna,OH,Self Funded/Employer Sponsored,364971,"316783, 286395, 136993, 268516, 136991, 268479, 268488, 198422, 268477, 268489, 136990, 268513, 151892, 136992, 268511, 268502, 198426, 268528, 268503, 268529, 268530, 286394, 268535, 268534, 268533, 290284, 268532, 268518, 316780, 316781, 316782, 316785","CHIR_IDrecJUkHMhy9wFydai-316783-AKCigna National , CHIR_IDrecLeYx1W3KeMjAbG-286395-AKStandard Plus P, CHIR_IDrec19rlq1vtNSOYbr-136993-AKCigna Advantage, CHIR_IDrecSc9PHbFNuB92wa-268516-AKCigna Total Sav, CHIR_IDrecopGdpAEow8JYII-136991-AKCigna Performan, CHIR_IDrecFKQWY0a58xrntl-268479-AKCigna Specialty, CHIR_IDrecalp2Vf0dSYE8zP-268488-AKCigna Value 4-T, CHIR_IDrecrSc38zq5JJ64ol-198422-AKCigna Legacy (S, CHIR_IDrecSlQXSljxNDjwxP-268477-AKCigna Standard , CHIR_IDrecvhsz05Tb03gEcw-268489-AKCigna Specialty, CHIR_IDrecJd5kD6r5l5kdhh-136990-AKCigna Performan, CHIR_IDrec12S6n89bo0pR1H-268513-AKCigna Legacy (P, CHIR_IDrecl2FUMKjFmSeaLa-151892-AKCigna Standard , CHIR_IDrech1mbeY7bu1smZ5-136992-AKCigna Advantage, CHIR_IDrecQ40lXEB3LnrTmV-268511-AKCigna Legacy (P, CHIR_IDreceJlrorRcUoCUC9-268502-AKCigna Legacy (S, CHIR_IDrecbPqYntfpVpF3T2-198426-AKCigna Value 3-T, CHIR_IDrecuANwgvoPFcpMrm-268528-AKStandard and Pe, CHIR_IDrecLhChQdPINtnJPv-268503-AKCigna Specialty, CHIR_IDrecHL5acZB4MwThLP-268529-AKValue and Advan, CHIR_IDrecIjID5czWzbR1pX-268530-AKLegacy (Standar, CHIR_IDrec9TSEoHzm9YHyfK-286394-AKStandard Plan G, CHIR_IDreccbA3CpSYRKM9Bt-268535-AKStandard Preven, CHIR_IDrecy6gS3Y8oF9iVFd-268534-AKValue and Advan, CHIR_IDreceaPYwYqvhwfdbY-268533-AKLegacy (Standar, CHIR_IDrec9lezhyppiduMS8-290284-AKLegacy Diabetic, CHIR_IDrecz2TOibqNJzGEDX-268532-AKStandard and Pe, CHIR_IDrecRDqVEDerLMP7jF-268518-AKCigna National , CHIR_IDrec69p4dVMkC7nJwK-316780-AKCigna National , CHIR_IDrecbkHlq7SP7Ogt7i-316781-AKCigna National , CHIR_IDrecvcjPMepVksvuhe-316782-AKCigna National , CHIR_IDrecb56e5cJCQ6Hmf5-316785-AKCigna National ",5
Cigna,OK,Self Funded/Employer Sponsored,98316,"316783, 286395, 136993, 268516, 136991, 268479, 268488, 198422, 268477, 268489, 136990, 268513, 151892, 136992, 268511, 268502, 198426, 268528, 268503, 268529, 268530, 286394, 268535, 268534, 268533, 290284, 268532, 268518, 316780, 316781, 316782, 316785","CHIR_IDrecJUkHMhy9wFydai-316783-AKCigna National , CHIR_IDrecLeYx1W3KeMjAbG-286395-AKStandard Plus P, CHIR_IDrec19rlq1vtNSOYbr-136993-AKCigna Advantage, CHIR_IDrecSc9PHbFNuB92wa-268516-AKCigna Total Sav, CHIR_IDrecopGdpAEow8JYII-136991-AKCigna Performan, CHIR_IDrecFKQWY0a58xrntl-268479-AKCigna Specialty, CHIR_IDrecalp2Vf0dSYE8zP-268488-AKCigna Value 4-T, CHIR_IDrecrSc38zq5JJ64ol-198422-AKCigna Legacy (S, CHIR_IDrecSlQXSljxNDjwxP-268477-AKCigna Standard , CHIR_IDrecvhsz05Tb03gEcw-268489-AKCigna Specialty, CHIR_IDrecJd5kD6r5l5kdhh-136990-AKCigna Performan, CHIR_IDrec12S6n89bo0pR1H-268513-AKCigna Legacy (P, CHIR_IDrecl2FUMKjFmSeaLa-151892-AKCigna Standard , CHIR_IDrech1mbeY7bu1smZ5-136992-AKCigna Advantage, CHIR_IDrecQ40lXEB3LnrTmV-268511-AKCigna Legacy (P, CHIR_IDreceJlrorRcUoCUC9-268502-AKCigna Legacy (S, CHIR_IDrecbPqYntfpVpF3T2-198426-AKCigna Value 3-T, CHIR_IDrecuANwgvoPFcpMrm-268528-AKStandard and Pe, CHIR_IDrecLhChQdPINtnJPv-268503-AKCigna Specialty, CHIR_IDrecHL5acZB4MwThLP-268529-AKValue and Advan, CHIR_IDrecIjID5czWzbR1pX-268530-AKLegacy (Standar, CHIR_IDrec9TSEoHzm9YHyfK-286394-AKStandard Plan G, CHIR_IDreccbA3CpSYRKM9Bt-268535-AKStandard Preven, CHIR_IDrecy6gS3Y8oF9iVFd-268534-AKValue and Advan, CHIR_IDreceaPYwYqvhwfdbY-268533-AKLegacy (Standar, CHIR_IDrec9lezhyppiduMS8-290284-AKLegacy Diabetic, CHIR_IDrecz2TOibqNJzGEDX-268532-AKStandard and Pe, CHIR_IDrecRDqVEDerLMP7jF-268518-AKCigna National , CHIR_IDrec69p4dVMkC7nJwK-316780-AKCigna National , CHIR_IDrecbkHlq7SP7Ogt7i-316781-AKCigna National , CHIR_IDrecvcjPMepVksvuhe-316782-AKCigna National , CHIR_IDrecb56e5cJCQ6Hmf5-316785-AKCigna National ",4
Cigna,OR,Large Group,18051,,,2
Cigna,OR,Self Funded/Employer Sponsored,80879,"316783, 286395, 136993, 268516, 136991, 268479, 268488, 198422, 268477, 268489, 136990, 268513, 151892, 136992, 268511, 268502, 198426, 268528, 268503, 268529, 268530, 286394, 268535, 268534, 268533, 290284, 268532, 268518, 316780, 316781, 316782, 316785","CHIR_IDrecJUkHMhy9wFydai-316783-AKCigna National , CHIR_IDrecLeYx1W3KeMjAbG-286395-AKStandard Plus P, CHIR_IDrec19rlq1vtNSOYbr-136993-AKCigna Advantage, CHIR_IDrecSc9PHbFNuB92wa-268516-AKCigna Total Sav, CHIR_IDrecopGdpAEow8JYII-136991-AKCigna Performan, CHIR_IDrecFKQWY0a58xrntl-268479-AKCigna Specialty, CHIR_IDrecalp2Vf0dSYE8zP-268488-AKCigna Value 4-T, CHIR_IDrecrSc38zq5JJ64ol-198422-AKCigna Legacy (S, CHIR_IDrecSlQXSljxNDjwxP-268477-AKCigna Standard , CHIR_IDrecvhsz05Tb03gEcw-268489-AKCigna Specialty, CHIR_IDrecJd5kD6r5l5kdhh-136990-AKCigna Performan, CHIR_IDrec12S6n89bo0pR1H-268513-AKCigna Legacy (P, CHIR_IDrecl2FUMKjFmSeaLa-151892-AKCigna Standard , CHIR_IDrech1mbeY7bu1smZ5-136992-AKCigna Advantage, CHIR_IDrecQ40lXEB3LnrTmV-268511-AKCigna Legacy (P, CHIR_IDreceJlrorRcUoCUC9-268502-AKCigna Legacy (S, CHIR_IDrecbPqYntfpVpF3T2-198426-AKCigna Value 3-T, CHIR_IDrecuANwgvoPFcpMrm-268528-AKStandard and Pe, CHIR_IDrecLhChQdPINtnJPv-268503-AKCigna Specialty, CHIR_IDrecHL5acZB4MwThLP-268529-AKValue and Advan, CHIR_IDrecIjID5czWzbR1pX-268530-AKLegacy (Standar, CHIR_IDrec9TSEoHzm9YHyfK-286394-AKStandard Plan G, CHIR_IDreccbA3CpSYRKM9Bt-268535-AKStandard Preven, CHIR_IDrecy6gS3Y8oF9iVFd-268534-AKValue and Advan, CHIR_IDreceaPYwYqvhwfdbY-268533-AKLegacy (Standar, CHIR_IDrec9lezhyppiduMS8-290284-AKLegacy Diabetic, CHIR_IDrecz2TOibqNJzGEDX-268532-AKStandard and Pe, CHIR_IDrecRDqVEDerLMP7jF-268518-AKCigna National , CHIR_IDrec69p4dVMkC7nJwK-316780-AKCigna National , CHIR_IDrecbkHlq7SP7Ogt7i-316781-AKCigna National , CHIR_IDrecvcjPMepVksvuhe-316782-AKCigna National , CHIR_IDrecb56e5cJCQ6Hmf5-316785-AKCigna National ",3
Cigna,PA,Large Group,15968,,,2
Cigna,PA,Self Funded/Employer Sponsored,352514,"309486, 316783, 286395, 136993, 268516, 136991, 268479, 268488, 198422, 268477, 268489, 136990, 268513, 151892, 136992, 268511, 268502, 198426, 268528, 268503, 268529, 268530, 286394, 268535, 268534, 268533, 290284, 268532, 268518, 316780, 316781, 316782, 316785","CHIR_IDrecqcwFXQ0JRL9UiJ-309486-PAOscar and Cigna, CHIR_IDrecJUkHMhy9wFydai-316783-AKCigna National , CHIR_IDrecLeYx1W3KeMjAbG-286395-AKStandard Plus P, CHIR_IDrec19rlq1vtNSOYbr-136993-AKCigna Advantage, CHIR_IDrecSc9PHbFNuB92wa-268516-AKCigna Total Sav, CHIR_IDrecopGdpAEow8JYII-136991-AKCigna Performan, CHIR_IDrecFKQWY0a58xrntl-268479-AKCigna Specialty, CHIR_IDrecalp2Vf0dSYE8zP-268488-AKCigna Value 4-T, CHIR_IDrecrSc38zq5JJ64ol-198422-AKCigna Legacy (S, CHIR_IDrecSlQXSljxNDjwxP-268477-AKCigna Standard , CHIR_IDrecvhsz05Tb03gEcw-268489-AKCigna Specialty, CHIR_IDrecJd5kD6r5l5kdhh-136990-AKCigna Performan, CHIR_IDrec12S6n89bo0pR1H-268513-AKCigna Legacy (P, CHIR_IDrecl2FUMKjFmSeaLa-151892-AKCigna Standard , CHIR_IDrech1mbeY7bu1smZ5-136992-AKCigna Advantage, CHIR_IDrecQ40lXEB3LnrTmV-268511-AKCigna Legacy (P, CHIR_IDreceJlrorRcUoCUC9-268502-AKCigna Legacy (S, CHIR_IDrecbPqYntfpVpF3T2-198426-AKCigna Value 3-T, CHIR_IDrecuANwgvoPFcpMrm-268528-AKStandard and Pe, CHIR_IDrecLhChQdPINtnJPv-268503-AKCigna Specialty, CHIR_IDrecHL5acZB4MwThLP-268529-AKValue and Advan, CHIR_IDrecIjID5czWzbR1pX-268530-AKLegacy (Standar, CHIR_IDrec9TSEoHzm9YHyfK-286394-AKStandard Plan G, CHIR_IDreccbA3CpSYRKM9Bt-268535-AKStandard Preven, CHIR_IDrecy6gS3Y8oF9iVFd-268534-AKValue and Advan, CHIR_IDreceaPYwYqvhwfdbY-268533-AKLegacy (Standar, CHIR_IDrec9lezhyppiduMS8-290284-AKLegacy Diabetic, CHIR_IDrecz2TOibqNJzGEDX-268532-AKStandard and Pe, CHIR_IDrecRDqVEDerLMP7jF-268518-AKCigna National , CHIR_IDrec69p4dVMkC7nJwK-316780-AKCigna National , CHIR_IDrecbkHlq7SP7Ogt7i-316781-AKCigna National , CHIR_IDrecvcjPMepVksvuhe-316782-AKCigna National , CHIR_IDrecb56e5cJCQ6Hmf5-316785-AKCigna National ",5
Cigna,PR,Self Funded/Employer Sponsored,711,,,1
Cigna,RI,Large Group,2026,,,1
Cigna,RI,Self Funded/Employer Sponsored,32868,"316783, 286395, 136993, 268516, 136991, 268479, 268488, 198422, 268477, 268489, 136990, 268513, 151892, 136992, 268511, 268502, 198426, 268528, 268503, 268529, 268530, 286394, 268535, 268534, 268533, 290284, 268532, 268518, 316780, 316781, 316782, 316785","CHIR_IDrecJUkHMhy9wFydai-316783-AKCigna National , CHIR_IDrecLeYx1W3KeMjAbG-286395-AKStandard Plus P, CHIR_IDrec19rlq1vtNSOYbr-136993-AKCigna Advantage, CHIR_IDrecSc9PHbFNuB92wa-268516-AKCigna Total Sav, CHIR_IDrecopGdpAEow8JYII-136991-AKCigna Performan, CHIR_IDrecFKQWY0a58xrntl-268479-AKCigna Specialty, CHIR_IDrecalp2Vf0dSYE8zP-268488-AKCigna Value 4-T, CHIR_IDrecrSc38zq5JJ64ol-198422-AKCigna Legacy (S, CHIR_IDrecSlQXSljxNDjwxP-268477-AKCigna Standard , CHIR_IDrecvhsz05Tb03gEcw-268489-AKCigna Specialty, CHIR_IDrecJd5kD6r5l5kdhh-136990-AKCigna Performan, CHIR_IDrec12S6n89bo0pR1H-268513-AKCigna Legacy (P, CHIR_IDrecl2FUMKjFmSeaLa-151892-AKCigna Standard , CHIR_IDrech1mbeY7bu1smZ5-136992-AKCigna Advantage, CHIR_IDrecQ40lXEB3LnrTmV-268511-AKCigna Legacy (P, CHIR_IDreceJlrorRcUoCUC9-268502-AKCigna Legacy (S, CHIR_IDrecbPqYntfpVpF3T2-198426-AKCigna Value 3-T, CHIR_IDrecuANwgvoPFcpMrm-268528-AKStandard and Pe, CHIR_IDrecLhChQdPINtnJPv-268503-AKCigna Specialty, CHIR_IDrecHL5acZB4MwThLP-268529-AKValue and Advan, CHIR_IDrecIjID5czWzbR1pX-268530-AKLegacy (Standar, CHIR_IDrec9TSEoHzm9YHyfK-286394-AKStandard Plan G, CHIR_IDreccbA3CpSYRKM9Bt-268535-AKStandard Preven, CHIR_IDrecy6gS3Y8oF9iVFd-268534-AKValue and Advan, CHIR_IDreceaPYwYqvhwfdbY-268533-AKLegacy (Standar, CHIR_IDrec9lezhyppiduMS8-290284-AKLegacy Diabetic, CHIR_IDrecz2TOibqNJzGEDX-268532-AKStandard and Pe, CHIR_IDrecRDqVEDerLMP7jF-268518-AKCigna National , CHIR_IDrec69p4dVMkC7nJwK-316780-AKCigna National , CHIR_IDrecbkHlq7SP7Ogt7i-316781-AKCigna National , CHIR_IDrecvcjPMepVksvuhe-316782-AKCigna National , CHIR_IDrecb56e5cJCQ6Hmf5-316785-AKCigna National ",2
Cigna,SC,Large Group,5433,,,1
Cigna,SC,Self Funded/Employer Sponsored,234779,"316783, 286395, 136993, 268516, 136991, 268479, 268488, 198422, 268477, 268489, 136990, 268513, 151892, 136992, 268511, 268502, 198426, 268528, 268503, 268529, 268530, 286394, 268535, 268534, 268533, 290284, 268532, 268518, 316780, 316781, 316782, 316785","CHIR_IDrecJUkHMhy9wFydai-316783-AKCigna National , CHIR_IDrecLeYx1W3KeMjAbG-286395-AKStandard Plus P, CHIR_IDrec19rlq1vtNSOYbr-136993-AKCigna Advantage, CHIR_IDrecSc9PHbFNuB92wa-268516-AKCigna Total Sav, CHIR_IDrecopGdpAEow8JYII-136991-AKCigna Performan, CHIR_IDrecFKQWY0a58xrntl-268479-AKCigna Specialty, CHIR_IDrecalp2Vf0dSYE8zP-268488-AKCigna Value 4-T, CHIR_IDrecrSc38zq5JJ64ol-198422-AKCigna Legacy (S, CHIR_IDrecSlQXSljxNDjwxP-268477-AKCigna Standard , CHIR_IDrecvhsz05Tb03gEcw-268489-AKCigna Specialty, CHIR_IDrecJd5kD6r5l5kdhh-136990-AKCigna Performan, CHIR_IDrec12S6n89bo0pR1H-268513-AKCigna Legacy (P, CHIR_IDrecl2FUMKjFmSeaLa-151892-AKCigna Standard , CHIR_IDrech1mbeY7bu1smZ5-136992-AKCigna Advantage, CHIR_IDrecQ40lXEB3LnrTmV-268511-AKCigna Legacy (P, CHIR_IDreceJlrorRcUoCUC9-268502-AKCigna Legacy (S, CHIR_IDrecbPqYntfpVpF3T2-198426-AKCigna Value 3-T, CHIR_IDrecuANwgvoPFcpMrm-268528-AKStandard and Pe, CHIR_IDrecLhChQdPINtnJPv-268503-AKCigna Specialty, CHIR_IDrecHL5acZB4MwThLP-268529-AKValue and Advan, CHIR_IDrecIjID5czWzbR1pX-268530-AKLegacy (Standar, CHIR_IDrec9TSEoHzm9YHyfK-286394-AKStandard Plan G, CHIR_IDreccbA3CpSYRKM9Bt-268535-AKStandard Preven, CHIR_IDrecy6gS3Y8oF9iVFd-268534-AKValue and Advan, CHIR_IDreceaPYwYqvhwfdbY-268533-AKLegacy (Standar, CHIR_IDrec9lezhyppiduMS8-290284-AKLegacy Diabetic, CHIR_IDrecz2TOibqNJzGEDX-268532-AKStandard and Pe, CHIR_IDrecRDqVEDerLMP7jF-268518-AKCigna National , CHIR_IDrec69p4dVMkC7nJwK-316780-AKCigna National , CHIR_IDrecbkHlq7SP7Ogt7i-316781-AKCigna National , CHIR_IDrecvcjPMepVksvuhe-316782-AKCigna National , CHIR_IDrecb56e5cJCQ6Hmf5-316785-AKCigna National ",4
Cigna,SD,Self Funded/Employer Sponsored,11670,"316783, 286395, 136993, 268516, 136991, 268479, 268488, 198422, 268477, 268489, 136990, 268513, 151892, 136992, 268511, 268502, 198426, 268528, 268503, 268529, 268530, 286394, 268535, 268534, 268533, 290284, 268532, 268518, 316780, 316781, 316782, 316785","CHIR_IDrecJUkHMhy9wFydai-316783-AKCigna National , CHIR_IDrecLeYx1W3KeMjAbG-286395-AKStandard Plus P, CHIR_IDrec19rlq1vtNSOYbr-136993-AKCigna Advantage, CHIR_IDrecSc9PHbFNuB92wa-268516-AKCigna Total Sav, CHIR_IDrecopGdpAEow8JYII-136991-AKCigna Performan, CHIR_IDrecFKQWY0a58xrntl-268479-AKCigna Specialty, CHIR_IDrecalp2Vf0dSYE8zP-268488-AKCigna Value 4-T, CHIR_IDrecrSc38zq5JJ64ol-198422-AKCigna Legacy (S, CHIR_IDrecSlQXSljxNDjwxP-268477-AKCigna Standard , CHIR_IDrecvhsz05Tb03gEcw-268489-AKCigna Specialty, CHIR_IDrecJd5kD6r5l5kdhh-136990-AKCigna Performan, CHIR_IDrec12S6n89bo0pR1H-268513-AKCigna Legacy (P, CHIR_IDrecl2FUMKjFmSeaLa-151892-AKCigna Standard , CHIR_IDrech1mbeY7bu1smZ5-136992-AKCigna Advantage, CHIR_IDrecQ40lXEB3LnrTmV-268511-AKCigna Legacy (P, CHIR_IDreceJlrorRcUoCUC9-268502-AKCigna Legacy (S, CHIR_IDrecbPqYntfpVpF3T2-198426-AKCigna Value 3-T, CHIR_IDrecuANwgvoPFcpMrm-268528-AKStandard and Pe, CHIR_IDrecLhChQdPINtnJPv-268503-AKCigna Specialty, CHIR_IDrecHL5acZB4MwThLP-268529-AKValue and Advan, CHIR_IDrecIjID5czWzbR1pX-268530-AKLegacy (Standar, CHIR_IDrec9TSEoHzm9YHyfK-286394-AKStandard Plan G, CHIR_IDreccbA3CpSYRKM9Bt-268535-AKStandard Preven, CHIR_IDrecy6gS3Y8oF9iVFd-268534-AKValue and Advan, CHIR_IDreceaPYwYqvhwfdbY-268533-AKLegacy (Standar, CHIR_IDrec9lezhyppiduMS8-290284-AKLegacy Diabetic, CHIR_IDrecz2TOibqNJzGEDX-268532-AKStandard and Pe, CHIR_IDrecRDqVEDerLMP7jF-268518-AKCigna National , CHIR_IDrec69p4dVMkC7nJwK-316780-AKCigna National , CHIR_IDrecbkHlq7SP7Ogt7i-316781-AKCigna National , CHIR_IDrecvcjPMepVksvuhe-316782-AKCigna National , CHIR_IDrecb56e5cJCQ6Hmf5-316785-AKCigna National ",1
Cigna,TN,Individual,68326,,,3
Cigna,TN,Large Group,21811,,,2
Cigna,TN,Self Funded/Employer Sponsored,704349,"302189, 316783, 315730, 199856, 286395, 136993, 268516, 136991, 268479, 268488, 198422, 268477, 268489, 136990, 268513, 151892, 136992, 268511, 268502, 198426, 268528, 268503, 268529, 268530, 286394, 268535, 268534, 268533, 290284, 268532, 268518, 316780, 316781, 316782, 316785","CHIR_IDrecV9Iw8f0i9iPXB0-302189-TNOscar and Cigna, CHIR_IDrecJUkHMhy9wFydai-316783-AKCigna National , CHIR_IDrecIwMlQXmgXLizkc-315730-TNCigna Plus 4-Ti, CHIR_IDrecFuxI7QC0T0swLz-199856-TNCigna Rx Plus 5, CHIR_IDrecLeYx1W3KeMjAbG-286395-AKStandard Plus P, CHIR_IDrec19rlq1vtNSOYbr-136993-AKCigna Advantage, CHIR_IDrecSc9PHbFNuB92wa-268516-AKCigna Total Sav, CHIR_IDrecopGdpAEow8JYII-136991-AKCigna Performan, CHIR_IDrecFKQWY0a58xrntl-268479-AKCigna Specialty, CHIR_IDrecalp2Vf0dSYE8zP-268488-AKCigna Value 4-T, CHIR_IDrecrSc38zq5JJ64ol-198422-AKCigna Legacy (S, CHIR_IDrecSlQXSljxNDjwxP-268477-AKCigna Standard , CHIR_IDrecvhsz05Tb03gEcw-268489-AKCigna Specialty, CHIR_IDrecJd5kD6r5l5kdhh-136990-AKCigna Performan, CHIR_IDrec12S6n89bo0pR1H-268513-AKCigna Legacy (P, CHIR_IDrecl2FUMKjFmSeaLa-151892-AKCigna Standard , CHIR_IDrech1mbeY7bu1smZ5-136992-AKCigna Advantage, CHIR_IDrecQ40lXEB3LnrTmV-268511-AKCigna Legacy (P, CHIR_IDreceJlrorRcUoCUC9-268502-AKCigna Legacy (S, CHIR_IDrecbPqYntfpVpF3T2-198426-AKCigna Value 3-T, CHIR_IDrecuANwgvoPFcpMrm-268528-AKStandard and Pe, CHIR_IDrecLhChQdPINtnJPv-268503-AKCigna Specialty, CHIR_IDrecHL5acZB4MwThLP-268529-AKValue and Advan, CHIR_IDrecIjID5czWzbR1pX-268530-AKLegacy (Standar, CHIR_IDrec9TSEoHzm9YHyfK-286394-AKStandard Plan G, CHIR_IDreccbA3CpSYRKM9Bt-268535-AKStandard Preven, CHIR_IDrecy6gS3Y8oF9iVFd-268534-AKValue and Advan, CHIR_IDreceaPYwYqvhwfdbY-268533-AKLegacy (Standar, CHIR_IDrec9lezhyppiduMS8-290284-AKLegacy Diabetic, CHIR_IDrecz2TOibqNJzGEDX-268532-AKStandard and Pe, CHIR_IDrecRDqVEDerLMP7jF-268518-AKCigna National , CHIR_IDrec69p4dVMkC7nJwK-316780-AKCigna National , CHIR_IDrecbkHlq7SP7Ogt7i-316781-AKCigna National , CHIR_IDrecvcjPMepVksvuhe-316782-AKCigna National , CHIR_IDrecb56e5cJCQ6Hmf5-316785-AKCigna National ",5
Cigna,TX,Individual,65190,,,3
Cigna,TX,Large Group,53251,,,3
Cigna,TX,Self Funded/Employer Sponsored,1173913,"316783, 315719, 315731, 286395, 136993, 268516, 136991, 268479, 268488, 198422, 268477, 268489, 136990, 268513, 151892, 136992, 268511, 268502, 198426, 268528, 268503, 268529, 268530, 286394, 268535, 268534, 268533, 290284, 268532, 268518, 316780, 316781, 316782, 316785","CHIR_IDrecJUkHMhy9wFydai-316783-AKCigna National , CHIR_IDrec897RxDNvGubkQq-315719-TXCigna Plus 5-Ti, CHIR_IDrecprZRTEFB3PlkdA-315731-TXCigna Plus 4-Ti, CHIR_IDrecLeYx1W3KeMjAbG-286395-AKStandard Plus P, CHIR_IDrec19rlq1vtNSOYbr-136993-AKCigna Advantage, CHIR_IDrecSc9PHbFNuB92wa-268516-AKCigna Total Sav, CHIR_IDrecopGdpAEow8JYII-136991-AKCigna Performan, CHIR_IDrecFKQWY0a58xrntl-268479-AKCigna Specialty, CHIR_IDrecalp2Vf0dSYE8zP-268488-AKCigna Value 4-T, CHIR_IDrecrSc38zq5JJ64ol-198422-AKCigna Legacy (S, CHIR_IDrecSlQXSljxNDjwxP-268477-AKCigna Standard , CHIR_IDrecvhsz05Tb03gEcw-268489-AKCigna Specialty, CHIR_IDrecJd5kD6r5l5kdhh-136990-AKCigna Performan, CHIR_IDrec12S6n89bo0pR1H-268513-AKCigna Legacy (P, CHIR_IDrecl2FUMKjFmSeaLa-151892-AKCigna Standard , CHIR_IDrech1mbeY7bu1smZ5-136992-AKCigna Advantage, CHIR_IDrecQ40lXEB3LnrTmV-268511-AKCigna Legacy (P, CHIR_IDreceJlrorRcUoCUC9-268502-AKCigna Legacy (S, CHIR_IDrecbPqYntfpVpF3T2-198426-AKCigna Value 3-T, CHIR_IDrecuANwgvoPFcpMrm-268528-AKStandard and Pe, CHIR_IDrecLhChQdPINtnJPv-268503-AKCigna Specialty, CHIR_IDrecHL5acZB4MwThLP-268529-AKValue and Advan, CHIR_IDrecIjID5czWzbR1pX-268530-AKLegacy (Standar, CHIR_IDrec9TSEoHzm9YHyfK-286394-AKStandard Plan G, CHIR_IDreccbA3CpSYRKM9Bt-268535-AKStandard Preven, CHIR_IDrecy6gS3Y8oF9iVFd-268534-AKValue and Advan, CHIR_IDreceaPYwYqvhwfdbY-268533-AKLegacy (Standar, CHIR_IDrec9lezhyppiduMS8-290284-AKLegacy Diabetic, CHIR_IDrecz2TOibqNJzGEDX-268532-AKStandard and Pe, CHIR_IDrecRDqVEDerLMP7jF-268518-AKCigna National , CHIR_IDrec69p4dVMkC7nJwK-316780-AKCigna National , CHIR_IDrecbkHlq7SP7Ogt7i-316781-AKCigna National , CHIR_IDrecvcjPMepVksvuhe-316782-AKCigna National , CHIR_IDrecb56e5cJCQ6Hmf5-316785-AKCigna National ",5
Cigna,UT,Individual,3396,,,1
Cigna,UT,Large Group,5086,,,1
Cigna,UT,Self Funded/Employer Sponsored,196101,"316783, 286395, 136993, 268516, 136991, 268479, 268488, 198422, 268477, 268489, 136990, 268513, 151892, 136992, 268511, 268502, 198426, 268528, 268503, 268529, 268530, 286394, 268535, 268534, 268533, 290284, 268532, 268518, 316780, 316781, 316782, 316785","CHIR_IDrecJUkHMhy9wFydai-316783-AKCigna National , CHIR_IDrecLeYx1W3KeMjAbG-286395-AKStandard Plus P, CHIR_IDrec19rlq1vtNSOYbr-136993-AKCigna Advantage, CHIR_IDrecSc9PHbFNuB92wa-268516-AKCigna Total Sav, CHIR_IDrecopGdpAEow8JYII-136991-AKCigna Performan, CHIR_IDrecFKQWY0a58xrntl-268479-AKCigna Specialty, CHIR_IDrecalp2Vf0dSYE8zP-268488-AKCigna Value 4-T, CHIR_IDrecrSc38zq5JJ64ol-198422-AKCigna Legacy (S, CHIR_IDrecSlQXSljxNDjwxP-268477-AKCigna Standard , CHIR_IDrecvhsz05Tb03gEcw-268489-AKCigna Specialty, CHIR_IDrecJd5kD6r5l5kdhh-136990-AKCigna Performan, CHIR_IDrec12S6n89bo0pR1H-268513-AKCigna Legacy (P, CHIR_IDrecl2FUMKjFmSeaLa-151892-AKCigna Standard , CHIR_IDrech1mbeY7bu1smZ5-136992-AKCigna Advantage, CHIR_IDrecQ40lXEB3LnrTmV-268511-AKCigna Legacy (P, CHIR_IDreceJlrorRcUoCUC9-268502-AKCigna Legacy (S, CHIR_IDrecbPqYntfpVpF3T2-198426-AKCigna Value 3-T, CHIR_IDrecuANwgvoPFcpMrm-268528-AKStandard and Pe, CHIR_IDrecLhChQdPINtnJPv-268503-AKCigna Specialty, CHIR_IDrecHL5acZB4MwThLP-268529-AKValue and Advan, CHIR_IDrecIjID5czWzbR1pX-268530-AKLegacy (Standar, CHIR_IDrec9TSEoHzm9YHyfK-286394-AKStandard Plan G, CHIR_IDreccbA3CpSYRKM9Bt-268535-AKStandard Preven, CHIR_IDrecy6gS3Y8oF9iVFd-268534-AKValue and Advan, CHIR_IDreceaPYwYqvhwfdbY-268533-AKLegacy (Standar, CHIR_IDrec9lezhyppiduMS8-290284-AKLegacy Diabetic, CHIR_IDrecz2TOibqNJzGEDX-268532-AKStandard and Pe, CHIR_IDrecRDqVEDerLMP7jF-268518-AKCigna National , CHIR_IDrec69p4dVMkC7nJwK-316780-AKCigna National , CHIR_IDrecbkHlq7SP7Ogt7i-316781-AKCigna National , CHIR_IDrecvcjPMepVksvuhe-316782-AKCigna National , CHIR_IDrecb56e5cJCQ6Hmf5-316785-AKCigna National ",4
Cigna,VA,Individual,47220,,,3
Cigna,VA,Large Group,48895,,,3
Cigna,VA,Self Funded/Employer Sponsored,560023,"316783, 199858, 342579, 286395, 136993, 268516, 136991, 268479, 268488, 198422, 268477, 268489, 136990, 268513, 151892, 136992, 268511, 268502, 198426, 268528, 268503, 268529, 268530, 286394, 268535, 268534, 268533, 290284, 268532, 268518, 316780, 316781, 316782, 316785","CHIR_IDrecJUkHMhy9wFydai-316783-AKCigna National , CHIR_IDrecXN4ilDVIJsIlsy-199858-VACigna Rx Premie, CHIR_IDrecABP8O2d7rCsqhL-342579-VACigna HealthCar, CHIR_IDrecLeYx1W3KeMjAbG-286395-AKStandard Plus P, CHIR_IDrec19rlq1vtNSOYbr-136993-AKCigna Advantage, CHIR_IDrecSc9PHbFNuB92wa-268516-AKCigna Total Sav, CHIR_IDrecopGdpAEow8JYII-136991-AKCigna Performan, CHIR_IDrecFKQWY0a58xrntl-268479-AKCigna Specialty, CHIR_IDrecalp2Vf0dSYE8zP-268488-AKCigna Value 4-T, CHIR_IDrecrSc38zq5JJ64ol-198422-AKCigna Legacy (S, CHIR_IDrecSlQXSljxNDjwxP-268477-AKCigna Standard , CHIR_IDrecvhsz05Tb03gEcw-268489-AKCigna Specialty, CHIR_IDrecJd5kD6r5l5kdhh-136990-AKCigna Performan, CHIR_IDrec12S6n89bo0pR1H-268513-AKCigna Legacy (P, CHIR_IDrecl2FUMKjFmSeaLa-151892-AKCigna Standard , CHIR_IDrech1mbeY7bu1smZ5-136992-AKCigna Advantage, CHIR_IDrecQ40lXEB3LnrTmV-268511-AKCigna Legacy (P, CHIR_IDreceJlrorRcUoCUC9-268502-AKCigna Legacy (S, CHIR_IDrecbPqYntfpVpF3T2-198426-AKCigna Value 3-T, CHIR_IDrecuANwgvoPFcpMrm-268528-AKStandard and Pe, CHIR_IDrecLhChQdPINtnJPv-268503-AKCigna Specialty, CHIR_IDrecHL5acZB4MwThLP-268529-AKValue and Advan, CHIR_IDrecIjID5czWzbR1pX-268530-AKLegacy (Standar, CHIR_IDrec9TSEoHzm9YHyfK-286394-AKStandard Plan G, CHIR_IDreccbA3CpSYRKM9Bt-268535-AKStandard Preven, CHIR_IDrecy6gS3Y8oF9iVFd-268534-AKValue and Advan, CHIR_IDreceaPYwYqvhwfdbY-268533-AKLegacy (Standar, CHIR_IDrec9lezhyppiduMS8-290284-AKLegacy Diabetic, CHIR_IDrecz2TOibqNJzGEDX-268532-AKStandard and Pe, CHIR_IDrecRDqVEDerLMP7jF-268518-AKCigna National , CHIR_IDrec69p4dVMkC7nJwK-316780-AKCigna National , CHIR_IDrecbkHlq7SP7Ogt7i-316781-AKCigna National , CHIR_IDrecvcjPMepVksvuhe-316782-AKCigna National , CHIR_IDrecb56e5cJCQ6Hmf5-316785-AKCigna National ",5
Cigna,VT,Large Group,2374,,,1
Cigna,VT,Self Funded/Employer Sponsored,69236,"316783, 286395, 136993, 268516, 136991, 268479, 268488, 198422, 268477, 268489, 136990, 268513, 151892, 136992, 268511, 268502, 198426, 268528, 268503, 268529, 268530, 286394, 268535, 268534, 268533, 290284, 268532, 268518, 316780, 316781, 316782, 316785","CHIR_IDrecJUkHMhy9wFydai-316783-AKCigna National , CHIR_IDrecLeYx1W3KeMjAbG-286395-AKStandard Plus P, CHIR_IDrec19rlq1vtNSOYbr-136993-AKCigna Advantage, CHIR_IDrecSc9PHbFNuB92wa-268516-AKCigna Total Sav, CHIR_IDrecopGdpAEow8JYII-136991-AKCigna Performan, CHIR_IDrecFKQWY0a58xrntl-268479-AKCigna Specialty, CHIR_IDrecalp2Vf0dSYE8zP-268488-AKCigna Value 4-T, CHIR_IDrecrSc38zq5JJ64ol-198422-AKCigna Legacy (S, CHIR_IDrecSlQXSljxNDjwxP-268477-AKCigna Standard , CHIR_IDrecvhsz05Tb03gEcw-268489-AKCigna Specialty, CHIR_IDrecJd5kD6r5l5kdhh-136990-AKCigna Performan, CHIR_IDrec12S6n89bo0pR1H-268513-AKCigna Legacy (P, CHIR_IDrecl2FUMKjFmSeaLa-151892-AKCigna Standard , CHIR_IDrech1mbeY7bu1smZ5-136992-AKCigna Advantage, CHIR_IDrecQ40lXEB3LnrTmV-268511-AKCigna Legacy (P, CHIR_IDreceJlrorRcUoCUC9-268502-AKCigna Legacy (S, CHIR_IDrecbPqYntfpVpF3T2-198426-AKCigna Value 3-T, CHIR_IDrecuANwgvoPFcpMrm-268528-AKStandard and Pe, CHIR_IDrecLhChQdPINtnJPv-268503-AKCigna Specialty, CHIR_IDrecHL5acZB4MwThLP-268529-AKValue and Advan, CHIR_IDrecIjID5czWzbR1pX-268530-AKLegacy (Standar, CHIR_IDrec9TSEoHzm9YHyfK-286394-AKStandard Plan G, CHIR_IDreccbA3CpSYRKM9Bt-268535-AKStandard Preven, CHIR_IDrecy6gS3Y8oF9iVFd-268534-AKValue and Advan, CHIR_IDreceaPYwYqvhwfdbY-268533-AKLegacy (Standar, CHIR_IDrec9lezhyppiduMS8-290284-AKLegacy Diabetic, CHIR_IDrecz2TOibqNJzGEDX-268532-AKStandard and Pe, CHIR_IDrecRDqVEDerLMP7jF-268518-AKCigna National , CHIR_IDrec69p4dVMkC7nJwK-316780-AKCigna National , CHIR_IDrecbkHlq7SP7Ogt7i-316781-AKCigna National , CHIR_IDrecvcjPMepVksvuhe-316782-AKCigna National , CHIR_IDrecb56e5cJCQ6Hmf5-316785-AKCigna National ",3
Cigna,WA,Large Group,4519,,,1
Cigna,WA,Self Funded/Employer Sponsored,262927,"316783, 286395, 136993, 268516, 136991, 268479, 268488, 198422, 268477, 268489, 136990, 268513, 151892, 136992, 268511, 268502, 198426, 268528, 268503, 268529, 268530, 286394, 268535, 268534, 268533, 290284, 268532, 268518, 316780, 316781, 316782, 316785","CHIR_IDrecJUkHMhy9wFydai-316783-AKCigna National , CHIR_IDrecLeYx1W3KeMjAbG-286395-AKStandard Plus P, CHIR_IDrec19rlq1vtNSOYbr-136993-AKCigna Advantage, CHIR_IDrecSc9PHbFNuB92wa-268516-AKCigna Total Sav, CHIR_IDrecopGdpAEow8JYII-136991-AKCigna Performan, CHIR_IDrecFKQWY0a58xrntl-268479-AKCigna Specialty, CHIR_IDrecalp2Vf0dSYE8zP-268488-AKCigna Value 4-T, CHIR_IDrecrSc38zq5JJ64ol-198422-AKCigna Legacy (S, CHIR_IDrecSlQXSljxNDjwxP-268477-AKCigna Standard , CHIR_IDrecvhsz05Tb03gEcw-268489-AKCigna Specialty, CHIR_IDrecJd5kD6r5l5kdhh-136990-AKCigna Performan, CHIR_IDrec12S6n89bo0pR1H-268513-AKCigna Legacy (P, CHIR_IDrecl2FUMKjFmSeaLa-151892-AKCigna Standard , CHIR_IDrech1mbeY7bu1smZ5-136992-AKCigna Advantage, CHIR_IDrecQ40lXEB3LnrTmV-268511-AKCigna Legacy (P, CHIR_IDreceJlrorRcUoCUC9-268502-AKCigna Legacy (S, CHIR_IDrecbPqYntfpVpF3T2-198426-AKCigna Value 3-T, CHIR_IDrecuANwgvoPFcpMrm-268528-AKStandard and Pe, CHIR_IDrecLhChQdPINtnJPv-268503-AKCigna Specialty, CHIR_IDrecHL5acZB4MwThLP-268529-AKValue and Advan, CHIR_IDrecIjID5czWzbR1pX-268530-AKLegacy (Standar, CHIR_IDrec9TSEoHzm9YHyfK-286394-AKStandard Plan G, CHIR_IDreccbA3CpSYRKM9Bt-268535-AKStandard Preven, CHIR_IDrecy6gS3Y8oF9iVFd-268534-AKValue and Advan, CHIR_IDreceaPYwYqvhwfdbY-268533-AKLegacy (Standar, CHIR_IDrec9lezhyppiduMS8-290284-AKLegacy Diabetic, CHIR_IDrecz2TOibqNJzGEDX-268532-AKStandard and Pe, CHIR_IDrecRDqVEDerLMP7jF-268518-AKCigna National , CHIR_IDrec69p4dVMkC7nJwK-316780-AKCigna National , CHIR_IDrecbkHlq7SP7Ogt7i-316781-AKCigna National , CHIR_IDrecvcjPMepVksvuhe-316782-AKCigna National , CHIR_IDrecb56e5cJCQ6Hmf5-316785-AKCigna National ",4
Cigna,WI,Self Funded/Employer Sponsored,97377,"316783, 286395, 136993, 268516, 136991, 268479, 268488, 198422, 268477, 268489, 136990, 268513, 151892, 136992, 268511, 268502, 198426, 268528, 268503, 268529, 268530, 286394, 268535, 268534, 268533, 290284, 268532, 268518, 316780, 316781, 316782, 316785","CHIR_IDrecJUkHMhy9wFydai-316783-AKCigna National , CHIR_IDrecLeYx1W3KeMjAbG-286395-AKStandard Plus P, CHIR_IDrec19rlq1vtNSOYbr-136993-AKCigna Advantage, CHIR_IDrecSc9PHbFNuB92wa-268516-AKCigna Total Sav, CHIR_IDrecopGdpAEow8JYII-136991-AKCigna Performan, CHIR_IDrecFKQWY0a58xrntl-268479-AKCigna Specialty, CHIR_IDrecalp2Vf0dSYE8zP-268488-AKCigna Value 4-T, CHIR_IDrecrSc38zq5JJ64ol-198422-AKCigna Legacy (S, CHIR_IDrecSlQXSljxNDjwxP-268477-AKCigna Standard , CHIR_IDrecvhsz05Tb03gEcw-268489-AKCigna Specialty, CHIR_IDrecJd5kD6r5l5kdhh-136990-AKCigna Performan, CHIR_IDrec12S6n89bo0pR1H-268513-AKCigna Legacy (P, CHIR_IDrecl2FUMKjFmSeaLa-151892-AKCigna Standard , CHIR_IDrech1mbeY7bu1smZ5-136992-AKCigna Advantage, CHIR_IDrecQ40lXEB3LnrTmV-268511-AKCigna Legacy (P, CHIR_IDreceJlrorRcUoCUC9-268502-AKCigna Legacy (S, CHIR_IDrecbPqYntfpVpF3T2-198426-AKCigna Value 3-T, CHIR_IDrecuANwgvoPFcpMrm-268528-AKStandard and Pe, CHIR_IDrecLhChQdPINtnJPv-268503-AKCigna Specialty, CHIR_IDrecHL5acZB4MwThLP-268529-AKValue and Advan, CHIR_IDrecIjID5czWzbR1pX-268530-AKLegacy (Standar, CHIR_IDrec9TSEoHzm9YHyfK-286394-AKStandard Plan G, CHIR_IDreccbA3CpSYRKM9Bt-268535-AKStandard Preven, CHIR_IDrecy6gS3Y8oF9iVFd-268534-AKValue and Advan, CHIR_IDreceaPYwYqvhwfdbY-268533-AKLegacy (Standar, CHIR_IDrec9lezhyppiduMS8-290284-AKLegacy Diabetic, CHIR_IDrecz2TOibqNJzGEDX-268532-AKStandard and Pe, CHIR_IDrecRDqVEDerLMP7jF-268518-AKCigna National , CHIR_IDrec69p4dVMkC7nJwK-316780-AKCigna National , CHIR_IDrecbkHlq7SP7Ogt7i-316781-AKCigna National , CHIR_IDrecvcjPMepVksvuhe-316782-AKCigna National , CHIR_IDrecb56e5cJCQ6Hmf5-316785-AKCigna National ",4
Cigna,WV,Self Funded/Employer Sponsored,68549,"316783, 286395, 136993, 268516, 136991, 268479, 268488, 198422, 268477, 268489, 136990, 268513, 151892, 136992, 268511, 268502, 198426, 268528, 268503, 268529, 268530, 286394, 268535, 268534, 268533, 290284, 268532, 268518, 316780, 316781, 316782, 316785","CHIR_IDrecJUkHMhy9wFydai-316783-AKCigna National , CHIR_IDrecLeYx1W3KeMjAbG-286395-AKStandard Plus P, CHIR_IDrec19rlq1vtNSOYbr-136993-AKCigna Advantage, CHIR_IDrecSc9PHbFNuB92wa-268516-AKCigna Total Sav, CHIR_IDrecopGdpAEow8JYII-136991-AKCigna Performan, CHIR_IDrecFKQWY0a58xrntl-268479-AKCigna Specialty, CHIR_IDrecalp2Vf0dSYE8zP-268488-AKCigna Value 4-T, CHIR_IDrecrSc38zq5JJ64ol-198422-AKCigna Legacy (S, CHIR_IDrecSlQXSljxNDjwxP-268477-AKCigna Standard , CHIR_IDrecvhsz05Tb03gEcw-268489-AKCigna Specialty, CHIR_IDrecJd5kD6r5l5kdhh-136990-AKCigna Performan, CHIR_IDrec12S6n89bo0pR1H-268513-AKCigna Legacy (P, CHIR_IDrecl2FUMKjFmSeaLa-151892-AKCigna Standard , CHIR_IDrech1mbeY7bu1smZ5-136992-AKCigna Advantage, CHIR_IDrecQ40lXEB3LnrTmV-268511-AKCigna Legacy (P, CHIR_IDreceJlrorRcUoCUC9-268502-AKCigna Legacy (S, CHIR_IDrecbPqYntfpVpF3T2-198426-AKCigna Value 3-T, CHIR_IDrecuANwgvoPFcpMrm-268528-AKStandard and Pe, CHIR_IDrecLhChQdPINtnJPv-268503-AKCigna Specialty, CHIR_IDrecHL5acZB4MwThLP-268529-AKValue and Advan, CHIR_IDrecIjID5czWzbR1pX-268530-AKLegacy (Standar, CHIR_IDrec9TSEoHzm9YHyfK-286394-AKStandard Plan G, CHIR_IDreccbA3CpSYRKM9Bt-268535-AKStandard Preven, CHIR_IDrecy6gS3Y8oF9iVFd-268534-AKValue and Advan, CHIR_IDreceaPYwYqvhwfdbY-268533-AKLegacy (Standar, CHIR_IDrec9lezhyppiduMS8-290284-AKLegacy Diabetic, CHIR_IDrecz2TOibqNJzGEDX-268532-AKStandard and Pe, CHIR_IDrecRDqVEDerLMP7jF-268518-AKCigna National , CHIR_IDrec69p4dVMkC7nJwK-316780-AKCigna National , CHIR_IDrecbkHlq7SP7Ogt7i-316781-AKCigna National , CHIR_IDrecvcjPMepVksvuhe-316782-AKCigna National , CHIR_IDrecb56e5cJCQ6Hmf5-316785-AKCigna National ",3
Cigna,WY,Large Group,102,,,1
Cigna,WY,Self Funded/Employer Sponsored,91576,"316783, 286395, 136993, 268516, 136991, 268479, 268488, 198422, 268477, 268489, 136990, 268513, 151892, 136992, 268511, 268502, 198426, 268528, 268503, 268529, 268530, 286394, 268535, 268534, 268533, 290284, 268532, 268518, 316780, 316781, 316782, 316785","CHIR_IDrecJUkHMhy9wFydai-316783-AKCigna National , CHIR_IDrecLeYx1W3KeMjAbG-286395-AKStandard Plus P, CHIR_IDrec19rlq1vtNSOYbr-136993-AKCigna Advantage, CHIR_IDrecSc9PHbFNuB92wa-268516-AKCigna Total Sav, CHIR_IDrecopGdpAEow8JYII-136991-AKCigna Performan, CHIR_IDrecFKQWY0a58xrntl-268479-AKCigna Specialty, CHIR_IDrecalp2Vf0dSYE8zP-268488-AKCigna Value 4-T, CHIR_IDrecrSc38zq5JJ64ol-198422-AKCigna Legacy (S, CHIR_IDrecSlQXSljxNDjwxP-268477-AKCigna Standard , CHIR_IDrecvhsz05Tb03gEcw-268489-AKCigna Specialty, CHIR_IDrecJd5kD6r5l5kdhh-136990-AKCigna Performan, CHIR_IDrec12S6n89bo0pR1H-268513-AKCigna Legacy (P, CHIR_IDrecl2FUMKjFmSeaLa-151892-AKCigna Standard , CHIR_IDrech1mbeY7bu1smZ5-136992-AKCigna Advantage, CHIR_IDrecQ40lXEB3LnrTmV-268511-AKCigna Legacy (P, CHIR_IDreceJlrorRcUoCUC9-268502-AKCigna Legacy (S, CHIR_IDrecbPqYntfpVpF3T2-198426-AKCigna Value 3-T, CHIR_IDrecuANwgvoPFcpMrm-268528-AKStandard and Pe, CHIR_IDrecLhChQdPINtnJPv-268503-AKCigna Specialty, CHIR_IDrecHL5acZB4MwThLP-268529-AKValue and Advan, CHIR_IDrecIjID5czWzbR1pX-268530-AKLegacy (Standar, CHIR_IDrec9TSEoHzm9YHyfK-286394-AKStandard Plan G, CHIR_IDreccbA3CpSYRKM9Bt-268535-AKStandard Preven, CHIR_IDrecy6gS3Y8oF9iVFd-268534-AKValue and Advan, CHIR_IDreceaPYwYqvhwfdbY-268533-AKLegacy (Standar, CHIR_IDrec9lezhyppiduMS8-290284-AKLegacy Diabetic, CHIR_IDrecz2TOibqNJzGEDX-268532-AKStandard and Pe, CHIR_IDrecRDqVEDerLMP7jF-268518-AKCigna National , CHIR_IDrec69p4dVMkC7nJwK-316780-AKCigna National , CHIR_IDrecbkHlq7SP7Ogt7i-316781-AKCigna National , CHIR_IDrecvcjPMepVksvuhe-316782-AKCigna National , CHIR_IDrecb56e5cJCQ6Hmf5-316785-AKCigna National ",3
Florida Blue,FL,Individual,1484479,,,5
Florida Blue,FL,Large Group,664819,,,5
Florida Blue,FL,Self Funded/Employer Sponsored,959979,,,5
Florida Blue,FL,Small Group,144982,,,4
HCSC,IL,Individual,255020,,,4
HCSC,IL,Large Group,1158694,,,5
HCSC,IL,Self Funded/Employer Sponsored,6820127,,,5
HCSC,IL,Small Group,431241,,,5
HCSC,TX,Individual,1443617,,,5
HCSC,TX,Large Group,1196604,,,5
HCSC,TX,Self Funded/Employer Sponsored,6501458,,,5
HCSC,TX,Small Group,442554,,,5
Kaiser Permanente,CA,Individual,811033,,,5
Kaiser Permanente,CA,Large Group,5172259,,,5
Kaiser Permanente,CA,Self Funded/Employer Sponsored,110932,,,4
Kaiser Permanente,CA,Small Group,749309,,,5
Kaiser Permanente,CO,Individual,76683,,,3
Kaiser Permanente,CO,Large Group,233181,,,4
Kaiser Permanente,CO,Self Funded/Employer Sponsored,20776,,,2
Kaiser Permanente,CO,Small Group,44063,,,3
Kaiser Permanente,DC,Individual,2452,,,1
Kaiser Permanente,DC,Large Group,47915,,,3
Kaiser Permanente,DC,Small Group,20012,,,2
Kaiser Permanente,GA,Individual,71167,,,3
Kaiser Permanente,GA,Large Group,155548,,,4
Kaiser Permanente,GA,Self Funded/Employer Sponsored,15313,,,2
Kaiser Permanente,GA,Small Group,20962,,,2
Kaiser Permanente,HI,Individual,15240,,,2
Kaiser Permanente,HI,Large Group,135899,,,4
Kaiser Permanente,HI,Small Group,28979,,,2
Kaiser Permanente,MD,Individual,53283,,,3
Kaiser Permanente,MD,Large Group,93305,,,4
Kaiser Permanente,MD,Small Group,38733,,,3
Kaiser Permanente,OR,Individual,32984,,,2
Kaiser Permanente,OR,Large Group,256234,,,4
Kaiser Permanente,OR,Self Funded/Employer Sponsored,17319,137645,CHIR_IDrecbkwrMwOqsqiMsm-137645-ORMarketplace For,2
Kaiser Permanente,OR,Small Group,23504,,,2
Kaiser Permanente,VA,Individual,36434,,,2
Kaiser Permanente,VA,Large Group,74205,,,3
Kaiser Permanente,VA,Small Group,30901,,,2
Kaiser Permanente,WA,Individual,45423,,,3
Kaiser Permanente,WA,Large Group,319760,,,5
Kaiser Permanente,WA,Self Funded/Employer Sponsored,221164,149898,CHIR_IDrec5KejXXbPSAUPPy-149898-WAMarketplace For,4
Kaiser Permanente,WA,Small Group,25062,,,2
Oscar Health Insurance,AZ,Individual,11690,,,2
Oscar Health Insurance,CO,Individual,2862,,,1
Oscar Health Insurance,FL,Individual,1072468,,,5
Oscar Health Insurance,GA,Individual,451507,,,5
Oscar Health Insurance,IA,Individual,32954,,,2
Oscar Health Insurance,IL,Individual,13520,,,2
Oscar Health Insurance,KS,Individual,15306,,,2
Oscar Health Insurance,MI,Individual,3371,,,1
Oscar Health Insurance,MO,Individual,30476,,,2
Oscar Health Insurance,NC,Individual,6612,,,1
Oscar Health Insurance,NE,Individual,891,,,1
Oscar Health Insurance,NJ,Individual,28401,,,2
Oscar Health Insurance,NJ,Small Group,138,,,1
Oscar Health Insurance,NY,Individual,12378,,,2
Oscar Health Insurance,NY,Small Group,175,,,1
Oscar Health Insurance,OH,Individual,101891,,,4
Oscar Health Insurance,OK,Individual,14946,,,2
Oscar Health Insurance,PA,Individual,2653,,,1
Oscar Health Insurance,TN,Individual,37213,,,2
Oscar Health Insurance,TX,Individual,173318,,,4
Oscar Health Insurance,VA,Individual,232,,,1
United Healthcare,AK,Large Group,8964,,,1
United Healthcare,AK,Self Funded/Employer Sponsored,6661,,,1
United Healthcare,AK,Small Group,1628,,,1
United Healthcare,AL,Self Funded/Employer Sponsored,65204,,,3
United Healthcare,AR,Large Group,38239,,,2
United Healthcare,AR,Self Funded/Employer Sponsored,152417,,,4
United Healthcare,AR,Small Group,21075,,,2
United Healthcare,AZ,Individual,2515,,,1
United Healthcare,AZ,Large Group,739422,,,5
United Healthcare,AZ,Self Funded/Employer Sponsored,968839,,,5
United Healthcare,AZ,Small Group,317036,,,5
United Healthcare,CA,Large Group,563845,,,5
United Healthcare,CA,Self Funded/Employer Sponsored,628980,,,5
United Healthcare,CA,Small Group,153858,,,4
United Healthcare,CO,Individual,65403,,,3
United Healthcare,CO,Large Group,25563,,,2
United Healthcare,CO,Self Funded/Employer Sponsored,541236,,,5
United Healthcare,CO,Small Group,29381,,,2
United Healthcare,CT,Large Group,197189,,,4
United Healthcare,CT,Self Funded/Employer Sponsored,272524,,,4
United Healthcare,CT,Small Group,15858,,,2
United Healthcare,DC,Individual,219,,,1
United Healthcare,DC,Large Group,2829,,,1
United Healthcare,DC,Self Funded/Employer Sponsored,698225,,,5
United Healthcare,DC,Small Group,460,,,1
United Healthcare,DE,Large Group,366,,,1
United Healthcare,DE,Self Funded/Employer Sponsored,14421,,,2
United Healthcare,FL,Individual,32003,,,2
United Healthcare,FL,Large Group,637618,,,5
United Healthcare,FL,Self Funded/Employer Sponsored,629473,,,5
United Healthcare,FL,Small Group,476620,,,5
United Healthcare,GA,Large Group,50049,,,3
United Healthcare,GA,Self Funded/Employer Sponsored,599862,,,5
United Healthcare,GA,Small Group,28015,,,2
United Healthcare,IA,Large Group,14864,,,2
United Healthcare,IA,Small Group,5726,,,1
United Healthcare,ID,Large Group,3277,,,1
United Healthcare,IL,Individual,120252,,,4
United Healthcare,IL,Large Group,426941,,,5
United Healthcare,IL,Self Funded/Employer Sponsored,2153279,,,5
United Healthcare,IL,Small Group,93557,,,4
United Healthcare,IN,Large Group,370594,,,5
United Healthcare,IN,Self Funded/Employer Sponsored,354845,,,5
United Healthcare,IN,Small Group,176040,,,4
United Healthcare,KS,Individual,22345,,,2
United Healthcare,KS,Large Group,100428,,,4
United Healthcare,KS,Self Funded/Employer Sponsored,131635,,,4
United Healthcare,KS,Small Group,56110,,,3
United Healthcare,KY,Individual,2063,,,1
United Healthcare,KY,Large Group,54142,,,3
United Healthcare,KY,Self Funded/Employer Sponsored,188941,,,4
United Healthcare,KY,Small Group,15864,,,2
United Healthcare,LA,Large Group,4527,,,1
United Healthcare,LA,Self Funded/Employer Sponsored,313645,,,4
United Healthcare,MA,Individual,504,,,1
United Healthcare,MA,Large Group,54012,,,3
United Healthcare,MA,Self Funded/Employer Sponsored,229704,,,4
United Healthcare,MA,Small Group,19390,,,2
United Healthcare,MD,Individual,4803,,,1
United Healthcare,MD,Large Group,52135,,,3
United Healthcare,MD,Self Funded/Employer Sponsored,238622,,,4
United Healthcare,MD,Small Group,42551,,,3
United Healthcare,ME,Large Group,877,,,1
United Healthcare,ME,Self Funded/Employer Sponsored,2099,,,1
United Healthcare,MI,Self Funded/Employer Sponsored,224479,,,4
United Healthcare,MN,Self Funded/Employer Sponsored,63,,,1
United Healthcare,MO,Individual,13645,,,2
United Healthcare,MO,Large Group,682725,,,5
United Healthcare,MO,Self Funded/Employer Sponsored,903500,,,5
United Healthcare,MO,Small Group,231170,,,4
United Healthcare,MS,Individual,34517,,,2
United Healthcare,MS,Large Group,947,,,1
United Healthcare,MS,Self Funded/Employer Sponsored,192581,,,4
United Healthcare,MS,Small Group,3276,,,1
United Healthcare,NC,Individual,5849,,,1
United Healthcare,NC,Large Group,43318,,,3
United Healthcare,NC,Self Funded/Employer Sponsored,557447,,,5
United Healthcare,NC,Small Group,31331,,,2
United Healthcare,NE,Individual,49552,,,3
United Healthcare,NE,Self Funded/Employer Sponsored,163782,,,4
United Healthcare,NH,Large Group,6479,,,1
United Healthcare,NH,Small Group,3919,,,1
United Healthcare,NJ,Individual,15328,,,2
United Healthcare,NJ,Large Group,218630,,,4
United Healthcare,NJ,Self Funded/Employer Sponsored,627517,,,5
United Healthcare,NJ,Small Group,52101,,,3
United Healthcare,NM,Large Group,41708,,,3
United Healthcare,NM,Self Funded/Employer Sponsored,59676,,,3
United Healthcare,NM,Small Group,27008,,,2
United Healthcare,NV,Individual,58033,,,3
United Healthcare,NV,Large Group,215064,,,4
United Healthcare,NV,Self Funded/Employer Sponsored,1538202,,,5
United Healthcare,NV,Small Group,62412,,,3
United Healthcare,NY,Large Group,547127,,,5
United Healthcare,NY,Self Funded/Employer Sponsored,2309082,,,5
United Healthcare,NY,Small Group,360498,,,5
United Healthcare,OH,Large Group,6859,,,1
United Healthcare,OH,Self Funded/Employer Sponsored,1017721,,,5
United Healthcare,OH,Small Group,18645,,,2
United Healthcare,OK,Individual,1119,,,1
United Healthcare,OK,Large Group,13506,,,2
United Healthcare,OK,Self Funded/Employer Sponsored,377814,,,5
United Healthcare,OK,Small Group,5216,,,1
United Healthcare,OR,Large Group,31122,,,2
United Healthcare,OR,Self Funded/Employer Sponsored,101577,,,4
United Healthcare,OR,Small Group,7789,,,1
United Healthcare,PA,Individual,32611,,,2
United Healthcare,PA,Large Group,2524,,,1
United Healthcare,PA,Self Funded/Employer Sponsored,503046,,,5
United Healthcare,RI,Large Group,712,,,1
United Healthcare,RI,Self Funded/Employer Sponsored,131528,,,4
United Healthcare,RI,Small Group,166,,,1
United Healthcare,SC,Large Group,19183,,,2
United Healthcare,SC,Self Funded/Employer Sponsored,94502,,,4
United Healthcare,SC,Small Group,12362,,,2
United Healthcare,SD,Large Group,669,,,1
United Healthcare,TN,Individual,17895,,,2
United Healthcare,TN,Large Group,80656,,,3
United Healthcare,TN,Self Funded/Employer Sponsored,10257,,,1
United Healthcare,TN,Small Group,63435,,,3
United Healthcare,TX,Individual,2665,,,1
United Healthcare,TX,Large Group,48091,,,3
United Healthcare,TX,Self Funded/Employer Sponsored,2963830,,,5
United Healthcare,TX,Small Group,16567,,,2
United Healthcare,UT,Large Group,4996,,,1
United Healthcare,UT,Self Funded/Employer Sponsored,244010,,,4
United Healthcare,UT,Small Group,944,,,1
United Healthcare,VA,Individual,15852,,,2
United Healthcare,VA,Large Group,29035,,,2
United Healthcare,VA,Self Funded/Employer Sponsored,508384,,,5
United Healthcare,VA,Small Group,13434,,,2
United Healthcare,WA,Individual,12930,,,2
United Healthcare,WA,Large Group,66799,,,3
United Healthcare,WA,Self Funded/Employer Sponsored,213904,,,4
United Healthcare,WA,Small Group,42696,,,3
United Healthcare,WI,Large Group,21897,,,2
United Healthcare,WI,Self Funded/Employer Sponsored,633334,,,5
United Healthcare,WI,Small Group,27362,,,2
United Healthcare,WV,Self Funded/Employer Sponsored,2440,,,1
United Healthcare,WY,Large Group,24987,,,2
United Healthcare,WY,Self Funded/Employer Sponsored,20467,,,2
United Healthcare,WY,Small Group,9420,,,1
